attempt,event_id,classification,confirmation_observed_seconds
b1-p1-adaptive,infra-smoke-f3bd558e-556c-5962-abea-bd7d0c9d6d07,completed_in_time,4.563000000000102
b1-p1-adaptive,infra-smoke-0161fad5-e58e-5bb5-8376-e8f6576444f5,completed_in_time,4.125
b1-p1-adaptive,infra-smoke-e5e06ea7-c692-5f1a-a46b-58bd7270ef10,completed_in_time,3.625
b1-p1-adaptive,infra-smoke-b4764a0c-1f6b-5817-baaa-96006113a6dc,completed_in_time,3.109000000000151
b1-p1-adaptive,infra-smoke-eb9ef1a8-01d7-515a-aa05-a4decc640115,completed_in_time,2.609000000000151
b1-p1-adaptive,infra-smoke-307f3593-c206-5c80-99cb-a2fd697b9ba3,completed_in_time,2.125
b1-p1-adaptive,infra-smoke-e37bbf3c-0177-54f7-ae1e-0a7575b8c5e8,completed_in_time,1.625
b1-p1-adaptive,infra-smoke-0aae68b6-438f-5836-9e0c-e76f9f0b68a4,completed_in_time,6.234000000000151
b1-p1-adaptive,infra-smoke-7d185dfd-0150-5d00-ba9f-af6eb7ae0053,completed_in_time,5.703999999999951
b1-p1-adaptive,infra-smoke-ff0a6380-e9ac-580d-959b-cc592b9b7dab,completed_in_time,5.1879999999998745
b1-p1-adaptive,infra-smoke-ba3dc3f7-8c16-59f7-8764-4c737ce29bc3,completed_in_time,4.8279999999999745
b1-p1-adaptive,infra-smoke-fa8d4f0e-bc6b-58b0-8262-b7c57b7569e9,completed_in_time,4.3120000000001255
b1-p1-adaptive,infra-smoke-0fab97d9-2831-531f-b12a-2e25e4e73149,completed_in_time,3.813000000000102
b1-p1-adaptive,infra-smoke-f7e17afd-1647-5084-8a7b-e023141311e1,completed_in_time,3.3120000000001255
b1-p1-adaptive,infra-smoke-439126e2-cf93-5989-911e-58dce8b9fb3b,completed_in_time,2.8120000000001255
b1-p1-adaptive,infra-smoke-f70f3ae7-1fd2-50bd-be04-7ad386c283e1,completed_in_time,2.344000000000051
b1-p1-adaptive,infra-smoke-b9ecce2b-d53a-5078-8f5e-17db1611ad55,completed_in_time,1.8279999999999745
b1-p1-adaptive,infra-smoke-a8f2d465-7b37-5b81-8768-26d641e594a6,completed_in_time,6.1400000000001
b1-p1-adaptive,infra-smoke-9652e608-75f3-5f71-a89b-47ecdd5a3aac,completed_in_time,5.891000000000076
b1-p1-adaptive,infra-smoke-923883dc-32ba-5aa9-9bcc-7bb3fc0ee88b,completed_in_time,5.109000000000151
b1-p1-adaptive,infra-smoke-566a7885-606b-573a-85c6-9ccf07c8a5c8,completed_in_time,4.8599999999999
b1-p1-adaptive,infra-smoke-cfb90584-9653-5548-92f2-1a172f0d9380,completed_in_time,4.4220000000000255
b1-p1-adaptive,infra-smoke-6643f6d9-3306-5324-8b3b-3c34562b0243,completed_in_time,3.9370000000001255
b1-p1-adaptive,infra-smoke-dfe2c2f0-18ea-5501-8bca-2890561dde37,completed_in_time,3.4220000000000255
b1-p1-adaptive,infra-smoke-48bf695a-e802-5b49-a296-a0de4dd852d9,completed_in_time,2.905999999999949
b1-p1-adaptive,infra-smoke-5236edd8-6112-55ed-9cd8-cbe3019e0994,completed_in_time,2.4370000000001255
b1-p1-adaptive,infra-smoke-fd725f26-d1a1-5f45-bf9c-3827e596576b,completed_in_time,8.234000000000151
b1-p1-adaptive,infra-smoke-f8080b95-66fc-5160-a50b-401b638fbabb,completed_in_time,7.8120000000001255
b1-p1-adaptive,infra-smoke-cb6c4936-e663-51b9-a45c-1f85f6a23ead,completed_in_time,7.9849999999999
b1-p1-adaptive,infra-smoke-f960a57e-9cfb-52ce-bae2-e2738e899f04,completed_in_time,6.125
b1-p1-adaptive,infra-smoke-7dc0df23-4ad7-557c-9c06-fbc611a3c099,completed_in_time,6.405999999999949
b1-p1-adaptive,infra-smoke-5f17ac9b-f97d-5bdb-901f-e7d39e9dbe79,completed_in_time,6.375
b1-p1-adaptive,infra-smoke-189d4557-3d55-5def-aa16-da914e0108c4,completed_in_time,6.1720000000000255
b1-p1-adaptive,infra-smoke-974b37d8-5b99-5102-8207-c0a03dfc4fbc,completed_in_time,5.8279999999999745
b1-p1-adaptive,infra-smoke-521eda9f-c15b-50a3-bfeb-429e7e6e236a,completed_in_time,6.2650000000001
b1-p1-adaptive,infra-smoke-78cae365-7f0f-5e3f-99a4-8f71b92afd26,completed_in_time,6.406999999999925
b1-p1-adaptive,infra-smoke-0cb0c162-a062-50b9-9436-555883b7f845,completed_in_time,5.655999999999949
b1-p1-adaptive,infra-smoke-1730b4fb-32f5-57ca-a984-a1039a04f808,completed_in_time,6.5779999999999745
b1-p1-adaptive,infra-smoke-b4280738-15c7-52cb-8813-242d0dd8c24b,completed_in_time,6.828999999999951
b1-p1-adaptive,infra-smoke-8bedb7ea-b93a-5a9d-98c6-89dbc793f454,completed_in_time,6.9379999999998745
b1-p1-adaptive,infra-smoke-2e3cdebd-3443-5c85-81e3-265fdef30f56,completed_in_time,6.609000000000151
b1-p1-adaptive,infra-smoke-5992b708-2fd8-5f3c-9c10-7b2da908cb12,completed_in_time,6.0
b1-p1-adaptive,infra-smoke-99c6e9e9-98d5-5e79-bc80-453376c7b40d,completed_in_time,8.75
b1-p1-adaptive,infra-smoke-52e17a34-984b-56ae-80ac-2126353a86e7,completed_in_time,7.8120000000001255
b1-p1-adaptive,infra-smoke-00ee9450-5046-55ee-8eab-905888fa7f4f,completed_in_time,8.406999999999925
b1-p1-adaptive,infra-smoke-c19c6377-6b85-5cd3-a39c-a5853452039a,completed_in_time,7.984000000000151
b1-p1-adaptive,infra-smoke-2ead0035-ea8d-5af7-a0dc-c2395c762439,completed_in_time,9.015999999999849
b1-p1-adaptive,infra-smoke-5298502e-3b91-58cf-a947-2bf4f15cc713,completed_in_time,8.516000000000076
b1-p1-adaptive,infra-smoke-528ea394-35dd-5f6c-8a9c-27c355f32259,completed_in_time,9.07899999999995
b1-p1-adaptive,infra-smoke-4b51a060-6419-5696-8bee-4c78569ba63a,completed_in_time,8.516000000000076
b1-p1-adaptive,infra-smoke-97f7352e-6645-5035-a453-689ed585ade0,completed_in_time,9.062000000000126
b1-p1-adaptive,infra-smoke-ea354820-7375-5288-95e7-b58ec124d81c,completed_in_time,8.781999999999925
b1-p1-adaptive,infra-smoke-a0096c15-488d-539a-b24b-6b5262ec0bcc,completed_in_time,8.125
b1-p1-adaptive,infra-smoke-9d6394f8-b4b9-5d9b-a654-43666399d7cf,completed_in_time,8.452999999999975
b1-p1-adaptive,infra-smoke-acac3a28-4abc-5044-9f90-0305f33f743e,completed_in_time,8.906999999999925
b1-p1-adaptive,infra-smoke-855211af-3353-5122-8084-f1d811c1b309,completed_in_time,9.234000000000151
b1-p1-adaptive,infra-smoke-836c5b4f-e821-52f6-a8b1-d20d77536b32,completed_in_time,9.20399999999995
b1-p1-adaptive,infra-smoke-68bb0463-e9ee-573f-8767-8e657a832b6c,completed_in_time,8.922000000000025
b1-p1-adaptive,infra-smoke-cc211939-61f7-50c2-98c6-9bc0faecaae4,completed_in_time,10.562000000000126
b1-p1-adaptive,infra-smoke-12850d01-bf7f-58b6-b579-834a13107b3d,completed_in_time,10.702999999999975
b1-p1-adaptive,infra-smoke-96093d32-ba39-54ad-bc8a-f6c3d7e84a95,completed_in_time,10.6400000000001
b1-p1-adaptive,infra-smoke-240757bd-51a5-56c5-bff0-d9179a7e5d17,completed_in_time,11.094000000000051
b1-p1-adaptive,infra-smoke-cfe4ec45-aea3-5eff-97d8-3cbd303b9001,completed_in_time,10.797000000000025
b1-p1-adaptive,infra-smoke-f1962619-fe4a-57aa-90e3-175acbc79462,completed_in_time,10.375
b1-p1-adaptive,infra-smoke-ebc8b284-8a9a-55bc-8a7f-41a7f278e6f4,completed_in_time,11.453000000000202
b1-p1-adaptive,infra-smoke-ed0a5e1e-ff4e-5e23-9289-d1ee0a67a20a,completed_in_time,11.2349999999999
b1-p1-adaptive,infra-smoke-8567cf0b-43e7-5dd8-9ae4-d9b167e0dac5,completed_in_time,11.296999999999798
b1-p1-adaptive,infra-smoke-81bedee4-3e4b-50e0-b952-d169805bb7f4,completed_in_time,10.702999999999975
b1-p1-adaptive,infra-smoke-36b4386e-2493-58a0-b989-5695e55a6fb5,completed_in_time,10.655999999999949
b1-p1-adaptive,infra-smoke-f6414817-e32b-5590-9c0d-474b6b5a2c77,completed_in_time,11.390999999999849
b1-p1-adaptive,infra-smoke-09d3145f-5c06-542a-a446-3aab39284876,completed_in_time,11.530999999999949
b1-p1-adaptive,infra-smoke-a5bd3e6b-4386-5da3-abc1-01ae083bbf5e,completed_in_time,10.656000000000176
b1-p1-adaptive,infra-smoke-62e046c7-a598-5a44-8416-fadd55d051f5,completed_in_time,11.875
b1-p1-adaptive,infra-smoke-c2a7779f-447e-5ab8-9be3-4e959ecce086,completed_in_time,11.062000000000126
b1-p1-adaptive,infra-smoke-36b21e1c-cb4d-56ac-99a1-dc8989fcbf47,completed_in_time,12.875
b1-p1-adaptive,infra-smoke-941bb1ed-ff5c-51cb-a836-a1a498b798a6,completed_in_time,12.5
b1-p1-adaptive,infra-smoke-c797d5fc-8a71-5f33-891e-67b3653c3346,completed_in_time,12.562000000000126
b1-p1-adaptive,infra-smoke-67cb99de-e95a-525a-87ef-d7017929e4d8,completed_in_time,12.281999999999925
b1-p1-adaptive,infra-smoke-4892a039-68b9-5773-87dc-46e440d3a83e,completed_in_time,12.812999999999874
b1-p1-adaptive,infra-smoke-cf403ac3-86f8-5688-afea-b50e626f2275,completed_in_time,12.625
b1-p1-adaptive,infra-smoke-5c7f0bca-97a5-5247-b2f3-96d2e5add572,completed_in_time,12.905999999999949
b1-p1-adaptive,infra-smoke-28826c2d-d741-51f3-badb-1a1d01eec025,completed_in_time,12.906999999999925
b1-p1-adaptive,infra-smoke-68c61e3b-ffb7-54a6-9393-c29ceceee5a8,completed_in_time,13.219000000000051
b1-p1-adaptive,infra-smoke-5e1f931c-73b1-5cc0-8cb4-96c1678a49fd,completed_in_time,13.218999999999824
b1-p1-adaptive,infra-smoke-5cb83b9d-35e1-5033-9314-699c44457242,completed_in_time,13.0150000000001
b1-p1-adaptive,infra-smoke-78eb69f9-b50f-5a21-8bef-73203085a324,completed_in_time,12.781000000000176
b1-p1-adaptive,infra-smoke-4151431c-ca0a-5fed-8ef9-f9d419d3cbe7,completed_in_time,13.0
b1-p1-adaptive,infra-smoke-dc5909a2-a79f-5207-8f18-cdc48921ee05,completed_in_time,12.827999999999975
b1-p1-adaptive,infra-smoke-0b503c4d-f668-583c-ba6b-ae9fda2c051b,completed_in_time,13.07899999999995
b1-p1-adaptive,infra-smoke-9ae3cb90-104c-5309-bb3a-4209254d6c69,completed_in_time,13.391000000000076
b1-p1-adaptive,infra-smoke-dfd7f159-5421-51d8-8e03-e2792f601d6b,completed_in_time,13.437999999999874
b1-p1-adaptive,infra-smoke-4efbe3a3-0326-5f90-a71c-583a47112904,completed_in_time,13.219000000000051
b1-p1-adaptive,infra-smoke-e9471ce5-bb05-59c5-a6b5-06fa11fdde7a,completed_in_time,13.32899999999995
b1-p1-adaptive,infra-smoke-7a831d40-d8ec-57c2-b88d-5c0fc3cdf8ea,completed_in_time,13.375
b1-p1-adaptive,infra-smoke-fc5a2797-0afe-5a16-80ec-3361881fa501,completed_in_time,13.297000000000025
b1-p1-adaptive,infra-smoke-fb4b092e-575f-51b1-9f40-213dbb8e3f09,completed_in_time,16.797000000000025
b1-p1-adaptive,infra-smoke-f0169806-63ce-578f-9fd8-7090a91303fb,completed_in_time,15.609000000000151
b1-p1-adaptive,infra-smoke-85094c0c-dc0b-5220-87fd-e30a5f5234d3,completed_in_time,15.797000000000025
b1-p1-adaptive,infra-smoke-a2f4ad95-ba21-5baf-8224-f99f4268cf06,completed_in_time,16.077999999999975
b1-p1-adaptive,infra-smoke-ac7ecfcb-7208-5c38-8d31-0f807fd3b2fa,completed_in_time,15.937000000000126
b1-p1-adaptive,infra-smoke-d710eb31-6ac2-550c-bf5d-ead78b3f43b6,completed_in_time,15.218999999999824
b1-p1-adaptive,infra-smoke-28d58b19-b05c-538f-97c4-3b3bee1b29d7,completed_in_time,15.358999999999924
b1-p1-adaptive,infra-smoke-3936789b-5e95-5a36-abf0-b2ee85e38b22,completed_in_time,15.016000000000076
b1-p1-adaptive,infra-smoke-8d96b4b6-a30e-5728-95ad-92e19ec9153a,completed_in_time,15.5
b1-p1-adaptive,infra-smoke-db4f012e-5e3f-5545-bb26-8b43fa633fd4,completed_in_time,15.233999999999924
b1-p1-adaptive,infra-smoke-bac2d895-2963-5c51-af0f-3ad33632a58a,completed_in_time,15.594000000000051
b1-p1-adaptive,infra-smoke-15cfc0b2-6167-5b9f-9eac-6041af50cd46,completed_in_time,15.702999999999975
b1-p1-adaptive,infra-smoke-4e5ca66d-c3fe-55c0-bd35-9862a13cdba7,completed_in_time,15.280999999999949
b1-p1-adaptive,infra-smoke-4544712d-fd58-5a4e-89bc-20ef93414c71,completed_in_time,15.687999999999874
b1-p1-adaptive,infra-smoke-e68653c4-513f-5c0d-b4ed-2f2a0edcf866,completed_in_time,14.047000000000025
b1-p1-adaptive,infra-smoke-c915ff93-8859-5a95-a511-a8e57fd1bee9,completed_in_time,14.922000000000025
b1-p1-adaptive,infra-smoke-79a6196b-a404-537e-872b-8d024a6e08c6,completed_in_time,18.78099999999995
b1-p1-adaptive,infra-smoke-a8f35176-f94a-5138-9c48-2d9bfcd95651,completed_in_time,17.671999999999798
b1-p1-adaptive,infra-smoke-35e33702-cfcd-50aa-9d9a-eefcbe5176b6,completed_in_time,16.922000000000025
b1-p1-adaptive,infra-smoke-d9c3bfab-6974-5b7b-a83a-7fbbe640f907,completed_in_time,17.625
b1-p1-adaptive,infra-smoke-61bb032b-ea95-55f2-bbe5-abd1bf96eb35,completed_in_time,17.7650000000001
b1-p1-adaptive,infra-smoke-0e7e421a-2d4c-5c62-b96f-0f921c94b9e0,completed_in_time,17.172000000000025
b1-p1-adaptive,infra-smoke-aaa45bff-3b6c-5fb7-bc88-1955aed31e4c,completed_in_time,18.421999999999798
b1-p1-adaptive,infra-smoke-62f88d07-7add-5e91-a333-e908eab750ad,completed_in_time,17.10900000000015
b1-p1-adaptive,infra-smoke-25c5f864-a62b-553e-a745-701e8ae85500,completed_in_time,17.593000000000075
b1-p1-adaptive,infra-smoke-985590ed-da4d-5644-84a8-0308f7479695,completed_in_time,17.48400000000015
b1-p1-adaptive,infra-smoke-27ea0b58-55b7-5b6e-94e3-7c1dc1844a25,completed_in_time,18.0
b1-p1-adaptive,infra-smoke-a8997750-4df0-51bb-a393-b5e393047123,completed_in_time,17.922000000000025
b1-p1-adaptive,infra-smoke-9c2c8146-bae7-572f-8980-10234e093852,completed_in_time,17.5
b1-p1-adaptive,infra-smoke-d47fefbb-160f-5984-bf63-aebe0cfba7c8,completed_in_time,16.625
b1-p1-adaptive,infra-smoke-addc61dc-16a4-5d2c-bc85-429a76713d81,completed_in_time,17.562000000000126
b1-p1-adaptive,infra-smoke-1a75eda3-6daa-5af2-863f-fbe579cc8007,completed_in_time,18.39099999999985
b1-p1-adaptive,infra-smoke-1041c538-77e4-5c57-a983-d66af571fdeb,completed_in_time,18.422000000000025
b1-p1-adaptive,infra-smoke-5acbddfc-487c-5fa8-9c2a-a83ffd75ae97,completed_in_time,19.297000000000025
b1-p1-adaptive,infra-smoke-c18c0a40-9868-55a8-b018-eb557eca6221,completed_in_time,19.09400000000005
b1-p1-adaptive,infra-smoke-77b2fec7-12b0-5344-8ffd-07cac9580727,completed_in_time,18.73400000000015
b1-p1-adaptive,infra-smoke-53939d93-32a8-5c7c-ab11-6a1f989d27d9,completed_in_time,19.60900000000015
b1-p1-adaptive,infra-smoke-2d170926-9e51-58e3-bf9d-616e2bc84a7e,completed_in_time,19.406999999999925
b1-p1-adaptive,infra-smoke-58e7fcfe-cb62-5cd1-b299-c716ec426e61,completed_in_time,19.40599999999995
b1-p1-adaptive,infra-smoke-f7b6ba6f-5a48-5c93-841e-a24830737731,completed_in_time,19.922000000000025
b1-p1-adaptive,infra-smoke-01530415-05d5-50dd-ae17-4074609c8825,completed_in_time,20.406999999999925
b1-p1-adaptive,infra-smoke-82cc07f1-7bd6-56fa-90c6-f7f1db2de637,completed_in_time,19.6099999999999
b1-p1-adaptive,infra-smoke-dc4636c8-0986-55ed-9293-c1004e50fb7a,completed_in_time,19.0150000000001
b1-p1-adaptive,infra-smoke-070b375d-4257-5fa4-832e-3e884a57e777,completed_in_time,19.781000000000176
b1-p1-adaptive,infra-smoke-13a67d4a-1258-5358-869e-e972e933b5a3,completed_in_time,19.812999999999874
b1-p1-adaptive,infra-smoke-9078c4cf-4164-5c8f-9d24-febc3f087e74,completed_in_time,20.375
b1-p1-adaptive,infra-smoke-55c16fad-723c-5d3d-bbf0-4abbc23734ae,completed_in_time,20.375
b1-p1-adaptive,infra-smoke-58daae93-745c-5a2b-a82e-ee8c2bf351d1,completed_in_time,20.39099999999985
b1-p1-adaptive,infra-smoke-658cb237-0438-536c-a1d3-6cd91d66f09a,completed_in_time,20.0150000000001
b1-p1-adaptive,infra-smoke-ec6d6303-2e9c-5672-ba1a-683263fedc65,completed_in_time,20.218999999999824
b1-p1-adaptive,infra-smoke-3fff8677-a25a-5bad-9152-57dbe1fe6540,completed_in_time,20.718999999999824
b1-p1-adaptive,infra-smoke-296cfcbb-a746-5352-9b42-4807013a1292,completed_in_time,21.23400000000015
b1-p1-adaptive,infra-smoke-034663f5-10b9-5bec-886e-06bd517b76e7,completed_in_time,22.828000000000202
b1-p1-adaptive,infra-smoke-7776cc94-e376-5209-996b-9cdd8120272d,completed_in_time,21.391000000000076
b1-p1-adaptive,infra-smoke-34f31c88-2905-5c71-87d6-ab651ba9d001,completed_in_time,21.921999999999798
b1-p1-adaptive,infra-smoke-5f1ce216-ea45-5bfc-b467-5805a41973e8,completed_in_time,21.03099999999995
b1-p1-adaptive,infra-smoke-af68af04-05aa-54c8-9515-0f301468494a,completed_in_time,21.5
b1-p1-adaptive,infra-smoke-951056cf-649b-546c-8c55-0522910955f7,completed_in_time,23.077999999999975
b1-p1-adaptive,infra-smoke-3d009288-4a18-5966-a278-e11e86f25983,completed_in_time,22.811999999999898
b1-p1-adaptive,infra-smoke-377463e0-8df1-517a-aa3e-39af766da364,completed_in_time,21.218000000000075
b1-p1-adaptive,infra-smoke-62a2a897-712a-56f3-a172-af13c01a48a8,completed_in_time,22.09400000000005
b1-p1-adaptive,infra-smoke-b6c45bc3-f781-559e-80ae-41e13197b39c,completed_in_time,23.202999999999975
b1-p1-adaptive,infra-smoke-9d3588b0-2115-548c-98f4-833846062dfd,completed_in_time,22.297000000000025
b1-p1-adaptive,infra-smoke-c67551cd-14e1-55ef-a067-ddb46aab1332,completed_in_time,22.39099999999985
b1-p1-adaptive,infra-smoke-8ca30f60-2761-5ce4-b124-c2e6e699a53d,completed_in_time,22.39099999999985
b1-p1-adaptive,infra-smoke-392190de-6b26-5c0d-a8b7-86a11b0d75b8,completed_in_time,22.077999999999975
b1-p1-adaptive,infra-smoke-e867f188-489f-5038-bd4a-1c0bbc3d27d5,completed_in_time,23.09400000000005
b1-p1-adaptive,infra-smoke-8a9d3bdb-ae2d-5472-8e15-5f696af6a094,completed_in_time,23.812000000000126
b1-p1-adaptive,infra-smoke-ffab0a01-3e68-558b-ac8c-b9e77f7d5038,completed_in_time,24.656999999999925
b1-p1-adaptive,infra-smoke-c2c0a598-6cb1-51cd-aaed-c3d2c8875041,completed_in_time,24.812999999999874
b1-p1-adaptive,infra-smoke-1bf8c285-6b72-5a66-8ec2-107eddd6befd,completed_in_time,23.39099999999985
b1-p1-adaptive,infra-smoke-e2f643f8-d9ac-530c-80f7-f2454135d55e,completed_in_time,23.812999999999874
b1-p1-adaptive,infra-smoke-6aae4ba9-9304-54c4-9d92-22b9c2def359,completed_in_time,22.5150000000001
b1-p1-adaptive,infra-smoke-5db5073c-8479-55ec-ac9d-23ae2feff3a7,completed_in_time,24.10900000000015
b1-p1-adaptive,infra-smoke-e823f568-872f-593d-901a-09146ded9983,completed_in_time,24.797000000000025
b1-p1-adaptive,infra-smoke-743caa8e-7a1b-5cd3-bd4f-edb03edfa05e,completed_in_time,24.108999999999924
b1-p1-adaptive,infra-smoke-ebba629a-39c9-5bc0-be0f-69431f471488,completed_in_time,24.843999999999824
b1-p1-adaptive,infra-smoke-0bd2a415-3976-5083-a732-2f8d0a63850a,completed_in_time,24.14099999999985
b1-p1-adaptive,infra-smoke-23953fac-46a9-5d44-a15e-af1c87412dad,completed_in_time,24.8900000000001
b1-p1-adaptive,infra-smoke-750bdc21-3ab5-5eea-88f3-b936ca3ce663,completed_in_time,25.593999999999824
b1-p1-adaptive,infra-smoke-e1ee8531-8a27-5f50-bd0a-1902ed6086f3,completed_in_time,23.983999999999924
b1-p1-adaptive,infra-smoke-10db8d60-b04e-5af7-8364-c90f9b19f977,completed_in_time,24.01599999999985
b1-p1-adaptive,infra-smoke-597173fb-1d53-53bb-b50a-b9dbe8335c03,completed_in_time,24.906000000000176
b1-p1-adaptive,infra-smoke-4c90eae6-8cc8-5840-a667-1c3b34c815b0,completed_in_time,25.796999999999798
b1-p1-adaptive,infra-smoke-0849397c-cc2a-5dd0-98ac-df6c6cfb123c,completed_in_time,26.3900000000001
b1-p1-adaptive,infra-smoke-bf40d158-250c-514a-a581-e2f25f6bc1ec,completed_in_time,25.78099999999995
b1-p1-adaptive,infra-smoke-de5f0c97-cbe5-5c57-b08a-9f4ca126b073,completed_in_time,26.1400000000001
b1-p1-adaptive,infra-smoke-907070cf-c72d-5b88-81d8-21d5ae89847c,completed_in_time,25.391000000000076
b1-p1-adaptive,infra-smoke-6f94aa91-7e4e-56e9-b5df-e9a165e80cbb,completed_in_time,25.7349999999999
b1-p1-adaptive,infra-smoke-7d60b991-37c3-55a4-bd01-d19e0fc3c724,completed_in_time,26.09400000000005
b1-p1-adaptive,infra-smoke-e5a3ec10-539e-5c0b-82d6-e84a2dff1260,completed_in_time,25.46900000000005
b1-p1-adaptive,infra-smoke-5288d5e7-1e1d-57e7-83d3-95f78d2a99d6,completed_in_time,25.71900000000005
b1-p1-adaptive,infra-smoke-5ea5af57-e184-588e-9685-26ca9c190451,completed_in_time,25.89099999999985
b1-p1-adaptive,infra-smoke-b89aeee6-424b-5135-9787-77ec2c4aebce,completed_in_time,26.608999999999924
b1-p1-adaptive,infra-smoke-e2ef32c2-6c5a-5021-9576-2525aa1975c6,completed_in_time,26.375
b1-p1-adaptive,infra-smoke-eee3e029-d098-591d-b039-b6f5e2ebb923,completed_in_time,27.422000000000025
b1-p1-adaptive,infra-smoke-447fdfaa-0332-5d5c-a6fb-e2c66996778d,completed_in_time,26.10900000000015
b1-p1-adaptive,infra-smoke-fda84df6-18ba-5d99-9d03-8bb3d6e01a56,completed_in_time,27.202999999999975
b1-p1-adaptive,infra-smoke-accc8f78-a580-5920-b5d3-abaf65b0bf67,completed_in_time,27.187999999999874
b1-p1-adaptive,infra-smoke-bcd38b09-ff67-53a2-9732-4f9e4a1e8c20,completed_in_time,27.2349999999999
b1-p1-adaptive,infra-smoke-88943e9b-04b3-576a-bb40-844ab254d981,completed_in_time,27.59400000000005
b1-p1-adaptive,infra-smoke-a55b8fa6-a51e-513d-94e8-7b1b517be036,completed_in_time,28.921999999999798
b1-p1-adaptive,infra-smoke-17f33147-d7bd-5c8d-ac05-66f987ac1a07,completed_in_time,29.718999999999824
b1-p1-adaptive,infra-smoke-6a09fccd-87f2-58db-bd1c-e3399d73a54f,completed_in_time,29.687000000000126
b1-p1-adaptive,infra-smoke-59c142de-c5d3-5396-a03b-1a8a74b2030b,completed_in_time,29.077999999999975
b1-p1-adaptive,infra-smoke-53477104-4cc1-5f74-9f87-8bedd2873784,completed_in_time,28.718000000000075
b1-p1-adaptive,infra-smoke-35d4b2d3-690a-56a3-a89c-b5ce3febf95f,completed_in_time,28.312000000000126
b1-p1-adaptive,infra-smoke-751708eb-e3a1-564a-960f-de874cfb955b,completed_in_time,28.8599999999999
b1-p1-adaptive,infra-smoke-4601c142-ee40-531d-8e17-c2ad60a1f830,completed_in_time,28.7650000000001
b1-p1-adaptive,infra-smoke-977fe0b0-e509-54bb-a51c-0ca889e1fb9e,completed_in_time,30.40599999999995
b1-p1-adaptive,infra-smoke-b3f3affa-2937-5ea5-9a4a-06290a2a816c,completed_in_time,30.0
b1-p1-adaptive,infra-smoke-25203a47-69e4-576d-aa28-2a4bb61fee16,completed_in_time,30.297000000000025
b1-p1-adaptive,infra-smoke-b65e2151-1fc8-5887-8809-82d340496ff6,completed_in_time,29.10900000000015
b1-p1-adaptive,infra-smoke-d0a5e00a-d80c-5873-8843-4bce0cb9220d,completed_in_time,29.5150000000001
b1-p1-adaptive,infra-smoke-cfa0c38c-b844-57e9-85fa-8fedf049090a,completed_in_time,30.983999999999924
b1-p1-adaptive,infra-smoke-76060c88-860e-5c28-bd0a-178cf4d50e82,completed_in_time,30.062999999999874
b1-p1-adaptive,infra-smoke-4a85a1fa-5a20-5306-a537-2a015ac9e36b,completed_in_time,30.14099999999985
b1-p1-adaptive,infra-smoke-d31fce87-2cb5-5708-9ea1-23b6db57f199,completed_in_time,31.563000000000102
b1-p1-adaptive,infra-smoke-61e9d80f-0229-585c-87d8-d636c60bb3ab,completed_in_time,31.172000000000025
b1-p1-adaptive,infra-smoke-6c2cf7cd-d6c5-50d8-b085-d779bbc5422f,completed_in_time,32.0
b1-p1-adaptive,infra-smoke-b6119b01-5f0a-5d4d-92e5-30d96813cc8c,completed_in_time,31.812000000000126
b1-p1-adaptive,infra-smoke-620b15e6-97cc-55e8-a3d8-a2a628b647b2,completed_in_time,31.718000000000075
b1-p1-adaptive,infra-smoke-5fc414a6-fe75-522c-a74d-5170112f1c01,completed_in_time,34.827999999999975
b1-p1-adaptive,infra-smoke-4d96e07d-f937-5fe2-bb14-7a5a80789a0a,completed_in_time,32.172000000000025
b1-p1-adaptive,infra-smoke-1c6ed7c3-2513-5213-a047-bf6fb5e99df3,completed_in_time,32.422000000000025
b1-p1-adaptive,infra-smoke-ffd08a87-1450-5abb-a3ea-cae1e4536153,completed_in_time,32.64099999999985
b1-p1-adaptive,infra-smoke-bd926c13-4b3e-5566-85d9-421785415b48,completed_in_time,33.03099999999995
b1-p1-adaptive,infra-smoke-0ebc6d79-f437-5c87-ae9b-850b5109023c,completed_in_time,32.0
b1-p1-adaptive,infra-smoke-37523211-c97c-5314-afcb-c37e29a82110,completed_in_time,32.406000000000176
b1-p1-adaptive,infra-smoke-242721ab-df54-5c6c-af4b-f433301d9097,completed_in_time,34.093999999999824
b1-p1-adaptive,infra-smoke-6c5ba679-dbe7-5624-a84e-b887c9eba8d6,completed_in_time,32.187999999999874
b1-p1-adaptive,infra-smoke-358c778b-2f13-5b3a-87b9-71c1a95652cb,completed_in_time,32.577999999999975
b1-p1-adaptive,infra-smoke-7850767d-23f5-5c99-bc58-53fcc664961d,completed_in_time,33.98400000000015
b1-p1-adaptive,infra-smoke-6483b4a9-3e8f-5639-bb2e-a7221334ae51,completed_in_time,33.96900000000005
b1-p1-adaptive,infra-smoke-e39af44d-ca74-5cb8-8eca-c36754e713bf,completed_in_time,33.90599999999995
b1-p1-adaptive,infra-smoke-545951f3-e7fb-5551-9983-40b70645cb26,completed_in_time,34.3599999999999
b1-p1-adaptive,infra-smoke-be057506-6542-54cb-8eaa-f75aa1a83026,completed_in_time,33.797000000000025
b1-p1-adaptive,infra-smoke-6aa4189d-ff80-50a1-9670-20c77a85e0c8,completed_in_time,34.125
b1-p1-adaptive,infra-smoke-16689774-c083-5758-a4c5-bbc4f57d41a6,completed_in_time,35.202999999999975
b1-p1-adaptive,infra-smoke-d6136b25-1e50-5c40-98c1-6005a597bba7,completed_in_time,36.797000000000025
b1-p1-adaptive,infra-smoke-ff05de23-e79d-5e9d-be8c-029b4814fd5e,completed_in_time,36.016000000000076
b1-p1-adaptive,infra-smoke-36a2943a-ed68-581c-bbed-b0f8d289a480,completed_in_time,35.9849999999999
b1-p1-adaptive,infra-smoke-c6e2d4e0-64ef-54c9-b845-75c02f920c5e,completed_in_time,36.375
b1-p1-adaptive,infra-smoke-99a8a274-deae-5650-b461-981faa0d2d4f,completed_in_time,36.797000000000025
b1-p1-adaptive,infra-smoke-36af9ad3-a81f-509a-9fb4-cfaf0ee7151a,completed_in_time,35.29600000000005
b1-p1-adaptive,infra-smoke-846221c9-01cd-5674-b115-0d9bff52f940,completed_in_time,37.375
b1-p1-adaptive,infra-smoke-dd80d48f-2042-57f0-a9ca-a0892cb3ca86,completed_in_time,37.687000000000126
b1-p1-adaptive,infra-smoke-225c3c76-b3a0-54d4-92b0-af8d9ee70ea7,completed_in_time,37.125
b1-p1-adaptive,infra-smoke-15fa1c68-9abd-554a-9a30-e35bce3c8ee2,completed_in_time,35.906000000000176
b1-p1-adaptive,infra-smoke-217aba86-3487-50a2-9936-a7767c3ad686,completed_in_time,37.7969999999998
b1-p1-adaptive,infra-smoke-7f09fcb7-a01a-5d56-8dd7-fef08d2650b8,completed_in_time,37.297000000000025
b1-p1-adaptive,infra-smoke-dfafda2b-e90a-5f54-999b-8efe4ec9c059,completed_in_time,36.906000000000176
b1-p1-adaptive,infra-smoke-4c764f74-880f-55aa-9824-7675f2ce4f76,completed_in_time,36.90599999999995
b1-p1-adaptive,infra-smoke-54cf8e81-6a7c-5d4a-8c96-b9bea0533ad7,completed_in_time,38.202999999999975
b1-p1-adaptive,infra-smoke-7b20c119-8b4d-582e-a5a4-42905b86dc31,completed_in_time,38.09400000000005
b1-p1-adaptive,infra-smoke-6567c99d-2933-5e2c-aaa7-5f8deb0dc557,completed_in_time,39.312999999999874
b1-p1-adaptive,infra-smoke-311c1957-3d3b-58aa-8698-66ec254cd4b6,completed_in_time,38.98400000000015
b1-p1-adaptive,infra-smoke-0f0f3490-97fd-5d8b-b866-2f164098a4c2,completed_in_time,38.297000000000025
b1-p1-adaptive,infra-smoke-1e5fe210-a407-5f2d-a4bd-3669e21a61c7,completed_in_time,39.07899999999995
b1-p1-adaptive,infra-smoke-4682f1b8-f4b1-5f6f-9f2c-71a4b245520b,completed_in_time,39.375
b1-p1-adaptive,infra-smoke-93b39ab2-9195-559f-b29f-16c8aa1df307,completed_in_time,39.593999999999824
b1-p1-adaptive,infra-smoke-a1812ef0-53ba-5f62-a691-387b7f1c0d49,completed_in_time,41.187000000000126
b1-p1-adaptive,infra-smoke-56368036-dc32-5b9f-ae55-7cef96903d60,completed_in_time,39.5150000000001
b1-p1-adaptive,infra-smoke-31251f45-de66-5c74-ac2e-0b5d4a1ae288,completed_in_time,40.2349999999999
b1-p1-adaptive,infra-smoke-b086a0d6-01a4-590b-a4fe-b9d5620e1313,completed_in_time,39.656999999999925
b1-p1-adaptive,infra-smoke-7a760a97-6350-5197-9c4f-f023cec79979,completed_in_time,40.0150000000001
b1-p1-adaptive,infra-smoke-b70a490e-da94-5f12-b59f-5c1693a5ea0d,completed_in_time,41.09400000000005
b1-p1-adaptive,infra-smoke-a6e2fa30-2add-59b0-9413-99b22c1f989f,completed_in_time,41.2969999999998
b1-p1-adaptive,infra-smoke-03b4ba4f-d9cc-59b3-8a55-059db7f89d94,completed_in_time,40.718999999999824
b1-p1-adaptive,infra-smoke-7b1326eb-1ca7-5bea-8f1c-e67ebf0eb460,completed_in_time,41.1869999999999
b1-p1-adaptive,infra-smoke-5beaf239-bac9-5401-8926-4c95ef204360,completed_in_time,40.39099999999985
b1-p1-adaptive,infra-smoke-2a049d41-dbcf-5e91-b77a-3cf8aa0baf6e,completed_in_time,41.15599999999995
b1-p1-adaptive,infra-smoke-34cd44b8-c8b9-5dcf-81ad-9ca09acdd0c4,completed_in_time,41.702999999999975
b1-p1-adaptive,infra-smoke-796d987c-5a0b-5afb-8660-7532332de596,completed_in_time,42.40599999999995
b1-p1-adaptive,infra-smoke-0f299e6a-c937-5729-b545-fa8b5892c79f,completed_in_time,43.391000000000076
b1-p1-adaptive,infra-smoke-35df1555-f533-52a7-a140-41fdd3d9dfe9,completed_in_time,43.03099999999995
b1-p1-adaptive,infra-smoke-be639ee7-e10a-5799-bf23-b6c2e648c30c,completed_in_time,42.733999999999924
b1-p1-adaptive,infra-smoke-4ecdad66-e4be-590b-b5ba-a5a5b42d739d,completed_in_time,42.0
b1-p1-adaptive,infra-smoke-fa043fee-132c-5e3f-bdaa-7fef1154f289,completed_in_time,42.483999999999924
b1-p1-adaptive,infra-smoke-520fda9a-22b9-5cfd-b6e3-76c7b85df6e3,completed_in_time,43.64099999999985
b1-p1-adaptive,infra-smoke-c95e1eb2-c532-5dd5-9e98-b62b08ea22e3,completed_in_time,42.312000000000126
b1-p1-adaptive,infra-smoke-979f2475-b4e3-55e5-8fd7-6af27f1803b7,completed_in_time,42.53099999999995
b1-p1-adaptive,infra-smoke-c2143438-908c-5a1e-b57d-1221ab6d911d,completed_in_time,43.20399999999995
b1-p1-adaptive,infra-smoke-f0d66dc2-5e6b-5f09-8a31-28017e18a07d,completed_in_time,43.9219999999998
b1-p1-adaptive,infra-smoke-901570cb-be6b-5d29-8a1f-953c330e5ea8,completed_in_time,44.3900000000001
b1-p1-adaptive,infra-smoke-e6c9dfb3-3ce5-53c2-9c14-a129dd07d2d2,completed_in_time,43.531000000000176
b1-p1-adaptive,infra-smoke-50c094c1-0a2f-57fa-b43f-15642ca493d5,completed_in_time,43.10900000000015
b1-p1-adaptive,infra-smoke-e361d547-a082-51b5-a6ce-69e61a3ba7ca,completed_in_time,44.422000000000025
b1-p1-adaptive,infra-smoke-e96a049c-28f2-5252-a7d9-125ea153f2c6,completed_in_time,44.202999999999975
b1-p1-adaptive,infra-smoke-34726690-8ff5-5932-acd2-b139f006f26c,completed_in_time,45.2349999999999
b1-p1-adaptive,infra-smoke-13226936-4e58-51ee-81df-3fcef10e604e,completed_in_time,44.6099999999999
b1-p1-adaptive,infra-smoke-d59b9e95-a03c-5a5a-90e8-602ec57f7c3e,completed_in_time,44.172000000000025
b1-p1-adaptive,infra-smoke-3836cb72-ffcf-59db-91b3-e97fff835a4c,completed_in_time,44.9849999999999
b1-p1-adaptive,infra-smoke-d3a39aa8-c7f6-5a42-9bc1-4188ad02d322,completed_in_time,45.593999999999824
b1-p1-adaptive,infra-smoke-247d028f-a07d-5e18-847d-ee347546b716,completed_in_time,44.625
b1-p1-adaptive,infra-smoke-e3f424ad-504f-50c4-8587-73fd842bf4f3,completed_in_time,44.687000000000126
b1-p1-adaptive,infra-smoke-119716bc-5944-5250-80f5-13d8ad5aa400,completed_in_time,45.20399999999995
b1-p1-adaptive,infra-smoke-b9d8471f-5ed5-5230-bcf5-80c563be6d9e,completed_in_time,45.1869999999999
b1-p1-adaptive,infra-smoke-796105c5-72f4-59ae-b7f9-f6a9b67d2f85,completed_in_time,45.077999999999975
b1-p1-adaptive,infra-smoke-3a2b037f-458c-5459-9b8c-58af161aad36,completed_in_time,45.312999999999874
b1-p1-adaptive,infra-smoke-9d8c4944-1886-5fe6-b421-4ffd69c4ff67,completed_in_time,45.3130000000001
b1-p1-adaptive,infra-smoke-a223e18e-6fdb-5fdb-bcbf-e8b8eeffea49,completed_in_time,45.172000000000025
b1-p1-adaptive,infra-smoke-d36a1239-26ec-57a3-9ad8-b7a4466b5a09,completed_in_time,45.71900000000005
b1-p1-adaptive,infra-smoke-da3f7898-147b-5812-a74c-2d65096ab2d8,completed_in_time,45.6099999999999
b1-p1-adaptive,infra-smoke-0991271e-8643-5ec4-aa30-8db56d01bd92,completed_in_time,45.327999999999975
b1-p1-adaptive,infra-smoke-da7953b8-e9f7-5c7b-a9c5-d290508748b6,completed_in_time,45.2650000000001
b1-p1-adaptive,infra-smoke-b3e1019c-2451-54cc-a3e3-210f233083df,completed_in_time,45.6099999999999
b1-p1-adaptive,infra-smoke-f1041531-3bfa-5314-b6ee-2c92d4a8049a,completed_in_time,45.608999999999924
b1-p1-adaptive,infra-smoke-d75c8c50-9303-52ab-aa05-997d778fff11,completed_in_time,45.577999999999975
b1-p1-adaptive,infra-smoke-803ee682-c8bb-5809-83db-fdea45fd2011,completed_in_time,45.625
b1-p1-adaptive,infra-smoke-64d14059-8796-512b-89f5-1efa406d3829,completed_in_time,45.6099999999999
b1-p1-adaptive,infra-smoke-5f65fc76-eeff-5747-a45a-b6bcc8a6ed81,completed_in_time,45.6099999999999
b1-p1-adaptive,infra-smoke-5af44d8b-4c91-55d6-a482-20480d6bf1e2,completed_in_time,45.60900000000015
b1-p1-adaptive,infra-smoke-2adb2f2c-a091-5290-a37f-74c1b202059f,completed_in_time,47.2349999999999
b1-p1-adaptive,infra-smoke-d82aecb9-5464-52b0-af9f-a44c0caeba8e,completed_in_time,47.077999999999975
b1-p1-adaptive,infra-smoke-75a42c2c-ceab-57c1-9ac6-776e438d1549,completed_in_time,46.875
b1-p1-adaptive,infra-smoke-6ede819c-003a-5acd-b6c3-5f504d3c4bee,completed_in_time,47.23400000000015
b1-p1-adaptive,infra-smoke-15f4da6a-bb03-5e53-b745-f4c36b805e81,completed_in_time,47.10900000000015
b1-p1-adaptive,infra-smoke-09b0bcae-c771-585a-b6b4-f0bbe5c3b33a,completed_in_time,46.733999999999924
b1-p1-adaptive,infra-smoke-ce4fb9b1-8134-5128-8343-25094d8e8e53,completed_in_time,46.797000000000025
b1-p1-adaptive,infra-smoke-57824e4c-9957-58bb-8b55-4b4c0a424697,completed_in_time,47.187999999999874
b1-p1-adaptive,infra-smoke-46a1c13f-1829-5164-b85d-fac5f9bdd9fd,completed_in_time,46.625
b1-p1-adaptive,infra-smoke-4857a05e-4bfe-5e5d-8505-2463fca89fd1,completed_in_time,46.59400000000005
b1-p1-adaptive,infra-smoke-644fd4bc-5196-57ee-bcde-a26b5d4d161a,completed_in_time,46.8900000000001
b1-p1-adaptive,infra-smoke-20b2a67e-6ce5-5455-9a01-4c860d99f200,completed_in_time,46.593999999999824
b1-p1-adaptive,infra-smoke-0d57ef72-2349-5bfa-938c-6e8250cf3636,completed_in_time,46.5
b1-p1-adaptive,infra-smoke-025835b9-ea18-5dda-9398-a164bc084cb0,completed_in_time,46.093999999999824
b1-p1-adaptive,infra-smoke-f4d41c6a-de67-5eb7-be85-2262070c58c7,completed_in_time,46.172000000000025
b1-p1-adaptive,infra-smoke-ee0f04d3-a4da-5cc0-9b98-77b51b235a12,completed_in_time,45.062999999999874
b1-p1-adaptive,infra-smoke-d661d15e-2013-5563-a235-2df5c0736543,completed_in_time,47.187999999999874
b1-p1-adaptive,infra-smoke-e6bebfb5-4703-545f-bb2f-0617cf1628f9,completed_in_time,47.187999999999874
b1-p1-adaptive,infra-smoke-1c20bcd4-e653-5ea5-8560-79425999bc2c,completed_in_time,47.218999999999824
b1-p1-adaptive,infra-smoke-9ff64fd4-c00c-5a5f-ac84-61b4307a655a,completed_in_time,47.233999999999924
b1-p1-adaptive,infra-smoke-37853b82-548d-53ec-9ad3-3dc719fa10fe,completed_in_time,46.937999999999874
b1-p1-adaptive,infra-smoke-604059f7-2b5a-5de7-b86c-cbd2b89e4b0f,completed_in_time,47.5780000000002
b1-p1-adaptive,infra-smoke-2ad3eacf-2fe4-55d9-95cc-e3f411a736d6,completed_in_time,46.766000000000076
b1-p1-adaptive,infra-smoke-8891b8b5-769c-5843-97aa-b91636944a89,completed_in_time,47.108999999999924
b1-p1-adaptive,infra-smoke-4e25fd5b-95fd-509f-94fd-5e69a71d8154,completed_in_time,45.59400000000005
b1-p1-adaptive,infra-smoke-6acef44d-b6f3-5673-aac5-f6699b8034e1,completed_in_time,46.702999999999975
b1-p1-adaptive,infra-smoke-4f1e90a6-1051-5d9a-89dd-dee75ecc837c,completed_in_time,47.09400000000005
b1-p1-adaptive,infra-smoke-9df47457-1e42-5b76-8550-53223414d2e8,completed_in_time,46.687999999999874
b1-p1-adaptive,infra-smoke-c84dfe25-3c3a-571b-9567-32a18169ad46,completed_in_time,46.7650000000001
b1-p1-adaptive,infra-smoke-c5a729f1-9d20-5a37-b0fa-5dea32490a45,completed_in_time,46.562999999999874
b1-p1-adaptive,infra-smoke-4f00cbf2-e909-5c76-a608-eeaacc527e7f,completed_in_time,46.687000000000126
b1-p1-adaptive,infra-smoke-41a200ef-51c4-5e19-a23b-7de618e7617d,completed_in_time,46.906000000000176
b1-p1-adaptive,infra-smoke-aeee59c5-c01e-5f73-8c3b-f98e80095491,completed_in_time,47.187000000000126
b1-p1-adaptive,infra-smoke-5bd582ce-87f7-56fb-b86c-68021ca399cb,completed_in_time,47.6099999999999
b1-p1-adaptive,infra-smoke-c5ee0c60-9850-5ea7-8330-fe563c7c09fc,completed_in_time,47.2349999999999
b1-p1-adaptive,infra-smoke-8e078175-01fe-574a-a8cb-785c831ee649,completed_in_time,47.093000000000075
b1-p1-adaptive,infra-smoke-38494f29-585b-54d2-bcac-e5217ca5ec42,completed_in_time,47.108999999999924
b1-p1-adaptive,infra-smoke-c4c4fdef-c6f6-5685-9aa5-c2088b57c59e,completed_in_time,47.281000000000176
b1-p1-adaptive,infra-smoke-c1f599ba-9a6b-5db1-ace6-36dd11ed16f9,completed_in_time,46.968000000000075
b1-p1-adaptive,infra-smoke-2e56c0bc-d324-54a5-b484-cc5a625cadb3,completed_in_time,47.406999999999925
b1-p1-adaptive,infra-smoke-9f1d09be-152c-5a6a-9b21-1136960685f1,completed_in_time,47.73400000000015
b1-p1-adaptive,infra-smoke-b599eaff-747d-52db-844e-ccee9a560b83,completed_in_time,47.21900000000005
b1-p1-adaptive,infra-smoke-8c655ade-a522-5d5a-8d67-0d599cbd64f1,completed_in_time,47.48400000000015
b1-p1-adaptive,infra-smoke-1b608bfb-d6b9-5493-b734-6395bc3670b0,completed_in_time,47.48400000000015
b1-p1-adaptive,infra-smoke-4a757169-a581-5eb3-9fd7-5c7bbf77b5f9,completed_in_time,47.7969999999998
b1-p1-adaptive,infra-smoke-70649310-7868-5662-8058-b0126c824ef8,completed_in_time,47.406000000000176
b1-p1-adaptive,infra-smoke-b6278f88-686b-5c22-b5cf-fbca2d05aaf2,completed_in_time,47.3599999999999
b1-p1-adaptive,infra-smoke-2a0da794-782f-53f9-924a-d159742954ce,completed_in_time,47.39099999999985
b1-p1-adaptive,infra-smoke-0a659bd4-b1c2-5664-890c-9da584e79b07,completed_in_time,47.5780000000002
b1-p1-adaptive,infra-smoke-0f788ccd-ef8b-5a63-be70-6a3c4184a7dc,completed_in_time,48.187000000000126
b1-p1-adaptive,infra-smoke-e866789e-a767-59f9-ae50-32ebdf27a4ca,completed_in_time,48.1880000000001
b1-p1-adaptive,infra-smoke-35499b9d-1dfb-50ef-ad00-d7e591589ade,completed_in_time,47.922000000000025
b1-p1-adaptive,infra-smoke-1531baf5-c324-52cf-a642-dd8697fe0e75,completed_in_time,47.9849999999999
b1-p1-adaptive,infra-smoke-0c9f6c89-ac05-592b-91d7-1f51aac38227,completed_in_time,48.39099999999985
b1-p1-adaptive,infra-smoke-2328a285-01f5-53d9-bd04-e38b0ad9baf2,completed_in_time,48.672000000000025
b1-p1-adaptive,infra-smoke-6bfb4742-e623-5e1f-973c-cd3503fb4599,completed_in_time,48.71900000000005
b1-p1-adaptive,infra-smoke-eb69b6aa-eb72-58f4-a2a2-04daf0173327,completed_in_time,48.29600000000005
b1-p1-adaptive,infra-smoke-3c367cb6-5f1b-560b-a2bd-6ea8e8602c0e,completed_in_time,48.5
b1-p1-adaptive,infra-smoke-90cb07a6-556d-5298-aa75-2db426cb780a,completed_in_time,48.28099999999995
b1-p1-adaptive,infra-smoke-9f1d0d6d-03b5-525a-8779-68358ba7b4b4,completed_in_time,48.76599999999985
b1-p1-adaptive,infra-smoke-768d4bf0-999e-5988-b1f4-05260f02b81f,completed_in_time,49.1099999999999
b1-p1-adaptive,infra-smoke-092cebff-4448-5629-ae1f-f7b3fe662a52,completed_in_time,48.577999999999975
b1-p1-adaptive,infra-smoke-0f955712-e96d-54ef-9c8d-1ba87697fd7f,completed_in_time,48.3900000000001
b1-p1-adaptive,infra-smoke-8f1ed06a-41f3-520c-94bd-94e1f5f6cb26,completed_in_time,48.71900000000005
b1-p1-adaptive,infra-smoke-8e5203ee-48d4-51d7-88d4-4795dd63e3f8,completed_in_time,49.01599999999985
b1-p1-adaptive,infra-smoke-100daf23-9801-5665-8664-cac77ae1b26f,completed_in_time,49.21900000000005
b1-p1-adaptive,infra-smoke-4162f571-ad73-56f0-99a6-5e8d5c3e9c32,completed_in_time,49.312000000000126
b1-p1-adaptive,infra-smoke-3c5131c5-59e6-59c9-9832-8810f38eb773,completed_in_time,49.10900000000015
b1-p1-adaptive,infra-smoke-a32fec76-63df-50cc-9681-3b3a8b431c09,completed_in_time,49.531000000000176
b1-p1-adaptive,infra-smoke-7221ae5a-fbd7-5b31-af21-5f3871d88a39,completed_in_time,50.0150000000001
b1-p1-adaptive,infra-smoke-9a8bd2d4-1909-54e7-a8f2-1949403b907e,completed_in_time,49.5
b1-p1-adaptive,infra-smoke-9c24c56e-aa45-5dfb-8550-6d6fcdc7bbf5,completed_in_time,49.21900000000005
b1-p1-adaptive,infra-smoke-acb2fd7b-6783-53ac-8a03-88e3d57b8d82,completed_in_time,49.687000000000126
b1-p1-adaptive,infra-smoke-e54ad64e-9b61-5ebb-af9c-9e30fb4938ce,completed_in_time,48.875
b1-p1-adaptive,infra-smoke-6252ae37-28f0-59e7-8fb2-747df19bd8fb,completed_in_time,49.327999999999975
b1-p1-adaptive,infra-smoke-c2f3ad3e-fa16-5319-b4ad-13c451d9345d,completed_in_time,49.312999999999874
b1-p1-adaptive,infra-smoke-4409aad9-3146-59e7-849a-361bbb9194cc,completed_in_time,49.187999999999874
b1-p1-adaptive,infra-smoke-86a1bf98-b45e-5a33-852a-695d5c76ace5,completed_in_time,49.4849999999999
b1-p1-adaptive,infra-smoke-a6075b80-87b1-59d6-8171-16b3522de863,completed_in_time,49.60900000000015
b1-p1-adaptive,infra-smoke-59ebca73-d341-566a-9405-00cacfb5043a,completed_in_time,49.4219999999998
b1-p1-adaptive,infra-smoke-6cdbedda-bb92-5302-a391-9cfc612dee3d,completed_in_time,49.827999999999975
b1-p1-adaptive,infra-smoke-8adb5ab9-c77e-5032-ae89-301a82860cbb,completed_in_time,49.90599999999995
b1-p1-adaptive,infra-smoke-acefff10-143f-51a9-af81-373fc93ec76a,completed_in_time,50.108999999999924
b1-p1-adaptive,infra-smoke-1909a194-5e20-5e73-82ca-8991add35c3d,completed_in_time,50.5
b1-p1-adaptive,infra-smoke-b2ae53e2-0530-5b42-a5aa-c22ba842e8ad,completed_in_time,50.031999999999925
b1-p1-adaptive,infra-smoke-0d174fdb-fa3c-5a81-8f11-03de04a93afa,completed_in_time,49.797000000000025
b1-p1-adaptive,infra-smoke-a5ecca55-3d1b-5e13-8040-999ba196257e,completed_in_time,50.062000000000126
b1-p1-adaptive,infra-smoke-09cd3e65-f91d-5bac-9a1e-006737b56b47,completed_in_time,49.983999999999924
b1-p1-adaptive,infra-smoke-6642238f-4ea8-51d1-ac76-96b9fea878ac,completed_in_time,49.9369999999999
b1-p1-adaptive,infra-smoke-2f073a0c-34e4-590f-819f-bd1434e16d77,completed_in_time,49.827999999999975
b1-p1-adaptive,infra-smoke-3d02331c-2663-5750-9b3d-ea84cd472fce,completed_in_time,50.625
b1-p1-adaptive,infra-smoke-d6a059c5-765d-54d3-a1be-8f7ca8d34017,completed_in_time,49.922000000000025
b1-p1-adaptive,infra-smoke-640e86df-6710-5e69-94d7-f62e4ff53948,completed_in_time,50.28099999999995
b1-p1-adaptive,infra-smoke-6fe5cafc-0432-54df-8406-47c4871fe918,completed_in_time,49.906000000000176
b1-p1-adaptive,infra-smoke-714fe423-ca30-5c58-a3f4-9233a53a970a,completed_in_time,49.937000000000126
b1-p1-adaptive,infra-smoke-e8a00697-ed9d-5542-bfb2-432561b53c1c,completed_in_time,49.625
b1-p1-adaptive,infra-smoke-18495a5f-dffa-56a4-a170-238b49062319,completed_in_time,50.593999999999824
b1-p1-adaptive,infra-smoke-f4e693b0-54b5-5d35-8e95-86b8297cae2c,completed_in_time,50.59400000000005
b1-p1-adaptive,infra-smoke-95514840-67dd-52a9-b9f6-018ba1783d0c,completed_in_time,50.90599999999995
b1-p1-adaptive,infra-smoke-7d3eddd4-2a42-5d82-969a-e997e119660d,completed_in_time,50.98400000000015
b1-p1-adaptive,infra-smoke-8086127f-7f1d-5cc1-870a-bd8a47390d34,completed_in_time,50.562000000000126
b1-p1-adaptive,infra-smoke-eb59f2a0-efed-57b9-b76c-b4db4fc27982,completed_in_time,51.687999999999874
b1-p1-adaptive,infra-smoke-4df14f6c-aa6d-519f-9678-baecd6177893,completed_in_time,51.327999999999975
b1-p1-adaptive,infra-smoke-e60f1c02-c8aa-5777-a9d6-c7a31ea0e6a0,completed_in_time,50.70399999999995
b1-p1-adaptive,infra-smoke-89d7b99b-1e9a-57a4-ae91-8fffadce30e6,completed_in_time,50.812999999999874
b1-p1-adaptive,infra-smoke-c93860d5-8116-5c45-a292-08cf0aa7e567,completed_in_time,50.78099999999995
b1-p1-adaptive,infra-smoke-7d85ec69-9e66-546a-bf92-b9d9bd7e3549,completed_in_time,50.187999999999874
b1-p1-adaptive,infra-smoke-ad6ff86d-76e9-51bd-a91a-36b2cb1f6919,completed_in_time,50.78099999999995
b1-p1-adaptive,infra-smoke-6115e55b-e920-56ef-b044-ce1e8666e56e,completed_in_time,50.797000000000025
b1-p1-adaptive,infra-smoke-3120d801-3eb8-5335-b7ff-df8d4255ca2f,completed_in_time,50.9849999999999
b1-p1-adaptive,infra-smoke-d40c0d85-a466-50a3-b03b-949ef581b9ff,completed_in_time,50.858999999999924
b1-p1-adaptive,infra-smoke-7dffa69a-dc81-5758-a244-ac1ddf8faa82,completed_in_time,51.297000000000025
b1-p1-adaptive,infra-smoke-4e5d6fb9-4ff9-534c-bf4f-6d8ce648560c,completed_in_time,51.03099999999995
b1-p1-adaptive,infra-smoke-536f2587-4f63-57b4-bba3-8c4d437acffb,completed_in_time,51.218000000000075
b1-p1-adaptive,infra-smoke-af619706-79f9-580a-9756-af4ec8c810fc,completed_in_time,51.672000000000025
b1-p1-adaptive,infra-smoke-3557a53a-65e3-54b2-b322-a897ba17c5de,completed_in_time,51.35900000000015
b1-p1-adaptive,infra-smoke-af270716-86e4-59ef-9a70-995d4ba0f201,completed_in_time,51.312000000000126
b1-p1-adaptive,infra-smoke-2cded73b-2926-50b5-9f6a-125592451226,completed_in_time,51.5
b1-p1-adaptive,infra-smoke-601e9d77-f255-59f8-adf5-f9ed06539a2d,completed_in_time,51.437999999999874
b1-p1-adaptive,infra-smoke-bdac6aea-758e-59f4-8a30-57e15385f9fb,completed_in_time,51.281999999999925
b1-p1-adaptive,infra-smoke-900ee36d-f12e-5771-a93b-553f0beeacce,completed_in_time,51.71900000000005
b1-p1-adaptive,infra-smoke-0f24453c-3a6d-51c8-b378-6a9b0892b9ad,completed_in_time,51.10900000000015
b1-p1-adaptive,infra-smoke-340f0960-472d-5cd2-a85f-e28e34bf717e,completed_in_time,51.327999999999975
b1-p1-adaptive,infra-smoke-fa0c21fd-0db7-5ff0-a58a-dc653fea1586,completed_in_time,51.406000000000176
b1-p1-adaptive,infra-smoke-285f5006-4ddf-567b-a665-d262a7fb767a,completed_in_time,51.625
b1-p1-adaptive,infra-smoke-49cf8077-b374-5581-b3d2-9f111aa2703d,completed_in_time,51.375
b1-p1-adaptive,infra-smoke-f12bf75f-b105-5f38-a982-9240fefef826,completed_in_time,51.718999999999824
b1-p1-adaptive,infra-smoke-fe5c0e39-b66b-5b77-91e4-f9eba6076275,completed_in_time,51.5150000000001
b1-p1-adaptive,infra-smoke-a97a0720-b7b6-5009-b6d9-887fc52e616d,completed_in_time,51.702999999999975
b1-p1-adaptive,infra-smoke-c48ed426-332f-5012-87f2-a19cae96889d,completed_in_time,51.702999999999975
b1-p1-adaptive,infra-smoke-97bbed02-1118-5175-9590-34ad03f15ad5,completed_in_time,52.01599999999985
b1-p1-adaptive,infra-smoke-7944df4d-832a-52b5-ace0-b4502e49f867,completed_in_time,52.09400000000005
b1-p1-adaptive,infra-smoke-597ae903-fe40-545f-9fb4-beb24c7f7ede,completed_in_time,51.702999999999975
b1-p1-adaptive,infra-smoke-30eccdae-f753-5e6a-ad07-e906557597a7,completed_in_time,52.10900000000015
b1-p1-adaptive,infra-smoke-7203f12c-2298-5598-8762-e360fbe4ad96,completed_in_time,52.01599999999985
b1-p1-adaptive,infra-smoke-9027e86e-feaf-55dd-b82c-44ee8f374099,completed_in_time,51.406999999999925
b1-p1-adaptive,infra-smoke-d3494c01-bcf8-583a-83ef-e922b658c02c,completed_in_time,52.0150000000001
b1-p1-adaptive,infra-smoke-9f8f0e7b-9518-510b-a60a-05713d4820cb,completed_in_time,51.92100000000005
b1-p1-adaptive,infra-smoke-5e968f70-6ea1-5705-8eff-c56e7a223642,completed_in_time,52.10900000000015
b1-p1-adaptive,infra-smoke-bee56432-8e68-545b-89ef-bc1e191ff357,completed_in_time,52.031000000000176
b1-p1-adaptive,infra-smoke-93a25e44-459f-5571-b5cb-0323a36132a8,completed_in_time,52.2969999999998
b1-p1-adaptive,infra-smoke-8383c6f9-b1dc-5f97-a360-0755a51b10d7,completed_in_time,52.218999999999824
b1-p1-adaptive,infra-smoke-c0714dab-bb61-55e0-a12a-f3ce08ae6c94,completed_in_time,51.2349999999999
b1-p1-adaptive,infra-smoke-28460b2a-6bd2-582a-9277-89e4cce82eda,completed_in_time,52.0
b1-p1-adaptive,infra-smoke-d3349868-750b-5ffe-ab3d-46ae37dd5d31,completed_in_time,52.4849999999999
b1-p1-adaptive,infra-smoke-39c4be8e-1d98-5853-8706-fdb7d38d41cd,completed_in_time,52.40599999999995
b1-p1-adaptive,infra-smoke-173e9782-7b5d-5500-8183-102bea5add85,completed_in_time,52.5
b1-p1-adaptive,infra-smoke-93051031-e08b-5d16-b18f-b05784ade15d,completed_in_time,52.672000000000025
b1-p1-adaptive,infra-smoke-677b147b-bd55-5c98-8976-d0fe78537c7f,completed_in_time,53.10900000000015
b1-p1-adaptive,infra-smoke-54ac1ee1-1a19-5998-a50b-53fee12974a8,completed_in_time,52.391000000000076
b1-p1-adaptive,infra-smoke-407b4255-af0f-5e7a-819e-b8515d5702b7,completed_in_time,52.5
b1-p1-adaptive,infra-smoke-f7a8bb99-cc61-5f40-9048-55427cd9ca76,completed_in_time,53.0
b1-p1-adaptive,infra-smoke-b38f2889-3445-5859-9b36-9fb9db14a77b,completed_in_time,52.6400000000001
b1-p1-adaptive,infra-smoke-da21a823-9d21-55bf-81b3-f6978d56957a,completed_in_time,52.687999999999874
b1-p1-adaptive,infra-smoke-f99a5510-ad59-5a9c-be6e-c177c96ae83c,completed_in_time,53.0
b1-p1-adaptive,infra-smoke-818d0de5-0d10-56fe-bdaf-cdc5ff4573c6,completed_in_time,53.1099999999999
b1-p1-adaptive,infra-smoke-7390f878-fe27-552d-ba97-1f66d0e57dd2,completed_in_time,52.8599999999999
b1-p1-adaptive,infra-smoke-ca4c5cda-50bb-5203-8ca6-4c09393b3620,completed_in_time,52.593999999999824
b1-p1-adaptive,infra-smoke-76e6b7a6-f63f-53b0-9b5d-2554deeef112,completed_in_time,52.422000000000025
b1-p1-adaptive,infra-smoke-ab2774d2-90b3-5b96-94df-3d4a25d39f0c,completed_in_time,53.108999999999924
b1-p1-adaptive,infra-smoke-52cec26d-71b2-50bf-9fae-83dfb4fdb32f,completed_in_time,53.125
b1-p1-adaptive,infra-smoke-d021bd79-d44b-5179-8a83-8f41e456d5b6,completed_in_time,52.827999999999975
b1-p1-adaptive,infra-smoke-ea2a1028-f73d-5955-9863-22640a4c034c,completed_in_time,53.125
b1-p1-adaptive,infra-smoke-d58232fe-fc3e-5e41-9612-23ac8d7fc5c8,completed_in_time,53.28099999999995
b1-p1-adaptive,infra-smoke-c71020e7-853d-527e-be16-64b67078e710,completed_in_time,53.687000000000126
b1-p1-adaptive,infra-smoke-f26de28a-6689-59be-b08b-a7951a286313,completed_in_time,53.10900000000015
b1-p1-adaptive,infra-smoke-787cea0c-80e7-5f9f-830d-7cd178184da4,completed_in_time,53.09400000000005
b1-p1-adaptive,infra-smoke-6032b78b-7446-5205-9c92-afc97aebd3bd,completed_in_time,53.625
b1-p1-adaptive,infra-smoke-c64648fe-5411-54f7-8d0c-bb02170769b4,completed_in_time,53.5
b1-p1-adaptive,infra-smoke-cfd4c823-92c5-52bc-bc18-6ebef2bdbcff,completed_in_time,53.10900000000015
b1-p1-adaptive,infra-smoke-b379f156-935a-526e-9d57-58f253b46ef1,completed_in_time,53.343000000000075
b1-p1-adaptive,infra-smoke-5db8d082-e544-52bc-ac64-f4956b659287,completed_in_time,53.29600000000005
b1-p1-adaptive,infra-smoke-a4fe4ecb-fe77-507c-a267-8512ea8ed6eb,completed_in_time,53.89099999999985
b1-p1-adaptive,infra-smoke-69d68408-51d1-58ca-a231-17530edefdc8,completed_in_time,53.375
b1-p1-adaptive,infra-smoke-0d65c59b-976c-5074-bce4-8932db34280e,completed_in_time,53.3599999999999
b1-p1-adaptive,infra-smoke-66531945-486c-592b-8ce4-517a0723079a,completed_in_time,53.452999999999975
b1-p1-adaptive,infra-smoke-ca3ca1f2-8c6d-50db-ad56-524aa1f14b01,completed_in_time,53.702999999999975
b1-p1-adaptive,infra-smoke-795e4f5b-5574-5a34-9cc4-bd59516cc00c,completed_in_time,53.781000000000176
b1-p1-adaptive,infra-smoke-3d957315-5f43-58ca-8673-ba9ee93eb3b0,completed_in_time,53.78099999999995
b1-p1-adaptive,infra-smoke-c42558a3-5a54-5176-864d-6ef51d33fb18,completed_in_time,52.983999999999924
b1-p1-adaptive,infra-smoke-6b3843a4-5b91-56c9-ba58-c37c40770b8d,completed_in_time,53.672000000000025
b1-p1-adaptive,infra-smoke-e94fc140-6bb1-5d6b-9fb3-01bbcea18320,completed_in_time,53.59400000000005
b1-p1-adaptive,infra-smoke-118cccc7-874e-5d90-b4f7-e73000b65c0d,completed_in_time,53.608999999999924
b1-p1-adaptive,infra-smoke-382d7a8a-5fae-5813-b2b8-5ad45e05c27e,completed_in_time,53.6400000000001
b1-p1-adaptive,infra-smoke-b3ade55c-10f4-5a20-826a-e697d114240a,completed_in_time,53.59400000000005
b1-p1-adaptive,infra-smoke-94dc9043-7ca4-5767-a842-240f00706599,completed_in_time,53.98400000000015
b1-p1-adaptive,infra-smoke-5047c03d-7ae6-5dfb-8761-9b3745cbc6ea,completed_in_time,54.48400000000015
b1-p1-adaptive,infra-smoke-dea7ff5a-f40c-5a71-9570-59025f17a12c,completed_in_time,54.218999999999824
b1-p1-adaptive,infra-smoke-65973168-33f4-5626-8cb9-aad4cee5177e,completed_in_time,54.422000000000025
b1-p1-adaptive,infra-smoke-d2a77c84-c16b-5264-9a44-1d15e4b981d8,completed_in_time,54.60900000000015
b1-p1-adaptive,infra-smoke-55426901-11af-5bce-a91d-f787209b0c69,completed_in_time,53.375
b1-p1-adaptive,infra-smoke-14001932-9f90-5f95-81c6-d46d27ac7297,completed_in_time,53.812999999999874
b1-p1-adaptive,infra-smoke-53333ed1-b358-5ca8-96da-08a8e8ba2ec7,completed_in_time,54.09400000000005
b1-p1-adaptive,infra-smoke-87497d14-ba7e-55b3-998e-db12672aaf1a,completed_in_time,54.1880000000001
b1-p1-adaptive,infra-smoke-b2ea1829-b69e-5743-9233-6d6fe01429d7,completed_in_time,54.90599999999995
b1-p1-adaptive,infra-smoke-dac26140-eea2-524b-9b00-fc9e9042b83d,completed_in_time,54.702999999999975
b1-p1-adaptive,infra-smoke-703542ab-b978-5e62-a00a-7d8810242e1f,completed_in_time,54.281999999999925
b1-p1-adaptive,infra-smoke-3644e4e8-58cd-5fb4-960a-9dc19ec69566,completed_in_time,54.702999999999975
b1-p1-adaptive,infra-smoke-f61b516b-081f-511c-81f1-b166f91334f5,completed_in_time,54.187999999999874
b1-p1-adaptive,infra-smoke-d9816b24-bbdf-5159-a9c7-9fee7576d4a8,completed_in_time,54.187000000000126
b1-p1-adaptive,infra-smoke-f256960a-3349-5b09-85b0-9bde5ac06ea6,completed_in_time,54.42100000000005
b1-p1-adaptive,infra-smoke-5fcea130-e2ef-5167-a3b8-9bcbd831519b,completed_in_time,54.51599999999985
b1-p1-adaptive,infra-smoke-9d28766e-627e-5c32-8a05-acd697844542,completed_in_time,54.89099999999985
b1-p1-adaptive,infra-smoke-6ced9af0-2133-57e9-b405-293a9280e0a1,completed_in_time,54.28099999999995
b1-p1-adaptive,infra-smoke-980b99fe-724c-511c-957e-2c342847b406,completed_in_time,54.4849999999999
b1-p1-adaptive,infra-smoke-3a0ddb8f-9ac8-5925-aefa-c57706b8810b,completed_in_time,54.297000000000025
b1-p1-adaptive,infra-smoke-a6f14890-fc95-5979-a76c-c46cf56d5208,completed_in_time,54.3900000000001
b1-p1-adaptive,infra-smoke-5c1cb3f3-7181-5c73-86c8-010d0d0613ec,completed_in_time,54.437000000000126
b1-p1-adaptive,infra-smoke-724a627f-314f-5eef-963f-fa97ef66cc07,completed_in_time,54.718999999999824
b1-p1-adaptive,infra-smoke-ec084184-8f38-578a-9ae0-409e31f1eac5,completed_in_time,54.3900000000001
b1-p1-adaptive,infra-smoke-91bdf1ed-7a4e-577e-8a8d-ffaa71ef2d77,completed_in_time,54.8900000000001
b1-p1-adaptive,infra-smoke-d4a97600-f295-5a13-872d-6870b03fa5aa,completed_in_time,53.8900000000001
b1-p1-adaptive,infra-smoke-30f9b24a-9be9-5074-82f9-2cea2fcbb264,completed_in_time,54.577999999999975
b1-p1-adaptive,infra-smoke-7646ba52-d2a0-5d99-9bf0-6b0cdc128763,completed_in_time,54.1099999999999
b1-p1-adaptive,infra-smoke-569b14c4-15d5-5644-885a-2cd9c80520b6,completed_in_time,54.562999999999874
b1-p1-adaptive,infra-smoke-484a7bea-dc74-5d72-8e7b-fa06e4d8013f,completed_in_time,54.9849999999999
b1-p1-adaptive,infra-smoke-1caf3c98-6bc2-5138-9e02-c48defb16813,completed_in_time,54.96900000000005
b1-p1-adaptive,infra-smoke-1861a80f-28a3-5bc3-bf1d-7a0e61c2119e,completed_in_time,54.812999999999874
b1-p1-adaptive,infra-smoke-515b6c80-c62e-5173-9294-9eebc251e445,completed_in_time,55.062000000000126
b1-p1-adaptive,infra-smoke-9af513fe-ab21-5a22-9d62-6f2d087a0369,completed_in_time,54.8599999999999
b1-p1-adaptive,infra-smoke-c54f9be1-b982-509b-9428-a26e09833636,completed_in_time,55.21900000000005
b1-p1-adaptive,infra-smoke-07ed6b43-0ecd-57d6-afbc-12353d9cda15,completed_in_time,54.6869999999999
b1-p1-adaptive,infra-smoke-bf39600e-c8cd-5bc9-88b0-6f1361949ae3,completed_in_time,54.983999999999924
b1-p1-adaptive,infra-smoke-5dff665f-9d75-59f1-9447-2ce4b409e9aa,completed_in_time,54.797000000000025
b1-p1-adaptive,infra-smoke-8d0db453-4fdf-5f8d-b1cf-cffd067d46e8,completed_in_time,54.90599999999995
b1-p1-adaptive,infra-smoke-e9c0053e-eaae-52cb-a596-2693955b82ca,completed_in_time,55.625
b1-p1-adaptive,infra-smoke-d7546477-8ddd-57e7-8273-f5444cac233e,completed_in_time,55.26599999999985
b1-p1-adaptive,infra-smoke-db85a681-69ab-5c3f-b1ca-6549ae199376,completed_in_time,55.28099999999995
b1-p1-adaptive,infra-smoke-b2a419f1-f88d-53b0-a1cd-19b843ded609,completed_in_time,55.093999999999824
b1-p1-adaptive,infra-smoke-027c4175-2352-5b56-b693-5b4ac9c6357b,completed_in_time,54.297000000000025
b1-p1-adaptive,infra-smoke-60768528-6025-5614-8733-b1b29e092cbc,completed_in_time,54.2349999999999
b1-p1-adaptive,infra-smoke-d5f4104e-4f11-5ec0-a187-5a9885a2a972,completed_in_time,55.797000000000025
b1-p1-adaptive,infra-smoke-a797eaa4-8449-519d-96b9-2306bad96b0b,completed_in_time,54.812999999999874
b1-p1-adaptive,infra-smoke-05e6f714-3e4d-5f76-bd7a-aca151d0cbb4,completed_in_time,55.78099999999995
b1-p1-adaptive,infra-smoke-6c407c77-561f-5004-9403-4d6a67e7a83a,completed_in_time,55.21900000000005
b1-p1-adaptive,infra-smoke-9446b1ef-fb51-5926-9a80-1f1f7cda0e40,completed_in_time,55.577999999999975
b1-p1-adaptive,infra-smoke-197abbd9-2664-54ad-b85f-35281fa7e6cc,completed_in_time,55.562999999999874
b1-p1-adaptive,infra-smoke-03300954-3d04-5d69-9d08-c1a81e19abfb,completed_in_time,55.7650000000001
b1-p1-adaptive,infra-smoke-c1cbb9c3-e7e1-51e0-b118-fe60c6e8e375,completed_in_time,55.7030000000002
b1-p1-adaptive,infra-smoke-0ca5712c-a9b5-55df-becb-29ae89824c27,completed_in_time,55.5
b1-p1-adaptive,infra-smoke-ce8f12b1-331e-5cc3-82cb-393d1d1e8a99,completed_in_time,55.5
b1-p1-adaptive,infra-smoke-0a369eb1-8e4f-568f-8956-d646dd85314c,completed_in_time,55.625
b1-p1-adaptive,infra-smoke-7ea44411-4191-5caa-8b32-4f387ca9e90b,completed_in_time,55.79600000000005
b1-p1-adaptive,infra-smoke-3b3c5f9b-4212-5af3-8cfc-37ed3932a27a,completed_in_time,55.577999999999975
b1-p1-adaptive,infra-smoke-25ccf302-293c-5c1c-8e9a-61d96fec1a2e,completed_in_time,55.733999999999924
b1-p1-adaptive,infra-smoke-60b2a654-8d7e-525e-850b-cb6df01101d5,completed_in_time,55.797000000000025
b1-p1-adaptive,infra-smoke-80ecbe4e-ce8b-515e-9550-e8d767831660,completed_in_time,56.125
b1-p1-adaptive,infra-smoke-1e0cc1f8-2393-5b52-bad7-9bd3f5b19220,completed_in_time,55.983999999999924
b1-p1-adaptive,infra-smoke-d8a1527d-571b-59e8-a6f3-8505d361ae7d,completed_in_time,56.5
b1-p1-adaptive,infra-smoke-259572d2-191d-5bf0-b03c-9045900a28fd,completed_in_time,55.812000000000126
b1-p1-adaptive,infra-smoke-f85bbec4-a822-5791-a7b4-d9d575c97ba6,completed_in_time,56.422000000000025
b1-p1-adaptive,infra-smoke-f263ef38-de53-5d10-8a0a-cab41af1737f,completed_in_time,56.1099999999999
b1-p1-adaptive,infra-smoke-e0d24735-c315-51af-b3a5-6050330b0629,completed_in_time,56.28099999999995
b1-p1-adaptive,infra-smoke-ea40242e-c097-50e1-a562-8f53501fed24,completed_in_time,55.9219999999998
b1-p1-adaptive,infra-smoke-53017504-fa6a-5cc8-bb63-8775b4c2163f,completed_in_time,56.406999999999925
b1-p1-adaptive,infra-smoke-3179e75e-0995-5a6f-b9c7-7990f0ca80f5,completed_in_time,56.125
b1-p1-adaptive,infra-smoke-b3b39443-00dd-5dff-b36e-17cf07b2454f,completed_in_time,56.3599999999999
b1-p1-adaptive,infra-smoke-f5432e7f-c717-5f83-aec6-8d7600d202ca,completed_in_time,56.108999999999924
b1-p1-adaptive,infra-smoke-4b806b41-de0d-5044-ad7d-7823632765ca,completed_in_time,56.125
b1-p1-adaptive,infra-smoke-98d931d6-8225-55a8-af19-112f96a240fc,completed_in_time,56.21900000000005
b1-p1-adaptive,infra-smoke-b49f79eb-753c-5c19-9c4b-a4ec1bc3be6c,completed_in_time,56.5630000000001
b1-p1-adaptive,infra-smoke-15f31689-44c4-525c-817c-eab406f34be8,completed_in_time,56.48400000000015
b1-p1-adaptive,infra-smoke-853f5376-4469-5ad0-bb03-ff383c278d1f,completed_in_time,57.09400000000005
b1-p1-adaptive,infra-smoke-5566df42-77df-5651-a5af-06d26815b67f,completed_in_time,56.625
b1-p1-adaptive,infra-smoke-ac649c06-2a2a-53dc-b6e1-931ac37e3bc4,completed_in_time,56.733999999999924
b1-p1-adaptive,infra-smoke-c07b3b97-de8b-5665-9372-6e6bc995d842,completed_in_time,56.4849999999999
b1-p1-adaptive,infra-smoke-dd71bbf8-ab28-5d5d-aaff-993a4418a6b5,completed_in_time,56.812999999999874
b1-p1-adaptive,infra-smoke-c1f6dd13-5dc1-51b4-b968-35f79c3aa767,completed_in_time,56.906000000000176
b1-p1-adaptive,infra-smoke-6b138d66-b74c-545a-a533-6f0acc392c9b,completed_in_time,56.812000000000126
b1-p1-adaptive,infra-smoke-09d9dd83-4618-57ec-8b93-3941e7b6a6d1,completed_in_time,57.03099999999995
b1-p1-adaptive,infra-smoke-02db39e4-f83b-5e82-803d-b2351d9aa117,completed_in_time,56.781000000000176
b1-p1-adaptive,infra-smoke-5f60cf5e-fbf9-57b6-95c0-7bf2080f76be,completed_in_time,57.281999999999925
b1-p1-adaptive,infra-smoke-c64165ab-97fc-5849-9dc9-379d95fd502b,completed_in_time,57.125
b1-p1-adaptive,infra-smoke-d2d2dc8d-c244-5e2d-8de0-e2d3f08c7a43,completed_in_time,57.202999999999975
b1-p1-adaptive,infra-smoke-6d7041a5-c715-5c98-b66f-2b5bc3ad6f1d,completed_in_time,57.60900000000015
b1-p1-adaptive,infra-smoke-db43414b-c0ef-5121-a569-61fba1c38c86,completed_in_time,57.0
b1-p1-adaptive,infra-smoke-5d0891f0-347f-533a-9eaa-0e9412ea06d4,completed_in_time,57.5150000000001
b1-p1-adaptive,infra-smoke-fde90982-b2af-57ab-8720-d9f0e2b60be0,completed_in_time,57.187999999999874
b1-p1-adaptive,infra-smoke-1563e3df-91a6-5eab-a9b2-7b8a8ee60bf0,completed_in_time,57.172000000000025
b1-p1-adaptive,infra-smoke-d255cf41-4785-5b00-8c87-5db5df80a64a,completed_in_time,57.297000000000025
b1-p1-adaptive,infra-smoke-5fc2be1f-c418-5acc-b181-cf7f204658e0,completed_in_time,57.59400000000005
b1-p1-adaptive,infra-smoke-713c91ca-ccfd-5ca1-9161-78fc6815e42c,completed_in_time,57.3119999999999
b1-p1-adaptive,infra-smoke-e5f4af47-6244-577d-9f08-4ace679a6bed,completed_in_time,58.0
b1-p1-adaptive,infra-smoke-78c48b16-b8cd-58ac-be4e-ecf0ea9fe9e0,completed_in_time,57.391000000000076
b1-p1-adaptive,infra-smoke-3c2f21d0-5fdb-5499-9d44-0bab9a3ee434,completed_in_time,57.21900000000005
b1-p1-adaptive,infra-smoke-77455e69-a87f-5094-83c8-5afb78505e8a,completed_in_time,57.202999999999975
b1-p1-adaptive,infra-smoke-ea29c7fb-3dc0-5f15-a096-45f310fcaa77,completed_in_time,57.577999999999975
b1-p1-adaptive,infra-smoke-cfa4a03b-3865-5725-83ab-448fad2447d1,completed_in_time,57.625
b1-p1-adaptive,infra-smoke-286f4355-ad40-58ae-96e9-b9cf39261920,completed_in_time,57.562000000000126
b1-p1-adaptive,infra-smoke-292115b0-92e4-5301-9c73-ad48b5a53848,completed_in_time,57.54600000000005
b1-p1-adaptive,infra-smoke-9fd605ae-338e-53a2-abb4-1c5df0879872,completed_in_time,57.687000000000126
b1-p1-adaptive,infra-smoke-9c535d66-44b7-5255-8dcb-b25f4afee932,completed_in_time,57.125
b1-p1-adaptive,infra-smoke-a2d1b6e0-2f2c-5a2a-8a31-770a4c7e10ca,completed_in_time,57.797000000000025
b1-p1-adaptive,infra-smoke-53678805-c144-57e7-92db-86a1f9da547a,completed_in_time,57.59400000000005
b1-p1-adaptive,infra-smoke-b66aca73-d5e0-5846-bb55-0f4b02a1dcb1,completed_in_time,57.391000000000076
b1-p1-adaptive,infra-smoke-3f7734bc-203b-52b0-9b78-1d1e8719ddfb,completed_in_time,58.577999999999975
b1-p1-adaptive,infra-smoke-16ba656c-1921-549b-abdc-981d96ac0497,completed_in_time,58.09400000000005
b1-p1-adaptive,infra-smoke-62783341-37e4-5b25-8d49-105454f5fd0e,completed_in_time,57.875
b1-p1-adaptive,infra-smoke-f361f38f-eb45-554e-a953-90024cb19064,completed_in_time,57.797000000000025
b1-p1-adaptive,infra-smoke-9c2f6245-a652-51af-a8b9-1e7b8d62527e,completed_in_time,57.59400000000005
b1-p1-adaptive,infra-smoke-8220a25b-e0c7-5adc-92bc-93c71d942f55,completed_in_time,58.077999999999975
b1-p1-adaptive,infra-smoke-3c6ce6e7-2781-51d3-bfb6-3b746dcb2fae,completed_in_time,57.608999999999924
b1-p1-adaptive,infra-smoke-cc5d3d26-6f19-5fd4-89f8-cd5e8b324c95,completed_in_time,58.09400000000005
b1-p1-adaptive,infra-smoke-46e22706-e3ce-5891-9f13-77781a06d91a,completed_in_time,56.718999999999824
b1-p1-adaptive,infra-smoke-23ef2a8b-0009-5ba0-96b6-454e092f2a47,completed_in_time,58.0780000000002
b1-p1-adaptive,infra-smoke-633dbf6c-80d6-5c67-8322-76702aed2ff7,completed_in_time,58.343000000000075
b1-p1-adaptive,infra-smoke-bc568246-bc06-57eb-bcfa-aecb9ba852e4,completed_in_time,58.09400000000005
b1-p1-adaptive,infra-smoke-68339698-e00f-5024-80b8-9b558d13f371,completed_in_time,57.797000000000025
b1-p1-adaptive,infra-smoke-5a4a212f-2f5f-5a4e-a00d-422add04fd3f,completed_in_time,58.281999999999925
b1-p1-adaptive,infra-smoke-b5922a1a-769e-5b5b-93e6-316455445a55,completed_in_time,58.21900000000005
b1-p1-adaptive,infra-smoke-75ca60e8-7a93-5622-89f3-eb4062ec9f9a,completed_in_time,58.5
b1-p1-adaptive,infra-smoke-790b3b65-4148-52a6-9677-64485a097a81,completed_in_time,58.21900000000005
b1-p1-adaptive,infra-smoke-77f49df6-2fd6-54c7-be9b-4b4e3108aa59,completed_in_time,58.4369999999999
b1-p1-adaptive,infra-smoke-92c587ca-f850-502d-9d1a-478d90c75124,completed_in_time,58.672000000000025
b1-p1-adaptive,infra-smoke-88873f24-9c8c-5b13-b5c3-5edb2b2d1311,completed_in_time,59.0
b1-p1-adaptive,infra-smoke-cebf0a22-09e0-5f7e-9439-2e3cb738bfb2,completed_in_time,58.875
b1-p1-adaptive,infra-smoke-3347149b-cfff-54c7-a7e8-72c6a3b8b5b9,completed_in_time,58.577999999999975
b1-p1-adaptive,infra-smoke-978da31a-aac3-5422-aec0-51fc3659fd1f,completed_in_time,58.922000000000025
b1-p1-adaptive,infra-smoke-8fe39711-4767-521d-9703-624b170c711f,completed_in_time,58.577999999999975
b1-p1-adaptive,infra-smoke-e4ef9da7-e5fa-59e5-b8a1-ae7e1cde8744,completed_in_time,58.40599999999995
b1-p1-adaptive,infra-smoke-746e03df-88e9-57ea-97c8-bc6d0b32b69d,completed_in_time,58.702999999999975
b1-p1-adaptive,infra-smoke-8a856b80-65bf-5a52-ba52-832b560d4d10,completed_in_time,58.891000000000076
b1-p1-adaptive,infra-smoke-f63d18db-5dd5-564e-a1ff-2b737caa3fd9,completed_in_time,59.108999999999924
b1-p1-adaptive,infra-smoke-9245f19d-b661-5a79-a72c-5eb89d66f8bf,completed_in_time,58.812000000000126
b1-p1-adaptive,infra-smoke-0bed4771-e5c2-52d7-9bb6-d956c7dbb36f,completed_in_time,59.0
b1-p1-adaptive,infra-smoke-40c820a3-d45e-5cd3-b7f2-21f8998af0e0,completed_in_time,58.797000000000025
b1-p1-adaptive,infra-smoke-775cb232-e76d-557a-bc52-cc563e4b97e6,completed_in_time,58.687999999999874
b1-p1-adaptive,infra-smoke-91bc1868-06c1-5340-bbcf-f1f83c1a3230,completed_in_time,58.593000000000075
b1-p1-adaptive,infra-smoke-b0822423-8950-555d-b3cb-9ce8a1550459,completed_in_time,58.702999999999975
b1-p1-adaptive,infra-smoke-73bfb102-49e6-5347-88fe-60049f1b2f28,completed_in_time,59.09400000000005
b1-p1-adaptive,infra-smoke-69b750ea-672d-5bfc-924c-a55daa062630,completed_in_time,59.297000000000025
b1-p1-adaptive,infra-smoke-73c54275-8a1f-5a98-ac8a-3974e965095b,completed_in_time,58.875
b1-p1-adaptive,infra-smoke-6e2e81de-05bb-5582-b211-c0244153b6c3,completed_in_time,58.8900000000001
b1-p1-adaptive,infra-smoke-82a305e7-3d4a-5876-a79b-d950269e6dc2,completed_in_time,59.202999999999975
b1-p1-adaptive,infra-smoke-26360f54-b152-5aae-a329-3503a18db043,completed_in_time,58.625
b1-p1-adaptive,infra-smoke-4a6e4af6-5f6e-52f0-bcc4-c9391c79bf59,completed_in_time,57.906999999999925
b1-p1-adaptive,infra-smoke-f41992d5-eced-5a91-8f95-69b47f56415f,completed_in_time,59.108999999999924
b1-p1-adaptive,infra-smoke-a9757fd6-352a-50a6-b44a-34f6fb1df69c,completed_in_time,59.562000000000126
b1-p1-adaptive,infra-smoke-8e247b0e-453f-573e-b97f-fccba57ef827,completed_in_time,59.59400000000005
b1-p1-adaptive,infra-smoke-d107d46c-b400-537c-a88f-f098e76fc137,completed_in_time,59.0
b1-p1-adaptive,infra-smoke-1c669bd5-d7b6-5d9f-832c-5c3e36e0dc6f,completed_in_time,59.6099999999999
b1-p1-adaptive,infra-smoke-a911297c-65b8-5b55-8fcb-538a2f56ff5a,completed_in_time,59.40599999999995
b1-p1-adaptive,infra-smoke-3923206b-d4b4-5fa5-9930-3bb888db23f6,completed_in_time,58.593000000000075
b1-p1-adaptive,infra-smoke-c904ca71-5d84-576e-abf9-c9dd3c202bc8,completed_in_time,59.90599999999995
b1-p1-adaptive,infra-smoke-de63fcf9-10d9-53d0-811d-55ef78452de4,completed_in_time,59.39099999999985
b1-p1-adaptive,infra-smoke-cdb4eb79-034a-5cd7-b46b-e876ccfb7846,completed_in_time,59.625
b1-p1-adaptive,infra-smoke-6d9f5d05-1006-5ff5-a06a-3dfa3673bcdb,completed_in_time,59.797000000000025
b1-p1-adaptive,infra-smoke-b804d7fb-2d0c-52f9-8120-ef2ca3d3fb1d,completed_in_time,59.827999999999975
b1-p1-adaptive,infra-smoke-13189098-6d5a-515a-bca7-9113f35cc712,completed_in_time,59.422000000000025
b1-p1-adaptive,infra-smoke-be9652df-9b92-51af-aa73-39cc7f523868,completed_in_time,59.6869999999999
b1-p1-adaptive,infra-smoke-56bb01f6-9530-5d1c-9678-0e0cdf357ede,completed_in_time,59.7969999999998
b1-p1-adaptive,infra-smoke-a3856f9b-d347-5126-badb-cb9de6bcb847,completed_late,60.202999999999975
b1-p1-adaptive,infra-smoke-f59c45a0-0d46-5bb9-9782-2169683e9834,completed_in_time,59.422000000000025
b1-p1-adaptive,infra-smoke-7288dcd4-3938-59fd-bc76-2dbf41d2425e,completed_in_time,59.797000000000025
b1-p1-adaptive,infra-smoke-094166c1-6703-5e70-bcea-1c697bf2a844,completed_in_time,59.6880000000001
b1-p1-adaptive,infra-smoke-da77499b-77a2-5fe1-9115-3ed4b5df1e0d,completed_in_time,59.89099999999985
b1-p1-adaptive,infra-smoke-f12b183f-837e-5754-938d-ec2f476c6f12,completed_late,60.39099999999985
b1-p1-adaptive,infra-smoke-92003ab4-bc39-5f15-a55e-e660d8a709a7,completed_in_time,59.90599999999995
b1-p1-adaptive,infra-smoke-40bb9750-4bbc-5cac-abdd-89b10a40bde3,completed_in_time,59.9369999999999
b1-p1-adaptive,infra-smoke-8994da35-d1b4-5c68-88ec-60483b7b79cf,completed_late,60.702999999999975
b1-p1-adaptive,infra-smoke-035e182a-81e3-5c44-9cf8-4c7403f3666d,completed_in_time,59.875
b1-p1-adaptive,infra-smoke-b00dd81f-dfb2-52a8-aa76-1a8595611d3a,completed_late,60.391000000000076
b1-p1-adaptive,infra-smoke-cb3641e8-05fd-5ffd-98f8-dbe7a888f747,completed_late,60.34400000000005
b1-p1-adaptive,infra-smoke-864d81ea-c5cb-5900-863a-1cee9b61d539,completed_late,60.437000000000126
b1-p1-adaptive,infra-smoke-f07ec285-28ff-5d88-a7c1-1a7ab783544d,completed_late,60.70399999999995
b1-p1-adaptive,infra-smoke-571f387a-a9c0-5b19-9ba9-5733ae9b43e2,completed_late,61.01599999999985
b1-p1-adaptive,infra-smoke-5cba8836-800e-5c14-b303-c31d89427652,completed_late,60.1869999999999
b1-p1-adaptive,infra-smoke-fdb96b96-8972-5922-9124-117ae782b64a,completed_late,60.3900000000001
b1-p1-adaptive,infra-smoke-bc8dbace-9af2-5564-8241-ddf5536ea4a2,completed_late,60.40599999999995
b1-p1-adaptive,infra-smoke-285cb661-ebe9-5666-a5f7-375b9d47d160,completed_late,60.702999999999975
b1-p1-adaptive,infra-smoke-8fdad31b-d670-5db2-9a09-4fccc3f74bec,completed_late,60.562999999999874
b1-p1-adaptive,infra-smoke-d3a28898-d40e-554a-9a93-cf6ec4d663e7,completed_late,60.827999999999975
b1-p1-adaptive,infra-smoke-ada80817-b3e0-5a33-b393-88bb29fb43b5,completed_late,60.78099999999995
b1-p1-adaptive,infra-smoke-261f6cee-c2a0-50c9-bcbf-891c5465631f,completed_late,60.21900000000005
b1-p1-adaptive,infra-smoke-94acef3a-49f3-55b5-9259-d8342953f28d,completed_late,60.70399999999995
b1-p1-adaptive,infra-smoke-c8d17061-d8e3-52f6-9cf0-b3371353c6cc,completed_late,60.702999999999975
b1-p1-adaptive,infra-smoke-69343fc6-9482-50e3-a5b9-3394949b25d7,completed_late,61.0
b1-p1-adaptive,infra-smoke-35d41178-dbb1-542b-92b9-68d31777a852,completed_late,61.09400000000005
b1-p1-adaptive,infra-smoke-9e1c1118-3799-5db6-99ca-a422f7647035,completed_late,60.891000000000076
b1-p1-adaptive,infra-smoke-a81e1bb0-a1db-5b34-abc8-ab9e9972ad22,completed_late,61.0
b1-p1-adaptive,infra-smoke-b1f273ec-535b-5e6f-b2e8-d9070aa5bce0,completed_late,60.76599999999985
b1-p1-adaptive,infra-smoke-c5aee0d2-7acd-5974-948d-692aa59c9af9,completed_late,61.21900000000005
b1-p1-adaptive,infra-smoke-478f9b44-ce4d-5db0-ad96-0617dae2ecde,completed_late,60.92100000000005
b1-p1-adaptive,infra-smoke-ee61a7b8-074c-5dd2-b181-e4da9264c0c9,completed_late,60.9849999999999
b1-p1-adaptive,infra-smoke-0c71d466-0718-56a5-a171-d6e79b55d966,completed_late,61.48400000000015
b1-p1-adaptive,infra-smoke-c1ae4954-312d-5997-a76a-a5ea13b9eb7d,completed_late,61.5
b1-p1-adaptive,infra-smoke-9f9ee6d7-1df4-5728-93ab-27c65bff63ec,completed_late,61.1099999999999
b1-p1-adaptive,infra-smoke-2222d65a-2cef-5e17-aa6a-3410164474dc,completed_late,61.1099999999999
b1-p1-adaptive,infra-smoke-0e129f48-7dcf-564f-befc-1b98170651d8,completed_late,61.375
b1-p1-adaptive,infra-smoke-1f7d475b-f849-52dc-90e0-73cd94c1770b,completed_late,61.35900000000015
b1-p1-adaptive,infra-smoke-712a1f88-4c54-57e1-8b95-3b95b7b355f9,completed_late,61.1099999999999
b1-p1-adaptive,infra-smoke-40f6fa42-49e1-5d6f-87ac-0ea155c87595,completed_late,60.687000000000126
b1-p1-adaptive,infra-smoke-acfc189b-e9c0-5171-bc15-210a7bd8b1a1,completed_late,61.437999999999874
b1-p1-adaptive,infra-smoke-b8aecba7-c758-518c-9fee-bec233c3d55f,completed_late,62.0150000000001
b1-p1-adaptive,infra-smoke-750e05f5-767a-557d-9e25-7389e820d997,completed_late,61.7650000000001
b1-p1-adaptive,infra-smoke-2c3faa5b-16c3-5e6d-87d6-671a3e8a35b4,completed_late,61.218999999999824
b1-p1-adaptive,infra-smoke-8c3ced51-0d64-518f-8061-6dc71f1ac82b,completed_late,61.51599999999985
b1-p1-adaptive,infra-smoke-55afb4d9-895c-5968-91db-b6b5ba00c495,completed_late,61.9849999999999
b1-p1-adaptive,infra-smoke-2f341023-7c9c-5c58-9c3a-70e2dc341ae4,completed_late,61.89099999999985
b1-p1-adaptive,infra-smoke-ec8c8918-7125-57a1-8d7f-3969b2ed6824,completed_late,61.73400000000015
b1-p1-adaptive,infra-smoke-aa1c968a-360a-5a7a-955d-1a218c4805cf,completed_late,61.577999999999975
b1-p1-adaptive,infra-smoke-6e633028-2287-585c-af95-56b61147e16c,completed_late,62.483999999999924
b1-p1-adaptive,infra-smoke-52f444e3-2196-572d-93aa-0306ac25c1ec,completed_late,62.01599999999985
b1-p1-adaptive,infra-smoke-49fc6593-cddd-5980-85df-4f709bb429be,completed_late,61.8280000000002
b1-p1-adaptive,infra-smoke-016ff77f-e1d9-548e-8aa2-21783889f4ad,completed_late,62.5150000000001
b1-p1-adaptive,infra-smoke-68afbb05-7ba4-5b97-a07b-531586160230,completed_late,61.9219999999998
b1-p1-adaptive,infra-smoke-72a93ab2-59ee-57c3-9f63-b7bfd44fc666,completed_late,61.577999999999975
b1-p1-adaptive,infra-smoke-84c52932-a1e4-5443-b36b-0b46584b4514,completed_late,61.90599999999995
b1-p1-adaptive,infra-smoke-b4f5fd70-54bc-5fbf-902f-a6129f1d5a8c,completed_late,61.202999999999975
b1-p1-adaptive,infra-smoke-41451297-8bc1-552b-bf21-280f6438c0ea,completed_late,62.016000000000076
b1-p1-adaptive,infra-smoke-0a3a02d2-004b-598f-a818-5939416dc209,completed_late,62.062999999999874
b1-p1-adaptive,infra-smoke-06d0b05d-c2fc-5839-af50-60a0e777a479,completed_late,62.077999999999975
b1-p1-adaptive,infra-smoke-c59e2206-d6a5-5110-be2f-202617c75a50,completed_late,62.077999999999975
b1-p1-adaptive,infra-smoke-6282f3b9-1d97-5564-b554-2849bb9afb65,completed_late,62.327999999999975
b1-p1-adaptive,infra-smoke-abbce5e3-fcf1-59f4-9978-243b80b8bca4,completed_late,62.172000000000025
b1-p1-adaptive,infra-smoke-789f2ad7-cf70-5d29-8ebe-67318f2f97e4,completed_late,62.202999999999975
b1-p1-adaptive,infra-smoke-158c1e71-d958-5bc6-a37e-4078e385b29a,completed_late,62.90599999999995
b1-p1-adaptive,infra-smoke-2afe6ca0-2e83-5265-a818-d14e86ae8035,completed_late,62.09400000000005
b1-p1-adaptive,infra-smoke-c4611725-1464-5a48-abaf-217ebc7eee5e,completed_late,62.781000000000176
b1-p1-adaptive,infra-smoke-da8955af-115c-5b55-96b9-1a1df0cd7124,completed_late,62.297000000000025
b1-p1-adaptive,infra-smoke-8481fd8e-8049-5f80-b647-b3864d2c65aa,completed_late,62.827999999999975
b1-p1-adaptive,infra-smoke-79b55776-961f-51d3-8f1c-662c04923a4f,completed_late,61.60900000000015
b1-p1-adaptive,infra-smoke-e395073a-6dbd-5fe9-8439-1bf61e5dca5c,completed_late,62.218000000000075
b1-p1-adaptive,infra-smoke-a4220f36-b079-5a64-9283-e3c822fa2ded,completed_late,62.3599999999999
b1-p1-adaptive,infra-smoke-399b4c7b-0afb-5b64-9245-29200cc9c4f7,completed_late,62.452999999999975
b1-p1-adaptive,infra-smoke-637814ff-0cda-517e-933e-3811fdddc65e,completed_late,61.906000000000176
b1-p1-adaptive,infra-smoke-50305430-92dc-5244-8365-b74eafed7d74,completed_late,62.483999999999924
b1-p1-adaptive,infra-smoke-b91f4f32-59be-5aba-bf88-747252ae3cf6,completed_late,61.625
b1-p1-adaptive,infra-smoke-d3d5eb69-5199-5536-a156-58fd2026c855,completed_late,62.0
b1-p1-adaptive,infra-smoke-2f6cc962-9959-5148-9ce3-8a25602956a6,completed_late,62.23400000000015
b1-p1-adaptive,infra-smoke-eafa0dab-3d5e-5b9e-9f65-f9ef7ad275e9,completed_late,63.202999999999975
b1-p1-adaptive,infra-smoke-c6e6f032-2f70-5467-828a-cffa5d25444a,completed_late,63.2650000000001
b1-p1-adaptive,infra-smoke-21fccdbb-efbf-5d67-8b32-fa3699af6eb8,completed_late,62.39099999999985
b1-p1-adaptive,infra-smoke-6684bd5a-4d6d-5c71-a46a-717a73a54283,completed_late,62.672000000000025
b1-p1-adaptive,infra-smoke-93302e3d-b44b-5ce0-8fd2-88f7e722dfb9,completed_late,62.71900000000005
b1-p1-adaptive,infra-smoke-2f771e4d-06d9-55f9-9fbf-5f2a9e0f3b49,completed_late,62.3900000000001
b1-p1-adaptive,infra-smoke-29250bc8-80ba-5891-b441-65b368b9b022,completed_late,62.781999999999925
b1-p1-adaptive,infra-smoke-4b56f6df-cdd6-50b9-9c16-baeb01600ab0,completed_late,63.3119999999999
b1-p1-adaptive,infra-smoke-7c9a587b-af95-5a06-b9f0-3d3557cd60ba,completed_late,62.687000000000126
b1-p1-adaptive,infra-smoke-7646d82e-dc99-5fca-b337-9ea0607f664a,completed_late,62.906000000000176
b1-p1-adaptive,infra-smoke-e151f0eb-0d33-52f3-b643-aad719cbaa06,completed_late,63.202999999999975
b1-p1-adaptive,infra-smoke-0e3c33ca-ade4-5f7c-95f0-fb18d6e2b726,completed_late,63.312000000000126
b1-p1-adaptive,infra-smoke-86ec5520-5291-5019-aa30-dfeb8bd297cc,completed_late,62.797000000000025
b1-p1-adaptive,infra-smoke-c3eb5c09-bc4c-513a-8c1e-51d9f0546cd6,completed_late,63.3900000000001
b1-p1-adaptive,infra-smoke-4141cfc9-b503-50fa-966c-669efbb1fadd,completed_late,63.5150000000001
b1-p1-adaptive,infra-smoke-a5676a69-342e-521b-ab00-fb3f0cb348bc,completed_late,63.70399999999995
b1-p1-adaptive,infra-smoke-911b1013-a2a1-5392-b50f-2fc29de1ec74,completed_late,63.2650000000001
b1-p1-adaptive,infra-smoke-8139dd57-4c4a-5d3f-b1e0-090645e3827e,completed_late,63.702999999999975
b1-p1-adaptive,infra-smoke-10aca846-d496-5994-9afd-1a7e0d69849a,completed_late,63.78099999999995
b1-p1-adaptive,infra-smoke-055870f7-91c9-54f3-bb3c-84b59c2d8db0,completed_late,63.172000000000025
b1-p1-adaptive,infra-smoke-74d8a5a2-3701-5793-8696-93d6a6a38930,completed_late,63.781000000000176
b1-p1-adaptive,infra-smoke-8297a446-63a0-5c9e-bc49-ba365169ad87,completed_late,63.8900000000001
b1-p1-adaptive,infra-smoke-ca9ccade-3902-53e4-8917-2137115880d2,completed_late,64.21900000000005
b1-p1-adaptive,infra-smoke-d29cb254-5509-5a15-b9bd-271c47ad624c,completed_late,63.5
b1-p1-adaptive,infra-smoke-2976d652-4350-511a-b075-2f61d02a85fe,completed_late,63.7650000000001
b1-p1-adaptive,infra-smoke-1d77aea6-4998-5d28-8cd1-b2b8250264fa,completed_late,64.18700000000013
b1-p1-adaptive,infra-smoke-23e87118-cf5f-548a-a9ca-ab729f87b5cb,completed_late,64.20299999999997
b1-p1-adaptive,infra-smoke-f6d74091-d6d8-5bfe-b69d-78538a663272,completed_late,63.6099999999999
b1-p1-adaptive,infra-smoke-5971b4b0-c8c8-5284-9ef0-fd7adeae59bf,completed_late,63.702999999999975
b1-p1-adaptive,infra-smoke-691964a6-d58b-5917-aa2f-8da6682b828f,completed_late,63.875
b1-p1-adaptive,infra-smoke-e606d12f-1787-52e9-96e4-3b52ddd70e67,completed_late,64.1400000000001
b1-p1-adaptive,infra-smoke-a41c8b19-a4e9-5611-904d-9586b14c38a0,completed_late,63.968000000000075
b1-p1-adaptive,infra-smoke-f79d7c99-dd67-5171-93d0-9a34d52370b7,completed_late,63.82899999999995
b1-p1-adaptive,infra-smoke-bbc3aba2-b972-5d03-b72a-00526a3b0d96,completed_late,64.45299999999997
b1-p1-adaptive,infra-smoke-3f50788a-6b63-54e7-ba35-cb0ac8e22c3c,completed_late,64.60900000000015
b1-p1-adaptive,infra-smoke-4c06bae8-3619-5941-b3a5-eec1d83cd255,completed_late,64.79700000000003
b1-p1-adaptive,infra-smoke-604efb60-3ca3-58d6-b071-2d2efbf51fe0,completed_late,64.57799999999997
b1-p1-adaptive,infra-smoke-72f18f01-5530-50cb-a109-e193c7cce5b5,completed_late,64.43799999999987
b1-p1-adaptive,infra-smoke-cb8da6cb-ef86-5535-87e9-cadc3cdd920a,completed_late,63.2969999999998
b1-p1-adaptive,infra-smoke-46c28151-3e2b-5080-b20b-c66fc1ccce38,completed_late,63.891000000000076
b1-p1-adaptive,infra-smoke-cca88647-5c4e-571d-b38f-656e114afeea,completed_late,64.0780000000002
b1-p1-adaptive,infra-smoke-2661695c-51ae-57cf-86a2-0e2a2b431815,completed_late,63.98400000000015
b1-p1-adaptive,infra-smoke-10b2a998-1893-5087-abee-2225b70808d4,completed_late,64.3900000000001
b1-p1-adaptive,infra-smoke-67c17960-90e6-5f97-b764-7015445dd8a2,completed_late,63.483999999999924
b1-p1-adaptive,infra-smoke-7b47a322-ec41-511a-b0df-ec2f5cae138b,completed_late,64.18799999999987
b1-p1-adaptive,infra-smoke-b0eae264-e3da-5a87-9cde-cc05813562b4,completed_late,64.0150000000001
b1-p1-adaptive,infra-smoke-94095c4c-53c9-50c6-a7b8-47112016fa64,completed_late,64.32799999999997
b1-p1-adaptive,infra-smoke-7b466c94-ee5e-55bc-8c61-4482d4f8b5bf,completed_late,64.09399999999982
b1-p1-adaptive,infra-smoke-fd34b0ff-7237-5df1-97ab-f5e8f4719969,completed_late,64.28100000000018
b1-p1-adaptive,infra-smoke-696a03f0-6ae9-510a-ab5a-00680f27db7f,completed_late,64.40699999999993
b1-p1-adaptive,infra-smoke-e280ec90-7b4d-5813-885e-7c81787ca9a7,completed_late,64.98399999999992
b1-p1-adaptive,infra-smoke-06915a63-a445-5664-9298-682db75e8e99,completed_late,64.51599999999985
b1-p1-adaptive,infra-smoke-15a17b05-8758-53e7-97bf-7191849c8802,completed_late,64.29700000000003
b1-p1-adaptive,infra-smoke-3e583805-d3be-5c04-9374-7983dafea301,completed_late,65.28199999999993
b1-p1-adaptive,infra-smoke-456f2fa3-0d14-5344-a1e4-9d069109ba3e,completed_late,64.73399999999992
b1-p1-adaptive,infra-smoke-5902026a-509b-5e85-a452-0d21526bd10f,completed_late,64.46900000000005
b1-p1-adaptive,infra-smoke-171b1fc5-8728-5c27-821f-76e9ceb4cb07,completed_late,65.39099999999985
b1-p1-adaptive,infra-smoke-a8607aad-d91a-5868-bb8a-017fe5133d33,completed_late,65.17200000000003
b1-p1-adaptive,infra-smoke-795ad6b5-65ff-5f1d-a3d5-a5bff6c50c89,completed_late,64.53199999999993
b1-p1-adaptive,infra-smoke-05037a9b-52d6-55ee-a058-d341c40c25a0,completed_late,65.31299999999987
b1-p1-adaptive,infra-smoke-fea17028-07fa-58f2-ac92-01bf3b21d1f7,completed_late,66.25
b1-p1-adaptive,infra-smoke-aab945b0-8a74-5c98-818a-5abb09a61e8c,completed_late,64.57799999999997
b1-p1-adaptive,infra-smoke-ba344109-0985-50db-bcc6-e1465f75d0a3,completed_late,64.6880000000001
b1-p1-adaptive,infra-smoke-c3c31417-a51f-5550-b94b-f96b4bb1021c,completed_late,65.18799999999987
b1-p1-adaptive,infra-smoke-5876eb73-c504-55cd-bbdb-4cfa7339057a,completed_late,65.1869999999999
b1-p1-adaptive,infra-smoke-74dcc0fa-d957-5af2-80d0-31352f4d8988,completed_late,65.3119999999999
b1-p1-adaptive,infra-smoke-46d6d437-6749-5295-9869-0afc4568603c,completed_late,65.3900000000001
b1-p1-adaptive,infra-smoke-fb3e13b0-fc4d-5eea-a19e-e52fb6fc0369,completed_late,65.0
b1-p1-adaptive,infra-smoke-f0ccc707-2e38-5986-a097-ed3d3f4cb5b9,completed_late,65.28099999999995
b1-p1-adaptive,infra-smoke-e242bd63-69dd-5b10-9128-0d8a0ec0b446,completed_late,65.90699999999993
b1-p1-adaptive,infra-smoke-9cfa0ec0-a3b5-553e-8370-7b5b5dda921e,completed_late,65.51599999999985
b1-p1-adaptive,infra-smoke-e2b58005-1dd2-5c53-ac2b-1416855612b5,completed_late,65.9849999999999
b1-p1-adaptive,infra-smoke-ae394256-79de-58c6-918c-dfe581c97e5a,completed_late,65.68799999999987
b1-p1-adaptive,infra-smoke-15f5e638-acd1-5aa3-a58e-7261aa0fcbaf,completed_late,65.90600000000018
b1-p1-adaptive,infra-smoke-c2a0b0c5-aa5c-556c-b9e8-d8f9257e73e9,completed_late,65.6099999999999
b1-p1-adaptive,infra-smoke-cf5e7b76-36dd-5352-af7e-a25c6e200c00,completed_late,65.59399999999982
b1-p1-adaptive,infra-smoke-d9e3de54-b5b4-5040-838a-a9c9cd353744,completed_late,65.70399999999995
b1-p1-adaptive,infra-smoke-3e548983-a161-5eb9-b9f0-4569af0b445b,completed_late,65.81299999999987
b1-p1-adaptive,infra-smoke-9477228b-621b-5aec-9cbc-357032f8eed9,completed_late,65.70399999999995
b1-p1-adaptive,infra-smoke-49a49068-a3da-5b49-a348-9b3c3c39dde3,completed_late,66.10899999999992
b1-p1-adaptive,infra-smoke-3554723e-1509-5c9a-8546-079ee4278c3d,completed_late,66.21900000000005
b1-p1-adaptive,infra-smoke-a8881d5a-1f4a-52a7-8eb7-a88d0b37470a,completed_late,66.06200000000013
b1-p1-adaptive,infra-smoke-68314bea-ce64-59a5-9946-9ffe5217ab56,completed_late,65.59400000000005
b1-p1-adaptive,infra-smoke-bea322f7-f352-5496-8aad-41f2093e6393,completed_late,65.5
b1-p1-adaptive,infra-smoke-d7702d00-e439-5dff-84fc-a88e44d18a81,completed_late,65.78199999999993
b1-p1-adaptive,infra-smoke-80199ec8-87b0-5f30-8922-48b750ee61ff,completed_late,66.01599999999985
b1-p1-adaptive,infra-smoke-ae7ff771-b93d-5a1d-9cf0-81f1045ca7ae,completed_late,65.8900000000001
b1-p1-adaptive,infra-smoke-f5d3e3e4-c7d7-5cc5-8572-e099d044dd29,completed_late,66.0
b1-p1-adaptive,infra-smoke-3b8e4af3-406d-5cfa-97a4-48967a6fedf2,completed_late,66.28199999999993
b1-p1-adaptive,infra-smoke-0eaed7fc-bde4-5201-8744-8f7ba6c8d00d,completed_late,66.15600000000018
b1-p1-adaptive,infra-smoke-ac0b58c2-125f-5557-9c53-02a5be990d25,completed_late,66.6099999999999
b1-p1-adaptive,infra-smoke-59ea51dd-c0d5-5f5b-8284-5641b252db97,completed_late,66.28099999999995
b1-p1-adaptive,infra-smoke-717d459b-02d8-518c-bd7b-13791918a978,completed_late,66.20399999999995
b1-p1-adaptive,infra-smoke-35a5e1aa-0c2c-5d7e-be56-68a5d162eaa7,completed_late,65.81299999999987
b1-p1-adaptive,infra-smoke-42f90c84-9005-5be7-87d6-1192b67c2c34,completed_late,66.48399999999992
b1-p1-adaptive,infra-smoke-8b9046df-6f9b-5f03-9103-00b9aff409d5,completed_late,67.32799999999997
b1-p1-adaptive,infra-smoke-c8cd932e-7840-5034-a218-cea9d17c9e75,completed_late,66.06200000000013
b1-p1-adaptive,infra-smoke-dd50aabf-6230-5f1b-a00c-6756addeae5b,completed_late,66.09400000000005
b1-p1-adaptive,infra-smoke-cbc492d6-477c-5a93-b722-bcfc95b60977,completed_late,66.56299999999987
b1-p1-adaptive,infra-smoke-46a2fef4-f3fb-56bd-9fc1-eab1449cb2b4,completed_late,66.67100000000005
b1-p1-adaptive,infra-smoke-03c6ed85-62a8-574a-a177-bf0ee129482e,completed_late,66.29700000000003
b1-p1-adaptive,infra-smoke-cf312f26-b485-503e-b846-8261eac7296b,completed_late,66.8130000000001
b1-p1-adaptive,infra-smoke-85a9bd00-801e-5734-aca1-84a7c1ae2f5e,completed_late,66.31200000000013
b1-p1-adaptive,infra-smoke-b606355e-28c9-5b5c-b5a9-042bad25ea72,completed_late,66.59300000000007
b1-p1-adaptive,infra-smoke-8c7827fd-a71b-52f4-a0bc-c972bce72321,completed_late,66.0
b1-p1-adaptive,infra-smoke-4d3cd616-5c49-5b22-a4af-09ae87823e6e,completed_late,66.625
b1-p1-adaptive,infra-smoke-04fb6524-4e48-5164-acf7-7314274e4964,completed_late,66.67200000000003
b1-p1-adaptive,infra-smoke-1a728bda-b108-52c5-b4b7-ab45c4f9fb12,completed_late,67.10900000000015
b1-p1-adaptive,infra-smoke-35bddbee-8006-519c-8c9a-cfaf3e78adc2,completed_late,67.1869999999999
b1-p1-adaptive,infra-smoke-ff57c8a0-908d-5313-8381-d6423311b841,completed_late,66.28100000000018
b1-p1-adaptive,infra-smoke-fffa97f1-e960-54d4-bcab-e250bd019f2f,completed_late,66.78099999999995
b1-p1-adaptive,infra-smoke-13643aed-a59f-5cd7-9a93-7137e2cad989,completed_late,66.89099999999985
b1-p1-adaptive,infra-smoke-736dafc6-c885-5507-93e3-e68fd8112b17,completed_late,66.5
b1-p1-adaptive,infra-smoke-987b65ac-767a-52bf-af97-c6003188c3de,completed_late,66.71899999999982
b1-p1-adaptive,infra-smoke-834ba70c-c83d-588f-9549-04ca9c4febe4,completed_late,67.10900000000015
b1-p1-adaptive,infra-smoke-02ec872f-338a-5840-ba6b-77fb531d8ec5,completed_late,66.82799999999997
b1-p1-adaptive,infra-smoke-85240f4e-45dd-5435-96ad-6d0d21c243a8,completed_late,67.18799999999987
b1-p1-adaptive,infra-smoke-51b75eb1-1ab5-532f-9845-d07085559e59,completed_late,67.10900000000015
b1-p1-adaptive,infra-smoke-09221b81-8f0f-5bbe-bdad-05c59364a5e0,completed_late,66.90599999999995
b1-p1-adaptive,infra-smoke-65f938a4-4e88-50c1-8cf6-823154ba7cd7,completed_late,67.29700000000003
b1-p1-adaptive,infra-smoke-8022972e-1a73-55da-8b92-4a13360081f4,completed_late,66.84399999999982
b1-p1-adaptive,infra-smoke-0117431a-3a31-555f-bf0b-ba20911bfe98,completed_late,67.67200000000003
b1-p1-adaptive,infra-smoke-db6bfd40-ef79-5c9b-bde5-7003eb4a0eff,completed_late,68.0150000000001
b1-p1-adaptive,infra-smoke-77181f6f-b008-546c-b69d-25bb99612872,completed_late,66.78100000000018
b1-p1-adaptive,infra-smoke-6374f19e-4bcb-5631-a4e0-fc88e9c54104,completed_late,67.39100000000008
b1-p1-adaptive,infra-smoke-363ce90b-f5c5-5eb3-ba21-6a5917203284,completed_late,67.25
b1-p1-adaptive,infra-smoke-eb9efeea-de31-506d-aaf7-7b2c95897a33,completed_late,67.4849999999999
b1-p1-adaptive,infra-smoke-693123f9-e19f-57ef-aeda-7a4c78d19624,completed_late,67.40699999999993
b1-p1-adaptive,infra-smoke-4fe1a726-e49f-5783-9306-6a9ed1bef87b,completed_late,67.71899999999982
b1-p1-adaptive,infra-smoke-c47359cd-b790-52f7-aa02-98ab0bb892d9,completed_late,67.59399999999982
b1-p1-adaptive,infra-smoke-d095b82a-521b-588c-84a3-695dcaa9c01a,completed_late,67.82799999999997
b1-p1-adaptive,infra-smoke-84f0f93a-77dd-5113-8bf4-373f3b3937e3,completed_late,68.39099999999985
b1-p1-adaptive,infra-smoke-16c3734e-bd47-5bac-bdf1-560780fdd7be,completed_late,67.79700000000003
b1-p1-adaptive,infra-smoke-c08f7535-e55c-578b-88bc-c469cda453ff,completed_late,67.53099999999995
b1-p1-adaptive,infra-smoke-d155b003-3153-5e5f-bb62-6c56d65232a8,completed_late,67.79700000000003
b1-p1-adaptive,infra-smoke-8d208970-eb70-5d15-ad56-f2f609afd984,completed_late,67.78099999999995
b1-p1-adaptive,infra-smoke-a72306f3-6be9-5255-b52d-fb7b08d83dd3,completed_late,68.28099999999995
b1-p1-adaptive,infra-smoke-edf4d8c8-5346-5920-8a42-1392d96f8a30,completed_late,67.98399999999992
b1-p1-adaptive,infra-smoke-59d43735-d410-5d07-9862-f125aec9bcd2,completed_late,67.89100000000008
b1-p1-adaptive,infra-smoke-7649a1bb-167c-573b-a501-e220162166d5,completed_late,68.07799999999997
b1-p1-adaptive,infra-smoke-af28c81a-2965-550b-8346-5e98265be2c1,completed_late,69.07799999999997
b1-p1-adaptive,infra-smoke-56d42309-aa22-5699-bfa1-26c468c769de,completed_late,68.10900000000015
b1-p1-adaptive,infra-smoke-2722838e-aa7d-54ff-b8be-0f4da7a093ac,completed_late,68.4849999999999
b1-p1-adaptive,infra-smoke-85b3cac3-1b84-5a0c-b0ce-24d0def023b3,completed_late,68.28100000000018
b1-p1-adaptive,infra-smoke-86e63152-8a72-534c-bb61-aba93e8e8967,completed_late,68.17200000000003
b1-p1-adaptive,infra-smoke-80ef024b-8f70-59f5-84c3-38f9376c74b9,completed_late,67.82799999999997
b1-p1-adaptive,infra-smoke-dcc430ea-ed6c-59cc-8a65-a7dd13d268eb,completed_late,68.3900000000001
b1-p1-adaptive,infra-smoke-9d811f8a-f5da-5c5e-b570-ade9c3edaafb,completed_late,68.82799999999997
b1-p1-adaptive,infra-smoke-aa87dd79-711c-59c9-999e-d91f58354d12,completed_late,68.31299999999987
b1-p1-adaptive,infra-smoke-5b0f289e-41ce-5789-be97-72789cefe8eb,completed_late,68.46899999999982
b1-p1-adaptive,infra-smoke-b0a93465-cf95-5c9e-bc44-e3b0203ad8ae,completed_late,67.98400000000015
b1-p1-adaptive,infra-smoke-67dc4eb9-d74d-5a3e-a056-5b77dce3cc5d,completed_late,68.29700000000003
b1-p1-adaptive,infra-smoke-17252446-e8a4-5fea-9aa1-75ee22418c0a,completed_late,68.70299999999997
b1-p1-adaptive,infra-smoke-fd92ee8e-3992-5e47-b4bc-5d0480814c66,completed_late,69.125
b1-p1-adaptive,infra-smoke-f3d904d6-92db-5235-b801-9b2001d754dd,completed_late,68.7650000000001
b1-p1-adaptive,infra-smoke-4dd99854-50bc-5045-97e8-5031372851f9,completed_late,68.17200000000003
b1-p1-adaptive,infra-smoke-67457d27-a05a-5d57-a8b6-d6c69daea1d2,completed_late,69.29700000000003
b1-p1-adaptive,infra-smoke-bcd4b194-f714-5fdb-bb41-d9ffd8410a63,completed_late,68.31200000000013
b1-p1-adaptive,infra-smoke-a9b108a9-1672-5e8e-8a15-605ae6053578,completed_late,70.01599999999985
b1-p1-adaptive,infra-smoke-f2a4b232-b0a2-5848-8482-263e3883eb78,completed_late,68.57899999999995
b1-p1-adaptive,infra-smoke-4dd2f6e1-8e13-5249-b297-88f194d491b8,completed_late,68.25
b1-p1-adaptive,infra-smoke-f3069232-633e-5849-b003-5e0f2b4caeba,completed_late,69.0150000000001
b1-p1-adaptive,infra-smoke-f5065e04-d54b-5a09-b0d0-89e6d3675f33,completed_late,68.92200000000003
b1-p1-adaptive,infra-smoke-7e797adf-c641-56a5-914c-712b014f205f,completed_late,69.39100000000008
b1-p1-adaptive,infra-smoke-73d0d5e6-48d7-5fdd-88dd-6224b369e736,completed_late,69.01599999999985
b1-p1-adaptive,infra-smoke-3cfe2fed-4744-58ed-8acf-6642ef3bcdf5,completed_late,68.70399999999995
b1-p1-adaptive,infra-smoke-d72021b7-e5ec-51de-b857-b4b53c58b513,completed_late,69.31299999999987
b1-p1-adaptive,infra-smoke-19e84188-acc9-5619-aa02-3f92396ee3cc,completed_late,69.59400000000005
b1-p1-adaptive,infra-smoke-c72b4cc3-5b84-5c3d-a971-dd364420ecb7,completed_late,69.48400000000015
b1-p1-adaptive,infra-smoke-2595e029-77e5-5204-8cdf-bf2a04bfd98e,completed_late,69.7969999999998
b1-p1-adaptive,infra-smoke-2accc5d1-b61a-5040-879a-7e734cb370c3,completed_late,69.375
b1-p1-adaptive,infra-smoke-e283366d-496f-58ae-ac88-9e4b5d90daea,completed_late,69.375
b1-p1-adaptive,infra-smoke-67956bc5-ce7b-5bf8-a0d8-6ea0aa810de0,completed_late,69.4849999999999
b1-p1-adaptive,infra-smoke-9cda9bf9-5bba-5187-a9fe-556aec13d23d,completed_late,69.51600000000008
b1-p1-adaptive,infra-smoke-bb88e73f-26cb-57ad-bafd-d7c5f6f96688,completed_late,69.5780000000002
b1-p1-adaptive,infra-smoke-3b1d6074-41f1-59c6-9d55-522d4020f66f,completed_late,69.78099999999995
b1-p1-adaptive,infra-smoke-fb2fd171-fa6e-57f1-9ee7-ccf66c263764,completed_late,69.10899999999992
b1-p1-adaptive,infra-smoke-2ba12e92-3abf-5ecf-bdba-9f58a16fbddc,completed_late,69.7969999999998
b1-p1-adaptive,infra-smoke-2522889a-9263-5233-be2a-ecf2cd42ae43,completed_late,69.40599999999995
b1-p1-adaptive,infra-smoke-8a96f5cc-0104-537e-bcbd-27ea781ad1dd,completed_late,69.1099999999999
b1-p1-adaptive,infra-smoke-23baab33-4fe1-5395-ac89-1e6c6af0b4c8,completed_late,69.71899999999982
b1-p1-adaptive,infra-smoke-c7f424a2-c7e6-5865-99fb-f8c09c7a0212,completed_late,69.78099999999995
b1-p1-adaptive,infra-smoke-c9717e1a-a18e-56a2-93ad-6cf3463d5b5e,completed_late,69.7349999999999
b1-p1-adaptive,infra-smoke-fef2584b-c745-59ac-a002-7da02281dab4,completed_late,69.71900000000005
b1-p1-adaptive,infra-smoke-8fc57b7f-5c5b-5555-a3da-90e9e461947a,completed_late,70.59400000000005
b1-p1-adaptive,infra-smoke-1deed1ee-8c5e-5669-89cf-f115f3577809,completed_late,70.6880000000001
b1-p1-adaptive,infra-smoke-3e430292-3182-5693-9afc-33f12b63b0d1,completed_late,69.28199999999993
b1-p1-adaptive,infra-smoke-304a1737-9d61-5922-819e-8153664f5df0,completed_late,69.40699999999993
b1-p1-adaptive,infra-smoke-7121adfd-e851-54c3-b22c-b938ecdb854f,completed_late,70.20299999999997
b1-p1-adaptive,infra-smoke-323603fc-e8ba-50e5-8271-c217a8b321b7,completed_late,70.65600000000018
b1-p1-adaptive,infra-smoke-d9aebe28-da73-5ab3-8610-98f18e69bbff,completed_late,70.17200000000003
b1-p1-adaptive,infra-smoke-2f36db23-82d0-5d31-8fc2-503852056a3b,completed_late,70.3130000000001
b1-p1-adaptive,infra-smoke-b6eaf034-be64-50d2-afab-7bb1cbed206e,completed_late,70.5
b1-p1-adaptive,infra-smoke-9c96509c-b3c9-538f-b561-47b41d29bdc9,completed_late,70.375
b1-p1-adaptive,infra-smoke-f3f62d55-7647-5cca-89b7-efe06ce4a57a,completed_late,70.23399999999992
b1-p1-adaptive,infra-smoke-886ec33d-5489-51c2-b74a-72c9c36b484f,completed_late,69.96899999999982
b1-p1-adaptive,infra-smoke-eb4eae95-4d0f-5671-9beb-8b15e60277f2,completed_late,70.18799999999987
b1-p1-adaptive,infra-smoke-0be49a48-7552-52e1-93be-f7c32fd4064c,completed_late,70.625
b1-p1-adaptive,infra-smoke-c34dca56-27ee-5fdb-a62e-add57b75dc4a,completed_late,70.48400000000015
b1-p1-adaptive,infra-smoke-e33ad232-ac9b-5c06-b0f2-8a6b0ac20591,completed_late,70.29700000000003
b1-p1-adaptive,infra-smoke-42b5c018-6c6e-5bae-b2a3-56b76bfdf13e,completed_late,70.60900000000015
b1-p1-adaptive,infra-smoke-c5deaccb-4e22-5a96-9b84-8e8f12e6c687,completed_late,70.18799999999987
b1-p1-adaptive,infra-smoke-e3eb5781-7b4d-5bc9-a3c6-1acad3ff230a,completed_late,70.4219999999998
b1-p1-adaptive,infra-smoke-3aab1de6-1103-5d68-8c65-3c6260e157a1,completed_late,70.90599999999995
b1-p1-adaptive,infra-smoke-f45e8f90-032c-5f3f-b0c3-8e4d917f84a2,completed_late,70.95299999999997
b1-p1-adaptive,infra-smoke-c149e0c8-056e-5c45-baa1-044fe7daba6f,completed_late,70.79700000000003
b1-p1-adaptive,infra-smoke-1fefa62b-109b-5127-b635-002afc7290fc,completed_late,70.42200000000003
b1-p1-adaptive,infra-smoke-8698e34e-bb8d-5dbc-839f-15fbb2c0c8ae,completed_late,70.6880000000001
b1-p1-adaptive,infra-smoke-408f8366-35ca-5eed-a869-a5f0f194ac45,completed_late,70.20299999999997
b1-p1-adaptive,infra-smoke-6c8b2cf4-ae59-506b-9f0b-6d3479268c03,completed_late,70.92200000000003
b1-p1-adaptive,infra-smoke-e25ad7e3-2e99-5881-ad4d-0629f1b224ce,completed_late,70.5
b1-p1-adaptive,infra-smoke-d44852a5-909d-568e-8d17-79acdaddd665,completed_late,70.70299999999997
b1-p1-adaptive,infra-smoke-2731fbdc-a283-524e-b1c6-ce2c677f5104,completed_late,70.68799999999987
b1-p1-adaptive,infra-smoke-e1979a85-5ae7-576e-8576-8cf0b80359f6,completed_late,71.09399999999982
b1-p1-adaptive,infra-smoke-4ee49b48-033a-56f9-9648-d9c20c89c3be,completed_late,70.7349999999999
b1-p1-adaptive,infra-smoke-58ce72f1-97e3-5b42-9e3d-6dc0c86736ee,completed_late,71.3130000000001
b1-p1-adaptive,infra-smoke-f213b073-d195-522a-b36b-d84bc467b4ff,completed_late,71.7650000000001
b1-p1-adaptive,infra-smoke-0b4f9c58-a17a-51a4-8824-d513ded4bcc3,completed_late,70.9849999999999
b1-p1-adaptive,infra-smoke-b9a66274-0cce-5828-89a9-97826a944cf4,completed_late,71.2969999999998
b1-p1-adaptive,infra-smoke-7e1bc64e-741a-526d-b77c-2fa6122b0547,completed_late,70.60900000000015
b1-p1-adaptive,infra-smoke-e9d0b7fd-1b34-56a8-9ae7-f660da5be13c,completed_late,71.0
b1-p1-adaptive,infra-smoke-1715a009-5b68-5fb2-bde9-496adcd472bb,completed_late,71.18700000000013
b1-p1-adaptive,infra-smoke-c8b776eb-2c9b-5d8c-8f6b-a0b6269e5d41,completed_late,71.18700000000013
b1-p1-adaptive,infra-smoke-6288de4b-6b4c-59dc-a3af-c7778789f400,completed_late,71.59400000000005
b1-p1-adaptive,infra-smoke-8ea6b481-eb42-5386-b1d7-8a5d109d5eb4,completed_late,71.20299999999997
b1-p1-adaptive,infra-smoke-fa1c799e-2939-56bb-b196-0f3efd8bc81a,completed_late,70.53099999999995
b1-p1-adaptive,infra-smoke-8f27a624-ce78-5d57-9632-2cd3c318ab1b,completed_late,71.3900000000001
b1-p1-adaptive,infra-smoke-b6a29a86-6f77-58f0-949e-c51ebe5f5967,completed_late,72.0150000000001
b1-p1-adaptive,infra-smoke-af667fef-3c28-57f4-97b9-403c4ea18170,completed_late,71.84400000000005
b1-p1-adaptive,infra-smoke-0e668e1d-4b23-50b4-83c5-df7eaf342fdb,completed_late,71.4849999999999
b1-p1-adaptive,infra-smoke-c67222e4-ced8-585b-8cef-a71841297031,completed_late,71.90600000000018
b1-p1-adaptive,infra-smoke-879c4fd1-5be4-569b-b92c-d3f4e403cc15,completed_late,70.875
b1-p1-adaptive,infra-smoke-9518f82e-0f9a-5ef7-90d5-82d3a6afdb14,completed_late,72.39099999999985
b1-p1-adaptive,infra-smoke-ba01caae-289a-5553-b939-b2e704c1e948,completed_late,72.3900000000001
b1-p1-adaptive,infra-smoke-05205937-2980-56c0-8930-fe57ffdd0ce8,completed_late,71.79700000000003
b1-p1-adaptive,infra-smoke-82257a20-5992-54c0-a788-8afb243e7eea,completed_late,71.875
b1-p1-adaptive,infra-smoke-654efa95-6f7c-5907-bd07-8d4a1f3326c1,completed_late,72.10900000000015
b1-p1-adaptive,infra-smoke-5d9572fd-a26f-5bed-be14-c5effefb41d0,completed_late,72.09400000000005
b1-p1-adaptive,infra-smoke-dd8f68df-6d5b-57da-873a-f8e9467f9250,completed_late,72.0150000000001
b1-p1-adaptive,infra-smoke-3d1fa0b8-71f0-5392-911b-b6cd296c157e,completed_late,71.68799999999987
b1-p1-adaptive,infra-smoke-559921ed-d236-54ee-be72-152084677eef,completed_late,72.03199999999993
b1-p1-adaptive,infra-smoke-9963a93e-385b-5cf5-a7a6-7231d6dc1d39,completed_late,72.18700000000013
b1-p1-adaptive,infra-smoke-4f885312-165f-5530-b73c-af41de4e39bd,completed_late,71.625
b1-p1-adaptive,infra-smoke-e94b778f-4be4-5a8f-ac56-c4fecf6da872,completed_late,72.18799999999987
b1-p1-adaptive,infra-smoke-2bcf375a-2793-5f8e-ad25-4abff0f71588,completed_late,72.03099999999995
b1-p1-adaptive,infra-smoke-9d965d93-2f50-51be-84b8-8e8d29d36142,completed_late,72.12499999999977
b1-p1-adaptive,infra-smoke-ff160ec3-d3d8-5118-bf74-df6ba530c9d0,completed_late,72.39100000000008
b1-p1-adaptive,infra-smoke-154c7ef3-c11b-580d-8a3d-40fbafe46ae3,completed_late,72.29700000000003
b1-p1-adaptive,infra-smoke-94f3c6bb-8f06-5072-97c2-757de9d65043,completed_late,72.70299999999975
b1-p1-adaptive,infra-smoke-87c35385-28fe-5a48-aafa-4827d2f1fdb8,completed_late,72.31299999999987
b1-p1-adaptive,infra-smoke-00f67b43-e26a-56de-a13c-a28eff0dc50c,completed_late,72.37499999999977
b1-p1-adaptive,infra-smoke-6c20f803-7820-5a8c-8c4c-5441e7aeac37,completed_late,72.34299999999985
b1-p1-adaptive,infra-smoke-aa60969d-ddb5-55f8-8e09-2a44e88631c9,completed_late,72.39099999999985
b1-p1-adaptive,infra-smoke-9dbf7693-395a-508f-a377-2ff70331ef9a,completed_late,72.10899999999992
b1-p1-adaptive,infra-smoke-74628ae8-856c-5fa2-8acb-e1c5cdc67829,completed_late,71.70299999999997
b1-p1-adaptive,infra-smoke-3f9b5708-2f6f-5c7c-aad6-2f8267c3e4d8,completed_late,71.03099999999995
b1-p1-adaptive,infra-smoke-e4942b14-a401-5bc6-b0a3-3b1d4133917d,completed_late,70.71900000000005
b1-p1-adaptive,infra-smoke-6144c88f-bd3d-51c1-8327-58e0b5302419,completed_late,70.3599999999999
b1-p1-adaptive,infra-smoke-8ed402b1-af5d-5607-aec1-4d3adc0ed67e,completed_late,70.70299999999997
b1-p1-adaptive,infra-smoke-96c6e321-d8d2-5a35-ae33-42cdf6b4dd5d,completed_late,70.625
b1-p1-adaptive,infra-smoke-150b99e9-456c-51c2-a19e-ffc4b6b50734,completed_late,69.48399999999992
b1-p1-adaptive,infra-smoke-ff3baa7c-5dc4-521b-8526-312adf9264c0,completed_late,70.125
b1-p1-adaptive,infra-smoke-54b32485-76ac-5e7a-8d5f-0e442a346e0e,completed_late,69.20299999999997
b1-p1-adaptive,infra-smoke-b52c96ec-17bb-5f75-a55c-1aabae2bf455,completed_late,69.29700000000003
b1-p1-adaptive,infra-smoke-cb1363b9-84c9-5a20-b65c-f04764366e4e,completed_late,68.70299999999997
b1-p1-adaptive,infra-smoke-95f3b8e6-65cc-550f-97e2-098658e136af,completed_late,68.01599999999985
b1-p1-adaptive,infra-smoke-ac0e035c-9f89-5819-bbdf-1b716c1d8d05,completed_late,66.98399999999992
b1-p1-adaptive,infra-smoke-d8b8672e-095e-58d7-9a70-98619150f3d1,completed_late,67.1099999999999
b1-p1-adaptive,infra-smoke-76a97279-7476-5b48-ae5e-b315238fb783,completed_late,66.1719999999998
b1-p1-adaptive,infra-smoke-82fdc540-7a3c-5931-a0ef-c7db71dd9d86,completed_late,65.90599999999995
b1-p1-adaptive,infra-smoke-4e1d640d-9a77-52ae-b25c-38cf4e7e12b8,completed_late,65.49999999999977
b1-p1-adaptive,infra-smoke-479c426d-3990-564c-8f09-77fcf6703ea7,completed_late,64.74999999999977
b1-p1-adaptive,infra-smoke-69f014b5-6269-5b3b-9d81-a907432612f3,completed_late,64.3119999999999
b1-p1-adaptive,infra-smoke-d586098a-b583-54fe-968d-95bb9f2c4409,completed_late,63.875
b1-p1-adaptive,infra-smoke-749fe7cb-e2e1-5136-8304-e6f46cc1fdbf,completed_late,63.89099999999985
b1-p1-adaptive,infra-smoke-d2f850bc-be10-52bb-aef1-99190907f53c,completed_late,63.46799999999985
b1-p1-adaptive,infra-smoke-a0c1a1a6-a8b9-5a65-b67f-dd3c7339e9e9,completed_late,62.843999999999824
b1-p1-adaptive,infra-smoke-406e7790-d262-5e07-9764-ca774f720c48,completed_late,62.6719999999998
b1-p1-adaptive,infra-smoke-3542d90c-01a2-5486-8a71-44efe673826b,completed_late,62.1099999999999
b1-p1-adaptive,infra-smoke-8556e176-a533-56f0-83a1-842ec9a60fcf,completed_late,61.62499999999977
b1-p1-adaptive,infra-smoke-8379c9ab-9ce3-5413-97b1-71e694d0114e,completed_late,60.9219999999998
b1-p1-adaptive,infra-smoke-79f52c28-80c7-58e0-a1f0-e0f48c3b46e4,completed_late,60.608999999999924
b1-p2-fixed-2,infra-smoke-f3bd558e-556c-5962-abea-bd7d0c9d6d07,completed_in_time,4.031999999999982
b1-p2-fixed-2,infra-smoke-0161fad5-e58e-5bb5-8376-e8f6576444f5,completed_in_time,3.562999999999988
b1-p2-fixed-2,infra-smoke-e5e06ea7-c692-5f1a-a46b-58bd7270ef10,completed_in_time,3.0470000000000255
b1-p2-fixed-2,infra-smoke-b4764a0c-1f6b-5817-baaa-96006113a6dc,completed_in_time,2.562999999999988
b1-p2-fixed-2,infra-smoke-eb9ef1a8-01d7-515a-aa05-a4decc640115,completed_in_time,2.062999999999988
b1-p2-fixed-2,infra-smoke-307f3593-c206-5c80-99cb-a2fd697b9ba3,completed_in_time,6.8279999999999745
b1-p2-fixed-2,infra-smoke-e37bbf3c-0177-54f7-ae1e-0a7575b8c5e8,completed_in_time,6.218999999999994
b1-p2-fixed-2,infra-smoke-0aae68b6-438f-5836-9e0c-e76f9f0b68a4,completed_in_time,5.7339999999999804
b1-p2-fixed-2,infra-smoke-7d185dfd-0150-5d00-ba9f-af6eb7ae0053,completed_in_time,5.235000000000014
b1-p2-fixed-2,infra-smoke-ff0a6380-e9ac-580d-959b-cc592b9b7dab,completed_in_time,4.8279999999999745
b1-p2-fixed-2,infra-smoke-ba3dc3f7-8c16-59f7-8764-4c737ce29bc3,completed_in_time,4.3279999999999745
b1-p2-fixed-2,infra-smoke-fa8d4f0e-bc6b-58b0-8262-b7c57b7569e9,completed_in_time,3.843999999999994
b1-p2-fixed-2,infra-smoke-0fab97d9-2831-531f-b12a-2e25e4e73149,completed_in_time,3.343999999999994
b1-p2-fixed-2,infra-smoke-f7e17afd-1647-5084-8a7b-e023141311e1,completed_in_time,2.8290000000000077
b1-p2-fixed-2,infra-smoke-439126e2-cf93-5989-911e-58dce8b9fb3b,completed_in_time,2.3589999999999804
b1-p2-fixed-2,infra-smoke-f70f3ae7-1fd2-50bd-be04-7ad386c283e1,completed_in_time,6.843999999999994
b1-p2-fixed-2,infra-smoke-b9ecce2b-d53a-5078-8f5e-17db1611ad55,completed_in_time,12.109000000000037
b1-p2-fixed-2,infra-smoke-a8f2d465-7b37-5b81-8768-26d641e594a6,completed_in_time,5.7029999999999745
b1-p2-fixed-2,infra-smoke-9652e608-75f3-5f71-a89b-47ecdd5a3aac,completed_in_time,5.110000000000014
b1-p2-fixed-2,infra-smoke-923883dc-32ba-5aa9-9bcc-7bb3fc0ee88b,completed_in_time,4.7970000000000255
b1-p2-fixed-2,infra-smoke-566a7885-606b-573a-85c6-9ccf07c8a5c8,completed_in_time,9.796999999999969
b1-p2-fixed-2,infra-smoke-cfb90584-9653-5548-92f2-1a172f0d9380,completed_in_time,3.8290000000000077
b1-p2-fixed-2,infra-smoke-6643f6d9-3306-5324-8b3b-3c34562b0243,completed_in_time,3.3279999999999745
b1-p2-fixed-2,infra-smoke-dfe2c2f0-18ea-5501-8bca-2890561dde37,completed_in_time,2.8909999999999627
b1-p2-fixed-2,infra-smoke-48bf695a-e802-5b49-a296-a0de4dd852d9,completed_in_time,2.343999999999994
b1-p2-fixed-2,infra-smoke-5236edd8-6112-55ed-9cd8-cbe3019e0994,completed_in_time,1.9069999999999823
b1-p2-fixed-2,infra-smoke-fd725f26-d1a1-5f45-bf9c-3827e596576b,completed_in_time,7.3279999999999745
b1-p2-fixed-2,infra-smoke-f8080b95-66fc-5160-a50b-401b638fbabb,completed_in_time,6.687000000000012
b1-p2-fixed-2,infra-smoke-cb6c4936-e663-51b9-a45c-1f85f6a23ead,completed_in_time,5.8279999999999745
b1-p2-fixed-2,infra-smoke-f960a57e-9cfb-52ce-bae2-e2738e899f04,completed_in_time,6.437999999999988
b1-p2-fixed-2,infra-smoke-7dc0df23-4ad7-557c-9c06-fbc611a3c099,completed_in_time,6.015000000000043
b1-p2-fixed-2,infra-smoke-5f17ac9b-f97d-5bdb-901f-e7d39e9dbe79,completed_in_time,5.453000000000031
b1-p2-fixed-2,infra-smoke-189d4557-3d55-5def-aa16-da914e0108c4,completed_in_time,4.735000000000014
b1-p2-fixed-2,infra-smoke-974b37d8-5b99-5102-8207-c0a03dfc4fbc,completed_in_time,5.625
b1-p2-fixed-2,infra-smoke-521eda9f-c15b-50a3-bfeb-429e7e6e236a,completed_in_time,5.3589999999999804
b1-p2-fixed-2,infra-smoke-78cae365-7f0f-5e3f-99a4-8f71b92afd26,completed_in_time,5.093000000000018
b1-p2-fixed-2,infra-smoke-0cb0c162-a062-50b9-9436-555883b7f845,completed_in_time,5.421999999999969
b1-p2-fixed-2,infra-smoke-1730b4fb-32f5-57ca-a984-a1039a04f808,completed_in_time,5.187000000000012
b1-p2-fixed-2,infra-smoke-b4280738-15c7-52cb-8813-242d0dd8c24b,completed_in_time,4.984000000000037
b1-p2-fixed-2,infra-smoke-8bedb7ea-b93a-5a9d-98c6-89dbc793f454,completed_in_time,4.937999999999988
b1-p2-fixed-2,infra-smoke-2e3cdebd-3443-5c85-81e3-265fdef30f56,completed_in_time,6.25
b1-p2-fixed-2,infra-smoke-5992b708-2fd8-5f3c-9c10-7b2da908cb12,completed_in_time,6.0
b1-p2-fixed-2,infra-smoke-99c6e9e9-98d5-5e79-bc80-453376c7b40d,completed_in_time,6.187999999999988
b1-p2-fixed-2,infra-smoke-52e17a34-984b-56ae-80ac-2126353a86e7,completed_in_time,7.125
b1-p2-fixed-2,infra-smoke-00ee9450-5046-55ee-8eab-905888fa7f4f,completed_in_time,6.5470000000000255
b1-p2-fixed-2,infra-smoke-c19c6377-6b85-5cd3-a39c-a5853452039a,completed_in_time,6.609000000000037
b1-p2-fixed-2,infra-smoke-2ead0035-ea8d-5af7-a0dc-c2395c762439,completed_in_time,6.1410000000000196
b1-p2-fixed-2,infra-smoke-5298502e-3b91-58cf-a947-2bf4f15cc713,completed_in_time,7.735000000000014
b1-p2-fixed-2,infra-smoke-528ea394-35dd-5f6c-8a9c-27c355f32259,completed_in_time,6.5
b1-p2-fixed-2,infra-smoke-4b51a060-6419-5696-8bee-4c78569ba63a,completed_in_time,6.5160000000000196
b1-p2-fixed-2,infra-smoke-97f7352e-6645-5035-a453-689ed585ade0,completed_in_time,6.656000000000006
b1-p2-fixed-2,infra-smoke-ea354820-7375-5288-95e7-b58ec124d81c,completed_in_time,6.5
b1-p2-fixed-2,infra-smoke-a0096c15-488d-539a-b24b-6b5262ec0bcc,completed_in_time,6.218999999999994
b1-p2-fixed-2,infra-smoke-9d6394f8-b4b9-5d9b-a654-43666399d7cf,completed_in_time,6.593999999999994
b1-p2-fixed-2,infra-smoke-acac3a28-4abc-5044-9f90-0305f33f743e,completed_in_time,6.6410000000000196
b1-p2-fixed-2,infra-smoke-855211af-3353-5122-8084-f1d811c1b309,completed_in_time,6.656000000000006
b1-p2-fixed-2,infra-smoke-836c5b4f-e821-52f6-a8b1-d20d77536b32,completed_in_time,7.562999999999988
b1-p2-fixed-2,infra-smoke-68bb0463-e9ee-573f-8767-8e657a832b6c,completed_in_time,7.4529999999999745
b1-p2-fixed-2,infra-smoke-cc211939-61f7-50c2-98c6-9bc0faecaae4,completed_in_time,7.5
b1-p2-fixed-2,infra-smoke-12850d01-bf7f-58b6-b579-834a13107b3d,completed_in_time,7.937000000000012
b1-p2-fixed-2,infra-smoke-96093d32-ba39-54ad-bc8a-f6c3d7e84a95,completed_in_time,8.156999999999982
b1-p2-fixed-2,infra-smoke-240757bd-51a5-56c5-bff0-d9179a7e5d17,completed_in_time,7.6720000000000255
b1-p2-fixed-2,infra-smoke-cfe4ec45-aea3-5eff-97d8-3cbd303b9001,completed_in_time,7.421999999999969
b1-p2-fixed-2,infra-smoke-f1962619-fe4a-57aa-90e3-175acbc79462,completed_in_time,7.984000000000037
b1-p2-fixed-2,infra-smoke-ebc8b284-8a9a-55bc-8a7f-41a7f278e6f4,completed_in_time,7.796999999999969
b1-p2-fixed-2,infra-smoke-ed0a5e1e-ff4e-5e23-9289-d1ee0a67a20a,completed_in_time,8.297000000000025
b1-p2-fixed-2,infra-smoke-8567cf0b-43e7-5dd8-9ae4-d9b167e0dac5,completed_in_time,8.577999999999975
b1-p2-fixed-2,infra-smoke-81bedee4-3e4b-50e0-b952-d169805bb7f4,completed_in_time,7.781000000000006
b1-p2-fixed-2,infra-smoke-36b4386e-2493-58a0-b989-5695e55a6fb5,completed_in_time,8.26600000000002
b1-p2-fixed-2,infra-smoke-f6414817-e32b-5590-9c0d-474b6b5a2c77,completed_in_time,8.109000000000037
b1-p2-fixed-2,infra-smoke-09d3145f-5c06-542a-a446-3aab39284876,completed_in_time,9.125
b1-p2-fixed-2,infra-smoke-a5bd3e6b-4386-5da3-abc1-01ae083bbf5e,completed_in_time,7.937000000000012
b1-p2-fixed-2,infra-smoke-62e046c7-a598-5a44-8416-fadd55d051f5,completed_in_time,8.687999999999988
b1-p2-fixed-2,infra-smoke-c2a7779f-447e-5ab8-9be3-4e959ecce086,completed_in_time,8.827999999999975
b1-p2-fixed-2,infra-smoke-36b21e1c-cb4d-56ac-99a1-dc8989fcbf47,completed_in_time,8.453000000000031
b1-p2-fixed-2,infra-smoke-941bb1ed-ff5c-51cb-a836-a1a498b798a6,completed_in_time,9.593999999999994
b1-p2-fixed-2,infra-smoke-c797d5fc-8a71-5f33-891e-67b3653c3346,completed_in_time,8.921999999999969
b1-p2-fixed-2,infra-smoke-67cb99de-e95a-525a-87ef-d7017929e4d8,completed_in_time,9.35899999999998
b1-p2-fixed-2,infra-smoke-4892a039-68b9-5773-87dc-46e440d3a83e,completed_in_time,8.984000000000037
b1-p2-fixed-2,infra-smoke-cf403ac3-86f8-5688-afea-b50e626f2275,completed_in_time,9.562000000000012
b1-p2-fixed-2,infra-smoke-5c7f0bca-97a5-5247-b2f3-96d2e5add572,completed_in_time,9.202999999999975
b1-p2-fixed-2,infra-smoke-28826c2d-d741-51f3-badb-1a1d01eec025,completed_in_time,9.297000000000025
b1-p2-fixed-2,infra-smoke-68c61e3b-ffb7-54a6-9393-c29ceceee5a8,completed_in_time,9.25
b1-p2-fixed-2,infra-smoke-5e1f931c-73b1-5cc0-8cb4-96c1678a49fd,completed_in_time,9.202999999999975
b1-p2-fixed-2,infra-smoke-5cb83b9d-35e1-5033-9314-699c44457242,completed_in_time,9.234000000000037
b1-p2-fixed-2,infra-smoke-78eb69f9-b50f-5a21-8bef-73203085a324,completed_in_time,9.187000000000012
b1-p2-fixed-2,infra-smoke-4151431c-ca0a-5fed-8ef9-f9d419d3cbe7,completed_in_time,9.202999999999975
b1-p2-fixed-2,infra-smoke-dc5909a2-a79f-5207-8f18-cdc48921ee05,completed_in_time,9.172000000000025
b1-p2-fixed-2,infra-smoke-0b503c4d-f668-583c-ba6b-ae9fda2c051b,completed_in_time,12.312000000000069
b1-p2-fixed-2,infra-smoke-9ae3cb90-104c-5309-bb3a-4209254d6c69,completed_in_time,11.109999999999957
b1-p2-fixed-2,infra-smoke-dfd7f159-5421-51d8-8e03-e2792f601d6b,completed_in_time,11.312999999999988
b1-p2-fixed-2,infra-smoke-4efbe3a3-0326-5f90-a71c-583a47112904,completed_in_time,10.594000000000051
b1-p2-fixed-2,infra-smoke-e9471ce5-bb05-59c5-a6b5-06fa11fdde7a,completed_in_time,11.515999999999963
b1-p2-fixed-2,infra-smoke-7a831d40-d8ec-57c2-b88d-5c0fc3cdf8ea,completed_in_time,11.468999999999994
b1-p2-fixed-2,infra-smoke-fc5a2797-0afe-5a16-80ec-3361881fa501,completed_in_time,11.406999999999982
b1-p2-fixed-2,infra-smoke-fb4b092e-575f-51b1-9f40-213dbb8e3f09,completed_in_time,10.437000000000012
b1-p2-fixed-2,infra-smoke-f0169806-63ce-578f-9fd8-7090a91303fb,completed_in_time,11.406000000000006
b1-p2-fixed-2,infra-smoke-85094c0c-dc0b-5220-87fd-e30a5f5234d3,completed_in_time,10.187999999999988
b1-p2-fixed-2,infra-smoke-a2f4ad95-ba21-5baf-8224-f99f4268cf06,completed_in_time,11.406999999999982
b1-p2-fixed-2,infra-smoke-ac7ecfcb-7208-5c38-8d31-0f807fd3b2fa,completed_in_time,10.01600000000002
b1-p2-fixed-2,infra-smoke-d710eb31-6ac2-550c-bf5d-ead78b3f43b6,completed_in_time,11.359999999999957
b1-p2-fixed-2,infra-smoke-28d58b19-b05c-538f-97c4-3b3bee1b29d7,completed_in_time,10.437999999999931
b1-p2-fixed-2,infra-smoke-3936789b-5e95-5a36-abf0-b2ee85e38b22,completed_in_time,9.828000000000031
b1-p2-fixed-2,infra-smoke-8d96b4b6-a30e-5728-95ad-92e19ec9153a,completed_in_time,10.937999999999988
b1-p2-fixed-2,infra-smoke-db4f012e-5e3f-5545-bb26-8b43fa633fd4,completed_in_time,11.625
b1-p2-fixed-2,infra-smoke-bac2d895-2963-5c51-af0f-3ad33632a58a,completed_in_time,12.203000000000031
b1-p2-fixed-2,infra-smoke-15cfc0b2-6167-5b9f-9eac-6041af50cd46,completed_in_time,11.922000000000025
b1-p2-fixed-2,infra-smoke-4e5ca66d-c3fe-55c0-bd35-9862a13cdba7,completed_in_time,11.98399999999998
b1-p2-fixed-2,infra-smoke-4544712d-fd58-5a4e-89bc-20ef93414c71,completed_in_time,13.203000000000031
b1-p2-fixed-2,infra-smoke-e68653c4-513f-5c0d-b4ed-2f2a0edcf866,completed_in_time,12.218999999999994
b1-p2-fixed-2,infra-smoke-c915ff93-8859-5a95-a511-a8e57fd1bee9,completed_in_time,12.187000000000069
b1-p2-fixed-2,infra-smoke-79a6196b-a404-537e-872b-8d024a6e08c6,completed_in_time,12.109000000000037
b1-p2-fixed-2,infra-smoke-a8f35176-f94a-5138-9c48-2d9bfcd95651,completed_in_time,13.406000000000063
b1-p2-fixed-2,infra-smoke-35e33702-cfcd-50aa-9d9a-eefcbe5176b6,completed_in_time,13.079000000000008
b1-p2-fixed-2,infra-smoke-d9c3bfab-6974-5b7b-a83a-7fbbe640f907,completed_in_time,12.5
b1-p2-fixed-2,infra-smoke-61bb032b-ea95-55f2-bbe5-abd1bf96eb35,completed_in_time,12.218000000000075
b1-p2-fixed-2,infra-smoke-0e7e421a-2d4c-5c62-b96f-0f921c94b9e0,completed_in_time,12.48399999999998
b1-p2-fixed-2,infra-smoke-aaa45bff-3b6c-5fb7-bc88-1955aed31e4c,completed_in_time,12.718999999999994
b1-p2-fixed-2,infra-smoke-62f88d07-7add-5e91-a333-e908eab750ad,completed_in_time,12.125
b1-p2-fixed-2,infra-smoke-25c5f864-a62b-553e-a745-701e8ae85500,completed_in_time,12.51600000000002
b1-p2-fixed-2,infra-smoke-985590ed-da4d-5644-84a8-0308f7479695,completed_in_time,14.359000000000037
b1-p2-fixed-2,infra-smoke-27ea0b58-55b7-5b6e-94e3-7c1dc1844a25,completed_in_time,13.327999999999975
b1-p2-fixed-2,infra-smoke-a8997750-4df0-51bb-a393-b5e393047123,completed_in_time,13.515000000000043
b1-p2-fixed-2,infra-smoke-9c2c8146-bae7-572f-8980-10234e093852,completed_in_time,14.125
b1-p2-fixed-2,infra-smoke-d47fefbb-160f-5984-bf63-aebe0cfba7c8,completed_in_time,13.781000000000063
b1-p2-fixed-2,infra-smoke-addc61dc-16a4-5d2c-bc85-429a76713d81,completed_in_time,13.281000000000063
b1-p2-fixed-2,infra-smoke-1a75eda3-6daa-5af2-863f-fbe579cc8007,completed_in_time,14.531000000000063
b1-p2-fixed-2,infra-smoke-1041c538-77e4-5c57-a983-d66af571fdeb,completed_in_time,13.734000000000037
b1-p2-fixed-2,infra-smoke-5acbddfc-487c-5fa8-9c2a-a83ffd75ae97,completed_in_time,13.812999999999988
b1-p2-fixed-2,infra-smoke-c18c0a40-9868-55a8-b018-eb557eca6221,completed_in_time,14.203000000000031
b1-p2-fixed-2,infra-smoke-77b2fec7-12b0-5344-8ffd-07cac9580727,completed_in_time,14.124999999999943
b1-p2-fixed-2,infra-smoke-53939d93-32a8-5c7c-ab11-6a1f989d27d9,completed_in_time,14.25
b1-p2-fixed-2,infra-smoke-2d170926-9e51-58e3-bf9d-616e2bc84a7e,completed_in_time,14.60899999999998
b1-p2-fixed-2,infra-smoke-58e7fcfe-cb62-5cd1-b299-c716ec426e61,completed_in_time,13.937999999999931
b1-p2-fixed-2,infra-smoke-f7b6ba6f-5a48-5c93-841e-a24830737731,completed_in_time,14.5
b1-p2-fixed-2,infra-smoke-01530415-05d5-50dd-ae17-4074609c8825,completed_in_time,14.296999999999969
b1-p2-fixed-2,infra-smoke-82cc07f1-7bd6-56fa-90c6-f7f1db2de637,completed_in_time,14.703000000000031
b1-p2-fixed-2,infra-smoke-dc4636c8-0986-55ed-9293-c1004e50fb7a,completed_in_time,14.890999999999963
b1-p2-fixed-2,infra-smoke-070b375d-4257-5fa4-832e-3e884a57e777,completed_in_time,15.015999999999963
b1-p2-fixed-2,infra-smoke-13a67d4a-1258-5358-869e-e972e933b5a3,completed_in_time,15.406000000000006
b1-p2-fixed-2,infra-smoke-9078c4cf-4164-5c8f-9d24-febc3f087e74,completed_in_time,16.702999999999975
b1-p2-fixed-2,infra-smoke-55c16fad-723c-5d3d-bbf0-4abbc23734ae,completed_in_time,15.39100000000002
b1-p2-fixed-2,infra-smoke-58daae93-745c-5a2b-a82e-ee8c2bf351d1,completed_in_time,15.218999999999994
b1-p2-fixed-2,infra-smoke-658cb237-0438-536c-a1d3-6cd91d66f09a,completed_in_time,15.702999999999975
b1-p2-fixed-2,infra-smoke-ec6d6303-2e9c-5672-ba1a-683263fedc65,completed_in_time,16.187000000000012
b1-p2-fixed-2,infra-smoke-3fff8677-a25a-5bad-9152-57dbe1fe6540,completed_in_time,15.797000000000025
b1-p2-fixed-2,infra-smoke-296cfcbb-a746-5352-9b42-4807013a1292,completed_in_time,15.187000000000012
b1-p2-fixed-2,infra-smoke-034663f5-10b9-5bec-886e-06bd517b76e7,completed_in_time,16.500000000000057
b1-p2-fixed-2,infra-smoke-7776cc94-e376-5209-996b-9cdd8120272d,completed_in_time,15.578000000000031
b1-p2-fixed-2,infra-smoke-34f31c88-2905-5c71-87d6-ab651ba9d001,completed_in_time,16.999999999999943
b1-p2-fixed-2,infra-smoke-5f1ce216-ea45-5bfc-b467-5805a41973e8,completed_in_time,15.889999999999986
b1-p2-fixed-2,infra-smoke-af68af04-05aa-54c8-9515-0f301468494a,completed_in_time,16.031000000000006
b1-p2-fixed-2,infra-smoke-951056cf-649b-546c-8c55-0522910955f7,completed_in_time,17.01600000000002
b1-p2-fixed-2,infra-smoke-3d009288-4a18-5966-a278-e11e86f25983,completed_in_time,16.218999999999994
b1-p2-fixed-2,infra-smoke-377463e0-8df1-517a-aa3e-39af766da364,completed_in_time,16.624999999999943
b1-p2-fixed-2,infra-smoke-62a2a897-712a-56f3-a172-af13c01a48a8,completed_in_time,16.718999999999994
b1-p2-fixed-2,infra-smoke-b6c45bc3-f781-559e-80ae-41e13197b39c,completed_in_time,17.047000000000025
b1-p2-fixed-2,infra-smoke-9d3588b0-2115-548c-98f4-833846062dfd,completed_in_time,17.514999999999986
b1-p2-fixed-2,infra-smoke-c67551cd-14e1-55ef-a067-ddb46aab1332,completed_in_time,18.26600000000002
b1-p2-fixed-2,infra-smoke-8ca30f60-2761-5ce4-b124-c2e6e699a53d,completed_in_time,17.42199999999997
b1-p2-fixed-2,infra-smoke-392190de-6b26-5c0d-a8b7-86a11b0d75b8,completed_in_time,17.204000000000008
b1-p2-fixed-2,infra-smoke-e867f188-489f-5038-bd4a-1c0bbc3d27d5,completed_in_time,17.297000000000025
b1-p2-fixed-2,infra-smoke-8a9d3bdb-ae2d-5472-8e15-5f696af6a094,completed_in_time,17.42100000000005
b1-p2-fixed-2,infra-smoke-ffab0a01-3e68-558b-ac8c-b9e77f7d5038,completed_in_time,18.234999999999957
b1-p2-fixed-2,infra-smoke-c2c0a598-6cb1-51cd-aaed-c3d2c8875041,completed_in_time,16.734999999999957
b1-p2-fixed-2,infra-smoke-1bf8c285-6b72-5a66-8ec2-107eddd6befd,completed_in_time,17.812999999999988
b1-p2-fixed-2,infra-smoke-e2f643f8-d9ac-530c-80f7-f2454135d55e,completed_in_time,17.327999999999975
b1-p2-fixed-2,infra-smoke-6aae4ba9-9304-54c4-9d92-22b9c2def359,completed_in_time,18.0
b1-p2-fixed-2,infra-smoke-5db5073c-8479-55ec-ac9d-23ae2feff3a7,completed_in_time,18.281999999999982
b1-p2-fixed-2,infra-smoke-e823f568-872f-593d-901a-09146ded9983,completed_in_time,17.79699999999997
b1-p2-fixed-2,infra-smoke-743caa8e-7a1b-5cd3-bd4f-edb03edfa05e,completed_in_time,18.687000000000012
b1-p2-fixed-2,infra-smoke-ebba629a-39c9-5bc0-be0f-69431f471488,completed_in_time,19.079000000000008
b1-p2-fixed-2,infra-smoke-0bd2a415-3976-5083-a732-2f8d0a63850a,completed_in_time,18.718000000000075
b1-p2-fixed-2,infra-smoke-23953fac-46a9-5d44-a15e-af1c87412dad,completed_in_time,18.54699999999997
b1-p2-fixed-2,infra-smoke-750bdc21-3ab5-5eea-88f3-b936ca3ce663,completed_in_time,19.079000000000008
b1-p2-fixed-2,infra-smoke-e1ee8531-8a27-5f50-bd0a-1902ed6086f3,completed_in_time,18.03099999999995
b1-p2-fixed-2,infra-smoke-10db8d60-b04e-5af7-8364-c90f9b19f977,completed_in_time,19.093999999999994
b1-p2-fixed-2,infra-smoke-597173fb-1d53-53bb-b50a-b9dbe8335c03,completed_in_time,18.84299999999996
b1-p2-fixed-2,infra-smoke-4c90eae6-8cc8-5840-a667-1c3b34c815b0,completed_in_time,19.875
b1-p2-fixed-2,infra-smoke-0849397c-cc2a-5dd0-98ac-df6c6cfb123c,completed_in_time,18.29699999999997
b1-p2-fixed-2,infra-smoke-bf40d158-250c-514a-a581-e2f25f6bc1ec,completed_in_time,18.92199999999997
b1-p2-fixed-2,infra-smoke-de5f0c97-cbe5-5c57-b08a-9f4ca126b073,completed_in_time,19.01600000000002
b1-p2-fixed-2,infra-smoke-907070cf-c72d-5b88-81d8-21d5ae89847c,completed_in_time,19.18799999999993
b1-p2-fixed-2,infra-smoke-6f94aa91-7e4e-56e9-b5df-e9a165e80cbb,completed_in_time,19.500000000000057
b1-p2-fixed-2,infra-smoke-7d60b991-37c3-55a4-bd01-d19e0fc3c724,completed_in_time,19.140999999999963
b1-p2-fixed-2,infra-smoke-e5a3ec10-539e-5c0b-82d6-e84a2dff1260,completed_in_time,19.499999999999943
b1-p2-fixed-2,infra-smoke-5288d5e7-1e1d-57e7-83d3-95f78d2a99d6,completed_in_time,19.843999999999994
b1-p2-fixed-2,infra-smoke-5ea5af57-e184-588e-9685-26ca9c190451,completed_in_time,19.92199999999997
b1-p2-fixed-2,infra-smoke-b89aeee6-424b-5135-9787-77ec2c4aebce,completed_in_time,20.01600000000002
b1-p2-fixed-2,infra-smoke-e2ef32c2-6c5a-5021-9576-2525aa1975c6,completed_in_time,19.702999999999975
b1-p2-fixed-2,infra-smoke-eee3e029-d098-591d-b039-b6f5e2ebb923,completed_in_time,20.125
b1-p2-fixed-2,infra-smoke-447fdfaa-0332-5d5c-a6fb-e2c66996778d,completed_in_time,20.140000000000043
b1-p2-fixed-2,infra-smoke-fda84df6-18ba-5d99-9d03-8bb3d6e01a56,completed_in_time,20.531999999999982
b1-p2-fixed-2,infra-smoke-accc8f78-a580-5920-b5d3-abaf65b0bf67,completed_in_time,20.51600000000002
b1-p2-fixed-2,infra-smoke-bcd38b09-ff67-53a2-9732-4f9e4a1e8c20,completed_in_time,20.875
b1-p2-fixed-2,infra-smoke-88943e9b-04b3-576a-bb40-844ab254d981,completed_in_time,20.92199999999997
b1-p2-fixed-2,infra-smoke-a55b8fa6-a51e-513d-94e8-7b1b517be036,completed_in_time,20.984000000000037
b1-p2-fixed-2,infra-smoke-17f33147-d7bd-5c8d-ac05-66f987ac1a07,completed_in_time,20.31299999999993
b1-p2-fixed-2,infra-smoke-6a09fccd-87f2-58db-bd1c-e3399d73a54f,completed_in_time,20.70300000000003
b1-p2-fixed-2,infra-smoke-59c142de-c5d3-5396-a03b-1a8a74b2030b,completed_in_time,20.79699999999997
b1-p2-fixed-2,infra-smoke-53477104-4cc1-5f74-9f87-8bedd2873784,completed_in_time,20.702999999999975
b1-p2-fixed-2,infra-smoke-35d4b2d3-690a-56a3-a89c-b5ce3febf95f,completed_in_time,21.359999999999957
b1-p2-fixed-2,infra-smoke-751708eb-e3a1-564a-960f-de874cfb955b,completed_in_time,21.281000000000063
b1-p2-fixed-2,infra-smoke-4601c142-ee40-531d-8e17-c2ad60a1f830,completed_in_time,22.906000000000063
b1-p2-fixed-2,infra-smoke-977fe0b0-e509-54bb-a51c-0ca889e1fb9e,completed_in_time,21.64100000000002
b1-p2-fixed-2,infra-smoke-b3f3affa-2937-5ea5-9a4a-06290a2a816c,completed_in_time,21.29699999999997
b1-p2-fixed-2,infra-smoke-25203a47-69e4-576d-aa28-2a4bb61fee16,completed_in_time,21.812999999999988
b1-p2-fixed-2,infra-smoke-b65e2151-1fc8-5887-8809-82d340496ff6,completed_in_time,21.875000000000057
b1-p2-fixed-2,infra-smoke-d0a5e00a-d80c-5873-8843-4bce0cb9220d,completed_in_time,22.406999999999982
b1-p2-fixed-2,infra-smoke-cfa0c38c-b844-57e9-85fa-8fedf049090a,completed_in_time,22.51600000000002
b1-p2-fixed-2,infra-smoke-76060c88-860e-5c28-bd0a-178cf4d50e82,completed_in_time,22.60899999999998
b1-p2-fixed-2,infra-smoke-4a85a1fa-5a20-5306-a537-2a015ac9e36b,completed_in_time,23.093999999999994
b1-p2-fixed-2,infra-smoke-d31fce87-2cb5-5708-9ea1-23b6db57f199,completed_in_time,22.93700000000007
b1-p2-fixed-2,infra-smoke-61e9d80f-0229-585c-87d8-d636c60bb3ab,completed_in_time,23.202999999999975
b1-p2-fixed-2,infra-smoke-6c2cf7cd-d6c5-50d8-b085-d779bbc5422f,completed_in_time,22.68799999999993
b1-p2-fixed-2,infra-smoke-b6119b01-5f0a-5d4d-92e5-30d96813cc8c,completed_in_time,22.593999999999994
b1-p2-fixed-2,infra-smoke-620b15e6-97cc-55e8-a3d8-a2a628b647b2,completed_in_time,22.625000000000057
b1-p2-fixed-2,infra-smoke-5fc414a6-fe75-522c-a74d-5170112f1c01,completed_in_time,23.406999999999982
b1-p2-fixed-2,infra-smoke-4d96e07d-f937-5fe2-bb14-7a5a80789a0a,completed_in_time,23.577999999999975
b1-p2-fixed-2,infra-smoke-1c6ed7c3-2513-5213-a047-bf6fb5e99df3,completed_in_time,23.484999999999957
b1-p2-fixed-2,infra-smoke-ffd08a87-1450-5abb-a3ea-cae1e4536153,completed_in_time,23.93700000000007
b1-p2-fixed-2,infra-smoke-bd926c13-4b3e-5566-85d9-421785415b48,completed_in_time,23.625
b1-p2-fixed-2,infra-smoke-0ebc6d79-f437-5c87-ae9b-850b5109023c,completed_in_time,23.42199999999997
b1-p2-fixed-2,infra-smoke-37523211-c97c-5314-afcb-c37e29a82110,completed_in_time,24.17199999999997
b1-p2-fixed-2,infra-smoke-242721ab-df54-5c6c-af4b-f433301d9097,completed_in_time,23.906000000000006
b1-p2-fixed-2,infra-smoke-6c5ba679-dbe7-5624-a84e-b887c9eba8d6,completed_in_time,24.093000000000075
b1-p2-fixed-2,infra-smoke-358c778b-2f13-5b3a-87b9-71c1a95652cb,completed_in_time,24.5
b1-p2-fixed-2,infra-smoke-7850767d-23f5-5c99-bc58-53fcc664961d,completed_in_time,24.422000000000025
b1-p2-fixed-2,infra-smoke-6483b4a9-3e8f-5639-bb2e-a7221334ae51,completed_in_time,24.204000000000008
b1-p2-fixed-2,infra-smoke-e39af44d-ca74-5cb8-8eca-c36754e713bf,completed_in_time,24.406999999999982
b1-p2-fixed-2,infra-smoke-545951f3-e7fb-5551-9983-40b70645cb26,completed_in_time,24.312000000000012
b1-p2-fixed-2,infra-smoke-be057506-6542-54cb-8eaa-f75aa1a83026,completed_in_time,24.093999999999994
b1-p2-fixed-2,infra-smoke-6aa4189d-ff80-50a1-9670-20c77a85e0c8,completed_in_time,24.32800000000003
b1-p2-fixed-2,infra-smoke-16689774-c083-5758-a4c5-bbc4f57d41a6,completed_in_time,24.375000000000057
b1-p2-fixed-2,infra-smoke-d6136b25-1e50-5c40-98c1-6005a597bba7,completed_in_time,24.28099999999995
b1-p2-fixed-2,infra-smoke-ff05de23-e79d-5e9d-be8c-029b4814fd5e,completed_in_time,26.54600000000005
b1-p2-fixed-2,infra-smoke-36a2943a-ed68-581c-bbed-b0f8d289a480,completed_in_time,25.70300000000003
b1-p2-fixed-2,infra-smoke-c6e2d4e0-64ef-54c9-b845-75c02f920c5e,completed_in_time,26.093999999999994
b1-p2-fixed-2,infra-smoke-99a8a274-deae-5650-b461-981faa0d2d4f,completed_in_time,25.92100000000005
b1-p2-fixed-2,infra-smoke-36af9ad3-a81f-509a-9fb4-cfaf0ee7151a,completed_in_time,26.39100000000002
b1-p2-fixed-2,infra-smoke-846221c9-01cd-5674-b115-0d9bff52f940,completed_in_time,25.51600000000002
b1-p2-fixed-2,infra-smoke-dd80d48f-2042-57f0-a9ca-a0892cb3ca86,completed_in_time,25.609000000000037
b1-p2-fixed-2,infra-smoke-225c3c76-b3a0-54d4-92b0-af8d9ee70ea7,completed_in_time,25.437000000000012
b1-p2-fixed-2,infra-smoke-15fa1c68-9abd-554a-9a30-e35bce3c8ee2,completed_in_time,25.51600000000002
b1-p2-fixed-2,infra-smoke-217aba86-3487-50a2-9936-a7767c3ad686,completed_in_time,26.109000000000037
b1-p2-fixed-2,infra-smoke-7f09fcb7-a01a-5d56-8dd7-fef08d2650b8,completed_in_time,25.577999999999975
b1-p2-fixed-2,infra-smoke-dfafda2b-e90a-5f54-999b-8efe4ec9c059,completed_in_time,25.79699999999997
b1-p2-fixed-2,infra-smoke-4c764f74-880f-55aa-9824-7675f2ce4f76,completed_in_time,25.062999999999988
b1-p2-fixed-2,infra-smoke-54cf8e81-6a7c-5d4a-8c96-b9bea0533ad7,completed_in_time,25.42100000000005
b1-p2-fixed-2,infra-smoke-7b20c119-8b4d-582e-a5a4-42905b86dc31,completed_in_time,25.718999999999994
b1-p2-fixed-2,infra-smoke-6567c99d-2933-5e2c-aaa7-5f8deb0dc557,completed_in_time,25.312000000000012
b1-p2-fixed-2,infra-smoke-311c1957-3d3b-58aa-8698-66ec254cd4b6,completed_in_time,27.59299999999996
b1-p2-fixed-2,infra-smoke-0f0f3490-97fd-5d8b-b866-2f164098a4c2,completed_in_time,26.79699999999997
b1-p2-fixed-2,infra-smoke-1e5fe210-a407-5f2d-a4bd-3669e21a61c7,completed_in_time,27.01600000000002
b1-p2-fixed-2,infra-smoke-4682f1b8-f4b1-5f6f-9f2c-71a4b245520b,completed_in_time,26.98399999999998
b1-p2-fixed-2,infra-smoke-93b39ab2-9195-559f-b29f-16c8aa1df307,completed_in_time,27.093000000000075
b1-p2-fixed-2,infra-smoke-a1812ef0-53ba-5f62-a691-387b7f1c0d49,completed_in_time,27.82800000000003
b1-p2-fixed-2,infra-smoke-56368036-dc32-5b9f-ae55-7cef96903d60,completed_in_time,26.6099999999999
b1-p2-fixed-2,infra-smoke-31251f45-de66-5c74-ac2e-0b5d4a1ae288,completed_in_time,27.203000000000088
b1-p2-fixed-2,infra-smoke-b086a0d6-01a4-590b-a4fe-b9d5620e1313,completed_in_time,27.312000000000012
b1-p2-fixed-2,infra-smoke-7a760a97-6350-5197-9c4f-f023cec79979,completed_in_time,27.312999999999988
b1-p2-fixed-2,infra-smoke-b70a490e-da94-5f12-b59f-5c1693a5ea0d,completed_in_time,27.202999999999975
b1-p2-fixed-2,infra-smoke-a6e2fa30-2add-59b0-9413-99b22c1f989f,completed_in_time,27.906000000000063
b1-p2-fixed-2,infra-smoke-03b4ba4f-d9cc-59b3-8a55-059db7f89d94,completed_in_time,27.234000000000037
b1-p2-fixed-2,infra-smoke-7b1326eb-1ca7-5bea-8f1c-e67ebf0eb460,completed_in_time,27.6099999999999
b1-p2-fixed-2,infra-smoke-5beaf239-bac9-5401-8926-4c95ef204360,completed_in_time,27.172000000000025
b1-p2-fixed-2,infra-smoke-2a049d41-dbcf-5e91-b77a-3cf8aa0baf6e,completed_in_time,27.235000000000014
b1-p2-fixed-2,infra-smoke-34cd44b8-c8b9-5dcf-81ad-9ca09acdd0c4,completed_in_time,28.28099999999995
b1-p2-fixed-2,infra-smoke-796d987c-5a0b-5afb-8660-7532332de596,completed_in_time,29.0
b1-p2-fixed-2,infra-smoke-0f299e6a-c937-5729-b545-fa8b5892c79f,completed_in_time,29.42100000000005
b1-p2-fixed-2,infra-smoke-35df1555-f533-52a7-a140-41fdd3d9dfe9,completed_in_time,28.234000000000037
b1-p2-fixed-2,infra-smoke-be639ee7-e10a-5799-bf23-b6c2e648c30c,completed_in_time,27.984000000000037
b1-p2-fixed-2,infra-smoke-4ecdad66-e4be-590b-b5ba-a5a5b42d739d,completed_in_time,29.40599999999995
b1-p2-fixed-2,infra-smoke-fa043fee-132c-5e3f-bdaa-7fef1154f289,completed_in_time,29.5
b1-p2-fixed-2,infra-smoke-520fda9a-22b9-5cfd-b6e3-76c7b85df6e3,completed_in_time,29.187999999999988
b1-p2-fixed-2,infra-smoke-c95e1eb2-c532-5dd5-9e98-b62b08ea22e3,completed_in_time,29.40599999999995
b1-p2-fixed-2,infra-smoke-979f2475-b4e3-55e5-8fd7-6af27f1803b7,completed_in_time,29.21900000000005
b1-p2-fixed-2,infra-smoke-c2143438-908c-5a1e-b57d-1221ab6d911d,completed_in_time,29.015999999999963
b1-p2-fixed-2,infra-smoke-f0d66dc2-5e6b-5f09-8a31-28017e18a07d,completed_in_time,28.421999999999912
b1-p2-fixed-2,infra-smoke-901570cb-be6b-5d29-8a1f-953c330e5ea8,completed_in_time,29.109000000000037
b1-p2-fixed-2,infra-smoke-e6c9dfb3-3ce5-53c2-9c14-a129dd07d2d2,completed_in_time,28.875
b1-p2-fixed-2,infra-smoke-50c094c1-0a2f-57fa-b43f-15642ca493d5,completed_in_time,28.875
b1-p2-fixed-2,infra-smoke-e361d547-a082-51b5-a6ce-69e61a3ba7ca,completed_in_time,29.718000000000075
b1-p2-fixed-2,infra-smoke-e96a049c-28f2-5252-a7d9-125ea153f2c6,completed_in_time,30.187000000000012
b1-p2-fixed-2,infra-smoke-34726690-8ff5-5932-acd2-b139f006f26c,completed_in_time,29.922000000000025
b1-p2-fixed-2,infra-smoke-13226936-4e58-51ee-81df-3fcef10e604e,completed_in_time,29.702999999999975
b1-p2-fixed-2,infra-smoke-d59b9e95-a03c-5a5a-90e8-602ec57f7c3e,completed_in_time,29.984000000000037
b1-p2-fixed-2,infra-smoke-3836cb72-ffcf-59db-91b3-e97fff835a4c,completed_in_time,30.484000000000037
b1-p2-fixed-2,infra-smoke-d3a39aa8-c7f6-5a42-9bc1-4188ad02d322,completed_in_time,30.578000000000088
b1-p2-fixed-2,infra-smoke-247d028f-a07d-5e18-847d-ee347546b716,completed_in_time,31.406000000000063
b1-p2-fixed-2,infra-smoke-e3f424ad-504f-50c4-8587-73fd842bf4f3,completed_in_time,30.46799999999996
b1-p2-fixed-2,infra-smoke-119716bc-5944-5250-80f5-13d8ad5aa400,completed_in_time,30.733999999999924
b1-p2-fixed-2,infra-smoke-b9d8471f-5ed5-5230-bcf5-80c563be6d9e,completed_in_time,30.90599999999995
b1-p2-fixed-2,infra-smoke-796105c5-72f4-59ae-b7f9-f6a9b67d2f85,completed_in_time,30.922000000000025
b1-p2-fixed-2,infra-smoke-3a2b037f-458c-5459-9b8c-58af161aad36,completed_in_time,31.21900000000005
b1-p2-fixed-2,infra-smoke-9d8c4944-1886-5fe6-b421-4ffd69c4ff67,completed_in_time,30.812000000000012
b1-p2-fixed-2,infra-smoke-a223e18e-6fdb-5fdb-bcbf-e8b8eeffea49,completed_in_time,30.827999999999975
b1-p2-fixed-2,infra-smoke-d36a1239-26ec-57a3-9ad8-b7a4466b5a09,completed_in_time,31.390999999999963
b1-p2-fixed-2,infra-smoke-da3f7898-147b-5812-a74c-2d65096ab2d8,completed_in_time,31.6099999999999
b1-p2-fixed-2,infra-smoke-0991271e-8643-5ec4-aa30-8db56d01bd92,completed_in_time,31.84299999999996
b1-p2-fixed-2,infra-smoke-da7953b8-e9f7-5c7b-a9c5-d290508748b6,completed_in_time,31.53099999999995
b1-p2-fixed-2,infra-smoke-b3e1019c-2451-54cc-a3e3-210f233083df,completed_in_time,31.70399999999995
b1-p2-fixed-2,infra-smoke-f1041531-3bfa-5314-b6ee-2c92d4a8049a,completed_in_time,31.391000000000076
b1-p2-fixed-2,infra-smoke-d75c8c50-9303-52ab-aa05-997d778fff11,completed_in_time,31.406000000000063
b1-p2-fixed-2,infra-smoke-803ee682-c8bb-5809-83db-fdea45fd2011,completed_in_time,31.781999999999925
b1-p2-fixed-2,infra-smoke-64d14059-8796-512b-89f5-1efa406d3829,completed_in_time,32.64099999999996
b1-p2-fixed-2,infra-smoke-5f65fc76-eeff-5747-a45a-b6bcc8a6ed81,completed_in_time,32.09400000000005
b1-p2-fixed-2,infra-smoke-5af44d8b-4c91-55d6-a482-20480d6bf1e2,completed_in_time,32.625
b1-p2-fixed-2,infra-smoke-2adb2f2c-a091-5290-a37f-74c1b202059f,completed_in_time,31.562999999999988
b1-p2-fixed-2,infra-smoke-d82aecb9-5464-52b0-af9f-a44c0caeba8e,completed_in_time,31.5
b1-p2-fixed-2,infra-smoke-75a42c2c-ceab-57c1-9ac6-776e438d1549,completed_in_time,33.031999999999925
b1-p2-fixed-2,infra-smoke-6ede819c-003a-5acd-b6c3-5f504d3c4bee,completed_in_time,32.5
b1-p2-fixed-2,infra-smoke-15f4da6a-bb03-5e53-b745-f4c36b805e81,completed_in_time,32.60900000000004
b1-p2-fixed-2,infra-smoke-09b0bcae-c771-585a-b6b4-f0bbe5c3b33a,completed_in_time,33.297000000000025
b1-p2-fixed-2,infra-smoke-ce4fb9b1-8134-5128-8343-25094d8e8e53,completed_in_time,32.827999999999975
b1-p2-fixed-2,infra-smoke-57824e4c-9957-58bb-8b55-4b4c0a424697,completed_in_time,32.889999999999986
b1-p2-fixed-2,infra-smoke-46a1c13f-1829-5164-b85d-fac5f9bdd9fd,completed_in_time,33.1400000000001
b1-p2-fixed-2,infra-smoke-4857a05e-4bfe-5e5d-8505-2463fca89fd1,completed_in_time,32.89099999999996
b1-p2-fixed-2,infra-smoke-644fd4bc-5196-57ee-bcde-a26b5d4d161a,completed_in_time,32.89099999999996
b1-p2-fixed-2,infra-smoke-20b2a67e-6ce5-5455-9a01-4c860d99f200,completed_in_time,33.422000000000025
b1-p2-fixed-2,infra-smoke-0d57ef72-2349-5bfa-938c-6e8250cf3636,completed_in_time,33.0
b1-p2-fixed-2,infra-smoke-025835b9-ea18-5dda-9398-a164bc084cb0,completed_in_time,33.625
b1-p2-fixed-2,infra-smoke-f4d41c6a-de67-5eb7-be85-2262070c58c7,completed_in_time,33.5
b1-p2-fixed-2,infra-smoke-ee0f04d3-a4da-5cc0-9b98-77b51b235a12,completed_in_time,33.28099999999995
b1-p2-fixed-2,infra-smoke-d661d15e-2013-5563-a235-2df5c0736543,completed_in_time,34.327999999999975
b1-p2-fixed-2,infra-smoke-e6bebfb5-4703-545f-bb2f-0617cf1628f9,completed_in_time,35.531999999999925
b1-p2-fixed-2,infra-smoke-1c20bcd4-e653-5ea5-8560-79425999bc2c,completed_in_time,34.57899999999995
b1-p2-fixed-2,infra-smoke-9ff64fd4-c00c-5a5f-ac84-61b4307a655a,completed_in_time,33.68799999999999
b1-p2-fixed-2,infra-smoke-37853b82-548d-53ec-9ad3-3dc719fa10fe,completed_in_time,35.18799999999999
b1-p2-fixed-2,infra-smoke-604059f7-2b5a-5de7-b86c-cbd2b89e4b0f,completed_in_time,33.96899999999994
b1-p2-fixed-2,infra-smoke-2ad3eacf-2fe4-55d9-95cc-e3f411a736d6,completed_in_time,35.28100000000006
b1-p2-fixed-2,infra-smoke-8891b8b5-769c-5843-97aa-b91636944a89,completed_in_time,34.98400000000004
b1-p2-fixed-2,infra-smoke-4e25fd5b-95fd-509f-94fd-5e69a71d8154,completed_in_time,35.21899999999994
b1-p2-fixed-2,infra-smoke-6acef44d-b6f3-5673-aac5-f6699b8034e1,completed_in_time,34.235000000000014
b1-p2-fixed-2,infra-smoke-4f1e90a6-1051-5d9a-89dd-dee75ecc837c,completed_in_time,35.43799999999999
b1-p2-fixed-2,infra-smoke-9df47457-1e42-5b76-8550-53223414d2e8,completed_in_time,35.09400000000005
b1-p2-fixed-2,infra-smoke-c84dfe25-3c3a-571b-9567-32a18169ad46,completed_in_time,34.93700000000001
b1-p2-fixed-2,infra-smoke-c5a729f1-9d20-5a37-b0fa-5dea32490a45,completed_in_time,34.81200000000001
b1-p2-fixed-2,infra-smoke-4f00cbf2-e909-5c76-a608-eeaacc527e7f,completed_in_time,35.78100000000006
b1-p2-fixed-2,infra-smoke-41a200ef-51c4-5e19-a23b-7de618e7617d,completed_in_time,35.46900000000005
b1-p2-fixed-2,infra-smoke-aeee59c5-c01e-5f73-8c3b-f98e80095491,completed_in_time,35.79699999999991
b1-p2-fixed-2,infra-smoke-5bd582ce-87f7-56fb-b86c-68021ca399cb,completed_in_time,37.04600000000005
b1-p2-fixed-2,infra-smoke-c5ee0c60-9850-5ea7-8330-fe563c7c09fc,completed_in_time,36.43799999999999
b1-p2-fixed-2,infra-smoke-8e078175-01fe-574a-a8cb-785c831ee649,completed_in_time,35.81299999999999
b1-p2-fixed-2,infra-smoke-38494f29-585b-54d2-bcac-e5217ca5ec42,completed_in_time,36.797000000000025
b1-p2-fixed-2,infra-smoke-c4c4fdef-c6f6-5685-9aa5-c2088b57c59e,completed_in_time,36.922000000000025
b1-p2-fixed-2,infra-smoke-c1f599ba-9a6b-5db1-ace6-36dd11ed16f9,completed_in_time,36.625
b1-p2-fixed-2,infra-smoke-2e56c0bc-d324-54a5-b484-cc5a625cadb3,completed_in_time,37.07800000000009
b1-p2-fixed-2,infra-smoke-9f1d09be-152c-5a6a-9b21-1136960685f1,completed_in_time,36.797000000000025
b1-p2-fixed-2,infra-smoke-b599eaff-747d-52db-844e-ccee9a560b83,completed_in_time,36.81299999999999
b1-p2-fixed-2,infra-smoke-8c655ade-a522-5d5a-8d67-0d599cbd64f1,completed_in_time,37.110000000000014
b1-p2-fixed-2,infra-smoke-1b608bfb-d6b9-5493-b734-6395bc3670b0,completed_in_time,36.0
b1-p2-fixed-2,infra-smoke-4a757169-a581-5eb3-9fd7-5c7bbf77b5f9,completed_in_time,35.46899999999994
b1-p2-fixed-2,infra-smoke-70649310-7868-5662-8058-b0126c824ef8,completed_in_time,36.59399999999994
b1-p2-fixed-2,infra-smoke-b6278f88-686b-5c22-b5cf-fbca2d05aaf2,completed_in_time,37.202999999999975
b1-p2-fixed-2,infra-smoke-2a0da794-782f-53f9-924a-d159742954ce,completed_in_time,36.71900000000005
b1-p2-fixed-2,infra-smoke-0a659bd4-b1c2-5664-890c-9da584e79b07,completed_in_time,37.375
b1-p2-fixed-2,infra-smoke-0f788ccd-ef8b-5a63-be70-6a3c4184a7dc,completed_in_time,37.07800000000009
b1-p2-fixed-2,infra-smoke-e866789e-a767-59f9-ae50-32ebdf27a4ca,completed_in_time,38.01599999999996
b1-p2-fixed-2,infra-smoke-35499b9d-1dfb-50ef-ad00-d7e591589ade,completed_in_time,38.110000000000014
b1-p2-fixed-2,infra-smoke-1531baf5-c324-52cf-a642-dd8697fe0e75,completed_in_time,37.327999999999975
b1-p2-fixed-2,infra-smoke-0c9f6c89-ac05-592b-91d7-1f51aac38227,completed_in_time,38.40599999999995
b1-p2-fixed-2,infra-smoke-2328a285-01f5-53d9-bd04-e38b0ad9baf2,completed_in_time,37.5
b1-p2-fixed-2,infra-smoke-6bfb4742-e623-5e1f-973c-cd3503fb4599,completed_in_time,38.28100000000006
b1-p2-fixed-2,infra-smoke-eb69b6aa-eb72-58f4-a2a2-04daf0173327,completed_in_time,38.82800000000009
b1-p2-fixed-2,infra-smoke-3c367cb6-5f1b-560b-a2bd-6ea8e8602c0e,completed_in_time,38.202999999999975
b1-p2-fixed-2,infra-smoke-90cb07a6-556d-5298-aa75-2db426cb780a,completed_in_time,38.202999999999975
b1-p2-fixed-2,infra-smoke-9f1d0d6d-03b5-525a-8779-68358ba7b4b4,completed_in_time,38.06200000000001
b1-p2-fixed-2,infra-smoke-768d4bf0-999e-5988-b1f4-05260f02b81f,completed_in_time,37.81200000000001
b1-p2-fixed-2,infra-smoke-092cebff-4448-5629-ae1f-f7b3fe662a52,completed_in_time,37.889999999999986
b1-p2-fixed-2,infra-smoke-0f955712-e96d-54ef-9c8d-1ba87697fd7f,completed_in_time,38.672000000000025
b1-p2-fixed-2,infra-smoke-8f1ed06a-41f3-520c-94bd-94e1f5f6cb26,completed_in_time,38.28099999999995
b1-p2-fixed-2,infra-smoke-8e5203ee-48d4-51d7-88d4-4795dd63e3f8,completed_in_time,39.25
b1-p2-fixed-2,infra-smoke-100daf23-9801-5665-8664-cac77ae1b26f,completed_in_time,38.577999999999975
b1-p2-fixed-2,infra-smoke-4162f571-ad73-56f0-99a6-5e8d5c3e9c32,completed_in_time,38.922000000000025
b1-p2-fixed-2,infra-smoke-3c5131c5-59e6-59c9-9832-8810f38eb773,completed_in_time,39.172000000000025
b1-p2-fixed-2,infra-smoke-a32fec76-63df-50cc-9681-3b3a8b431c09,completed_in_time,39.09399999999994
b1-p2-fixed-2,infra-smoke-7221ae5a-fbd7-5b31-af21-5f3871d88a39,completed_in_time,39.077999999999975
b1-p2-fixed-2,infra-smoke-9a8bd2d4-1909-54e7-a8f2-1949403b907e,completed_in_time,39.327999999999975
b1-p2-fixed-2,infra-smoke-9c24c56e-aa45-5dfb-8550-6d6fcdc7bbf5,completed_in_time,40.10900000000004
b1-p2-fixed-2,infra-smoke-acb2fd7b-6783-53ac-8a03-88e3d57b8d82,completed_in_time,39.56200000000001
b1-p2-fixed-2,infra-smoke-e54ad64e-9b61-5ebb-af9c-9e30fb4938ce,completed_in_time,39.422000000000025
b1-p2-fixed-2,infra-smoke-6252ae37-28f0-59e7-8fb2-747df19bd8fb,completed_in_time,38.96900000000005
b1-p2-fixed-2,infra-smoke-c2f3ad3e-fa16-5319-b4ad-13c451d9345d,completed_in_time,39.202999999999975
b1-p2-fixed-2,infra-smoke-4409aad9-3146-59e7-849a-361bbb9194cc,completed_in_time,39.90599999999995
b1-p2-fixed-2,infra-smoke-86a1bf98-b45e-5a33-852a-695d5c76ace5,completed_in_time,39.202999999999975
b1-p2-fixed-2,infra-smoke-a6075b80-87b1-59d6-8171-16b3522de863,completed_in_time,39.46900000000005
b1-p2-fixed-2,infra-smoke-59ebca73-d341-566a-9405-00cacfb5043a,completed_in_time,39.15600000000006
b1-p2-fixed-2,infra-smoke-6cdbedda-bb92-5302-a391-9cfc612dee3d,completed_in_time,38.93700000000001
b1-p2-fixed-2,infra-smoke-8adb5ab9-c77e-5032-ae89-301a82860cbb,completed_in_time,39.56299999999999
b1-p2-fixed-2,infra-smoke-acefff10-143f-51a9-af81-373fc93ec76a,completed_in_time,39.42100000000005
b1-p2-fixed-2,infra-smoke-1909a194-5e20-5e73-82ca-8991add35c3d,completed_in_time,38.71899999999994
b1-p2-fixed-2,infra-smoke-b2ae53e2-0530-5b42-a5aa-c22ba842e8ad,completed_in_time,38.59400000000005
b1-p2-fixed-2,infra-smoke-0d174fdb-fa3c-5a81-8f11-03de04a93afa,completed_in_time,39.15700000000004
b1-p2-fixed-2,infra-smoke-a5ecca55-3d1b-5e13-8040-999ba196257e,completed_in_time,40.0
b1-p2-fixed-2,infra-smoke-09cd3e65-f91d-5bac-9a1e-006737b56b47,completed_in_time,39.6099999999999
b1-p2-fixed-2,infra-smoke-6642238f-4ea8-51d1-ac76-96b9fea878ac,completed_in_time,39.71900000000005
b1-p2-fixed-2,infra-smoke-2f073a0c-34e4-590f-819f-bd1434e16d77,completed_in_time,40.077999999999975
b1-p2-fixed-2,infra-smoke-3d02331c-2663-5750-9b3d-ea84cd472fce,completed_in_time,39.59400000000005
b1-p2-fixed-2,infra-smoke-d6a059c5-765d-54d3-a1be-8f7ca8d34017,completed_in_time,40.17199999999991
b1-p2-fixed-2,infra-smoke-640e86df-6710-5e69-94d7-f62e4ff53948,completed_in_time,39.98400000000004
b1-p2-fixed-2,infra-smoke-6fe5cafc-0432-54df-8406-47c4871fe918,completed_in_time,39.922000000000025
b1-p2-fixed-2,infra-smoke-714fe423-ca30-5c58-a3f4-9233a53a970a,completed_in_time,39.71900000000005
b1-p2-fixed-2,infra-smoke-e8a00697-ed9d-5542-bfb2-432561b53c1c,completed_in_time,40.0150000000001
b1-p2-fixed-2,infra-smoke-18495a5f-dffa-56a4-a170-238b49062319,completed_in_time,39.672000000000025
b1-p2-fixed-2,infra-smoke-f4e693b0-54b5-5d35-8e95-86b8297cae2c,completed_in_time,39.8900000000001
b1-p2-fixed-2,infra-smoke-95514840-67dd-52a9-b9f6-018ba1783d0c,completed_in_time,39.8900000000001
b1-p2-fixed-2,infra-smoke-7d3eddd4-2a42-5d82-969a-e997e119660d,completed_in_time,40.09399999999994
b1-p2-fixed-2,infra-smoke-8086127f-7f1d-5cc1-870a-bd8a47390d34,completed_in_time,40.39099999999996
b1-p2-fixed-2,infra-smoke-eb59f2a0-efed-57b9-b76c-b4db4fc27982,completed_in_time,40.09299999999996
b1-p2-fixed-2,infra-smoke-4df14f6c-aa6d-519f-9678-baecd6177893,completed_in_time,40.125
b1-p2-fixed-2,infra-smoke-e60f1c02-c8aa-5777-a9d6-c7a31ea0e6a0,completed_in_time,40.18799999999999
b1-p2-fixed-2,infra-smoke-89d7b99b-1e9a-57a4-ae91-8fffadce30e6,completed_in_time,40.516000000000076
b1-p2-fixed-2,infra-smoke-c93860d5-8116-5c45-a292-08cf0aa7e567,completed_in_time,40.21899999999994
b1-p2-fixed-2,infra-smoke-7d85ec69-9e66-546a-bf92-b9d9bd7e3549,completed_in_time,41.0150000000001
b1-p2-fixed-2,infra-smoke-ad6ff86d-76e9-51bd-a91a-36b2cb1f6919,completed_in_time,40.18700000000001
b1-p2-fixed-2,infra-smoke-6115e55b-e920-56ef-b044-ce1e8666e56e,completed_in_time,40.51599999999996
b1-p2-fixed-2,infra-smoke-3120d801-3eb8-5335-b7ff-df8d4255ca2f,completed_in_time,40.68799999999999
b1-p2-fixed-2,infra-smoke-d40c0d85-a466-50a3-b03b-949ef581b9ff,completed_in_time,40.89099999999996
b1-p2-fixed-2,infra-smoke-7dffa69a-dc81-5758-a244-ac1ddf8faa82,completed_in_time,40.31200000000001
b1-p2-fixed-2,infra-smoke-4e5d6fb9-4ff9-534c-bf4f-6d8ce648560c,completed_in_time,40.92199999999991
b1-p2-fixed-2,infra-smoke-536f2587-4f63-57b4-bba3-8c4d437acffb,completed_in_time,41.18700000000001
b1-p2-fixed-2,infra-smoke-af619706-79f9-580a-9756-af4ec8c810fc,completed_in_time,40.593000000000075
b1-p2-fixed-2,infra-smoke-3557a53a-65e3-54b2-b322-a897ba17c5de,completed_in_time,41.327999999999975
b1-p2-fixed-2,infra-smoke-af270716-86e4-59ef-9a70-995d4ba0f201,completed_in_time,41.014999999999986
b1-p2-fixed-2,infra-smoke-2cded73b-2926-50b5-9f6a-125592451226,completed_in_time,40.59400000000005
b1-p2-fixed-2,infra-smoke-601e9d77-f255-59f8-adf5-f9ed06539a2d,completed_in_time,40.78099999999995
b1-p2-fixed-2,infra-smoke-bdac6aea-758e-59f4-8a30-57e15385f9fb,completed_in_time,40.98400000000004
b1-p2-fixed-2,infra-smoke-900ee36d-f12e-5771-a93b-553f0beeacce,completed_in_time,40.68799999999999
b1-p2-fixed-2,infra-smoke-0f24453c-3a6d-51c8-b378-6a9b0892b9ad,completed_in_time,40.764999999999986
b1-p2-fixed-2,infra-smoke-340f0960-472d-5cd2-a85f-e28e34bf717e,completed_in_time,41.09399999999994
b1-p2-fixed-2,infra-smoke-fa0c21fd-0db7-5ff0-a58a-dc653fea1586,completed_in_time,40.702999999999975
b1-p2-fixed-2,infra-smoke-285f5006-4ddf-567b-a665-d262a7fb767a,completed_in_time,40.875
b1-p2-fixed-2,infra-smoke-49cf8077-b374-5581-b3d2-9f111aa2703d,completed_in_time,41.20300000000009
b1-p2-fixed-2,infra-smoke-f12bf75f-b105-5f38-a982-9240fefef826,completed_in_time,41.014999999999986
b1-p2-fixed-2,infra-smoke-fe5c0e39-b66b-5b77-91e4-f9eba6076275,completed_in_time,40.90599999999995
b1-p2-fixed-2,infra-smoke-a97a0720-b7b6-5009-b6d9-887fc52e616d,completed_in_time,40.85900000000004
b1-p2-fixed-2,infra-smoke-c48ed426-332f-5012-87f2-a19cae96889d,completed_in_time,41.093000000000075
b1-p2-fixed-2,infra-smoke-97bbed02-1118-5175-9590-34ad03f15ad5,completed_in_time,41.0
b1-p2-fixed-2,infra-smoke-7944df4d-832a-52b5-ace0-b4502e49f867,completed_in_time,40.81200000000001
b1-p2-fixed-2,infra-smoke-597ae903-fe40-545f-9fb4-beb24c7f7ede,completed_in_time,39.93799999999999
b1-p2-fixed-2,infra-smoke-30eccdae-f753-5e6a-ad07-e906557597a7,completed_in_time,41.297000000000025
b1-p2-fixed-2,infra-smoke-7203f12c-2298-5598-8762-e360fbe4ad96,completed_in_time,41.375
b1-p2-fixed-2,infra-smoke-9027e86e-feaf-55dd-b82c-44ee8f374099,completed_in_time,41.077999999999975
b1-p2-fixed-2,infra-smoke-d3494c01-bcf8-583a-83ef-e922b658c02c,completed_in_time,41.0
b1-p2-fixed-2,infra-smoke-9f8f0e7b-9518-510b-a60a-05713d4820cb,completed_in_time,41.10900000000004
b1-p2-fixed-2,infra-smoke-5e968f70-6ea1-5705-8eff-c56e7a223642,completed_in_time,41.125
b1-p2-fixed-2,infra-smoke-bee56432-8e68-545b-89ef-bc1e191ff357,completed_in_time,41.28100000000006
b1-p2-fixed-2,infra-smoke-93a25e44-459f-5571-b5cb-0323a36132a8,completed_in_time,41.81200000000001
b1-p2-fixed-2,infra-smoke-8383c6f9-b1dc-5f97-a360-0755a51b10d7,completed_in_time,41.0
b1-p2-fixed-2,infra-smoke-c0714dab-bb61-55e0-a12a-f3ce08ae6c94,completed_in_time,41.65599999999995
b1-p2-fixed-2,infra-smoke-28460b2a-6bd2-582a-9277-89e4cce82eda,completed_in_time,41.20399999999995
b1-p2-fixed-2,infra-smoke-d3349868-750b-5ffe-ab3d-46ae37dd5d31,completed_in_time,41.40600000000006
b1-p2-fixed-2,infra-smoke-39c4be8e-1d98-5853-8706-fdb7d38d41cd,completed_in_time,41.60900000000004
b1-p2-fixed-2,infra-smoke-173e9782-7b5d-5500-8183-102bea5add85,completed_in_time,41.375
b1-p2-fixed-2,infra-smoke-93051031-e08b-5d16-b18f-b05784ade15d,completed_in_time,41.20300000000009
b1-p2-fixed-2,infra-smoke-677b147b-bd55-5c98-8976-d0fe78537c7f,completed_in_time,41.90599999999995
b1-p2-fixed-2,infra-smoke-54ac1ee1-1a19-5998-a50b-53fee12974a8,completed_in_time,41.922000000000025
b1-p2-fixed-2,infra-smoke-407b4255-af0f-5e7a-819e-b8515d5702b7,completed_in_time,41.78100000000006
b1-p2-fixed-2,infra-smoke-f7a8bb99-cc61-5f40-9048-55427cd9ca76,completed_in_time,41.70300000000009
b1-p2-fixed-2,infra-smoke-b38f2889-3445-5859-9b36-9fb9db14a77b,completed_in_time,42.29699999999991
b1-p2-fixed-2,infra-smoke-da21a823-9d21-55bf-81b3-f6978d56957a,completed_in_time,41.702999999999975
b1-p2-fixed-2,infra-smoke-f99a5510-ad59-5a9c-be6e-c177c96ae83c,completed_in_time,41.81299999999999
b1-p2-fixed-2,infra-smoke-818d0de5-0d10-56fe-bdaf-cdc5ff4573c6,completed_in_time,41.90599999999995
b1-p2-fixed-2,infra-smoke-7390f878-fe27-552d-ba97-1f66d0e57dd2,completed_in_time,41.93700000000001
b1-p2-fixed-2,infra-smoke-ca4c5cda-50bb-5203-8ca6-4c09393b3620,completed_in_time,42.15700000000004
b1-p2-fixed-2,infra-smoke-76e6b7a6-f63f-53b0-9b5d-2554deeef112,completed_in_time,41.922000000000025
b1-p2-fixed-2,infra-smoke-ab2774d2-90b3-5b96-94df-3d4a25d39f0c,completed_in_time,42.04699999999991
b1-p2-fixed-2,infra-smoke-52cec26d-71b2-50bf-9fae-83dfb4fdb32f,completed_in_time,41.5
b1-p2-fixed-2,infra-smoke-d021bd79-d44b-5179-8a83-8f41e456d5b6,completed_in_time,42.09400000000005
b1-p2-fixed-2,infra-smoke-ea2a1028-f73d-5955-9863-22640a4c034c,completed_in_time,41.875
b1-p2-fixed-2,infra-smoke-d58232fe-fc3e-5e41-9612-23ac8d7fc5c8,completed_in_time,41.702999999999975
b1-p2-fixed-2,infra-smoke-c71020e7-853d-527e-be16-64b67078e710,completed_in_time,42.125
b1-p2-fixed-2,infra-smoke-f26de28a-6689-59be-b08b-a7951a286313,completed_in_time,41.96900000000005
b1-p2-fixed-2,infra-smoke-787cea0c-80e7-5f9f-830d-7cd178184da4,completed_in_time,42.20300000000009
b1-p2-fixed-2,infra-smoke-6032b78b-7446-5205-9c92-afc97aebd3bd,completed_in_time,40.68799999999999
b1-p2-fixed-2,infra-smoke-c64648fe-5411-54f7-8d0c-bb02170769b4,completed_in_time,42.01599999999996
b1-p2-fixed-2,infra-smoke-cfd4c823-92c5-52bc-bc18-6ebef2bdbcff,completed_in_time,41.81299999999999
b1-p2-fixed-2,infra-smoke-b379f156-935a-526e-9d57-58f253b46ef1,completed_in_time,41.672000000000025
b1-p2-fixed-2,infra-smoke-5db8d082-e544-52bc-ac64-f4956b659287,completed_in_time,42.485000000000014
b1-p2-fixed-2,infra-smoke-a4fe4ecb-fe77-507c-a267-8512ea8ed6eb,completed_in_time,42.28100000000006
b1-p2-fixed-2,infra-smoke-69d68408-51d1-58ca-a231-17530edefdc8,completed_in_time,41.60900000000004
b1-p2-fixed-2,infra-smoke-0d65c59b-976c-5074-bce4-8932db34280e,completed_in_time,41.922000000000025
b1-p2-fixed-2,infra-smoke-66531945-486c-592b-8ce4-517a0723079a,completed_in_time,42.1099999999999
b1-p2-fixed-2,infra-smoke-ca3ca1f2-8c6d-50db-ad56-524aa1f14b01,completed_in_time,41.93700000000001
b1-p2-fixed-2,infra-smoke-795e4f5b-5574-5a34-9cc4-bd59516cc00c,completed_in_time,42.31200000000001
b1-p2-fixed-2,infra-smoke-3d957315-5f43-58ca-8673-ba9ee93eb3b0,completed_in_time,42.56200000000001
b1-p2-fixed-2,infra-smoke-c42558a3-5a54-5176-864d-6ef51d33fb18,completed_in_time,42.39099999999996
b1-p2-fixed-2,infra-smoke-6b3843a4-5b91-56c9-ba58-c37c40770b8d,completed_in_time,41.89099999999996
b1-p2-fixed-2,infra-smoke-e94fc140-6bb1-5d6b-9fb3-01bbcea18320,completed_in_time,42.139999999999986
b1-p2-fixed-2,infra-smoke-118cccc7-874e-5d90-b4f7-e73000b65c0d,completed_in_time,42.781999999999925
b1-p2-fixed-2,infra-smoke-382d7a8a-5fae-5813-b2b8-5ad45e05c27e,completed_in_time,41.70300000000009
b1-p2-fixed-2,infra-smoke-b3ade55c-10f4-5a20-826a-e697d114240a,completed_in_time,42.53100000000006
b1-p2-fixed-2,infra-smoke-94dc9043-7ca4-5767-a842-240f00706599,completed_in_time,42.98400000000004
b1-p2-fixed-2,infra-smoke-5047c03d-7ae6-5dfb-8761-9b3745cbc6ea,completed_in_time,42.6400000000001
b1-p2-fixed-2,infra-smoke-dea7ff5a-f40c-5a71-9570-59025f17a12c,completed_in_time,42.391000000000076
b1-p2-fixed-2,infra-smoke-65973168-33f4-5626-8cb9-aad4cee5177e,completed_in_time,42.452999999999975
b1-p2-fixed-2,infra-smoke-d2a77c84-c16b-5264-9a44-1d15e4b981d8,completed_in_time,42.71900000000005
b1-p2-fixed-2,infra-smoke-55426901-11af-5bce-a91d-f787209b0c69,completed_in_time,42.889999999999986
b1-p2-fixed-2,infra-smoke-14001932-9f90-5f95-81c6-d46d27ac7297,completed_in_time,42.68700000000001
b1-p2-fixed-2,infra-smoke-53333ed1-b358-5ca8-96da-08a8e8ba2ec7,completed_in_time,42.73400000000004
b1-p2-fixed-2,infra-smoke-87497d14-ba7e-55b3-998e-db12672aaf1a,completed_in_time,42.89099999999996
b1-p2-fixed-2,infra-smoke-b2ea1829-b69e-5743-9233-6d6fe01429d7,completed_in_time,42.68799999999999
b1-p2-fixed-2,infra-smoke-dac26140-eea2-524b-9b00-fc9e9042b83d,completed_in_time,42.702999999999975
b1-p2-fixed-2,infra-smoke-703542ab-b978-5e62-a00a-7d8810242e1f,completed_in_time,43.29600000000005
b1-p2-fixed-2,infra-smoke-3644e4e8-58cd-5fb4-960a-9dc19ec69566,completed_in_time,43.20300000000009
b1-p2-fixed-2,infra-smoke-f61b516b-081f-511c-81f1-b166f91334f5,completed_in_time,42.89099999999996
b1-p2-fixed-2,infra-smoke-d9816b24-bbdf-5159-a9c7-9fee7576d4a8,completed_in_time,43.125
b1-p2-fixed-2,infra-smoke-f256960a-3349-5b09-85b0-9bde5ac06ea6,completed_in_time,42.922000000000025
b1-p2-fixed-2,infra-smoke-5fcea130-e2ef-5167-a3b8-9bcbd831519b,completed_in_time,43.608999999999924
b1-p2-fixed-2,infra-smoke-9d28766e-627e-5c32-8a05-acd697844542,completed_in_time,43.375
b1-p2-fixed-2,infra-smoke-6ced9af0-2133-57e9-b405-293a9280e0a1,completed_in_time,42.547000000000025
b1-p2-fixed-2,infra-smoke-980b99fe-724c-511c-957e-2c342847b406,completed_in_time,42.827999999999975
b1-p2-fixed-2,infra-smoke-3a0ddb8f-9ac8-5925-aefa-c57706b8810b,completed_in_time,43.39099999999996
b1-p2-fixed-2,infra-smoke-a6f14890-fc95-5979-a76c-c46cf56d5208,completed_in_time,43.28200000000004
b1-p2-fixed-2,infra-smoke-5c1cb3f3-7181-5c73-86c8-010d0d0613ec,completed_in_time,43.31299999999999
b1-p2-fixed-2,infra-smoke-724a627f-314f-5eef-963f-fa97ef66cc07,completed_in_time,43.297000000000025
b1-p2-fixed-2,infra-smoke-ec084184-8f38-578a-9ae0-409e31f1eac5,completed_in_time,43.593000000000075
b1-p2-fixed-2,infra-smoke-91bdf1ed-7a4e-577e-8a8d-ffaa71ef2d77,completed_in_time,43.4849999999999
b1-p2-fixed-2,infra-smoke-d4a97600-f295-5a13-872d-6870b03fa5aa,completed_in_time,43.31200000000001
b1-p2-fixed-2,infra-smoke-30f9b24a-9be9-5074-82f9-2cea2fcbb264,completed_in_time,43.5
b1-p2-fixed-2,infra-smoke-7646ba52-d2a0-5d99-9bf0-6b0cdc128763,completed_in_time,43.31200000000001
b1-p2-fixed-2,infra-smoke-569b14c4-15d5-5644-885a-2cd9c80520b6,completed_in_time,43.78100000000006
b1-p2-fixed-2,infra-smoke-484a7bea-dc74-5d72-8e7b-fa06e4d8013f,completed_in_time,43.57800000000009
b1-p2-fixed-2,infra-smoke-1caf3c98-6bc2-5138-9e02-c48defb16813,completed_in_time,43.577999999999975
b1-p2-fixed-2,infra-smoke-1861a80f-28a3-5bc3-bf1d-7a0e61c2119e,completed_in_time,43.68700000000001
b1-p2-fixed-2,infra-smoke-515b6c80-c62e-5173-9294-9eebc251e445,completed_in_time,44.327999999999975
b1-p2-fixed-2,infra-smoke-9af513fe-ab21-5a22-9d62-6f2d087a0369,completed_in_time,43.9849999999999
b1-p2-fixed-2,infra-smoke-c54f9be1-b982-509b-9428-a26e09833636,completed_in_time,44.375
b1-p2-fixed-2,infra-smoke-07ed6b43-0ecd-57d6-afbc-12353d9cda15,completed_in_time,44.108999999999924
b1-p2-fixed-2,infra-smoke-bf39600e-c8cd-5bc9-88b0-6f1361949ae3,completed_in_time,43.125
b1-p2-fixed-2,infra-smoke-5dff665f-9d75-59f1-9447-2ce4b409e9aa,completed_in_time,44.34399999999994
b1-p2-fixed-2,infra-smoke-8d0db453-4fdf-5f8d-b1cf-cffd067d46e8,completed_in_time,43.797000000000025
b1-p2-fixed-2,infra-smoke-e9c0053e-eaae-52cb-a596-2693955b82ca,completed_in_time,44.577999999999975
b1-p2-fixed-2,infra-smoke-d7546477-8ddd-57e7-8273-f5444cac233e,completed_in_time,43.46900000000005
b1-p2-fixed-2,infra-smoke-db85a681-69ab-5c3f-b1ca-6549ae199376,completed_in_time,43.922000000000025
b1-p2-fixed-2,infra-smoke-b2a419f1-f88d-53b0-a1cd-19b843ded609,completed_in_time,43.983999999999924
b1-p2-fixed-2,infra-smoke-027c4175-2352-5b56-b693-5b4ac9c6357b,completed_in_time,44.07899999999995
b1-p2-fixed-2,infra-smoke-60768528-6025-5614-8733-b1b29e092cbc,completed_in_time,43.733999999999924
b1-p2-fixed-2,infra-smoke-d5f4104e-4f11-5ec0-a187-5a9885a2a972,completed_in_time,43.89099999999996
b1-p2-fixed-2,infra-smoke-a797eaa4-8449-519d-96b9-2306bad96b0b,completed_in_time,44.0
b1-p2-fixed-2,infra-smoke-05e6f714-3e4d-5f76-bd7a-aca151d0cbb4,completed_in_time,43.90700000000004
b1-p2-fixed-2,infra-smoke-6c407c77-561f-5004-9403-4d6a67e7a83a,completed_in_time,44.04699999999991
b1-p2-fixed-2,infra-smoke-9446b1ef-fb51-5926-9a80-1f1f7cda0e40,completed_in_time,44.5
b1-p2-fixed-2,infra-smoke-197abbd9-2664-54ad-b85f-35281fa7e6cc,completed_in_time,44.28200000000004
b1-p2-fixed-2,infra-smoke-03300954-3d04-5d69-9d08-c1a81e19abfb,completed_in_time,44.42199999999991
b1-p2-fixed-2,infra-smoke-c1cbb9c3-e7e1-51e0-b118-fe60c6e8e375,completed_in_time,44.18799999999999
b1-p2-fixed-2,infra-smoke-0ca5712c-a9b5-55df-becb-29ae89824c27,completed_in_time,43.68799999999999
b1-p2-fixed-2,infra-smoke-ce8f12b1-331e-5cc3-82cb-393d1d1e8a99,completed_in_time,44.75
b1-p2-fixed-2,infra-smoke-0a369eb1-8e4f-568f-8956-d646dd85314c,completed_in_time,43.60900000000004
b1-p2-fixed-2,infra-smoke-7ea44411-4191-5caa-8b32-4f387ca9e90b,completed_in_time,44.31299999999999
b1-p2-fixed-2,infra-smoke-3b3c5f9b-4212-5af3-8cfc-37ed3932a27a,completed_in_time,44.327999999999975
b1-p2-fixed-2,infra-smoke-25ccf302-293c-5c1c-8e9a-61d96fec1a2e,completed_in_time,44.29699999999991
b1-p2-fixed-2,infra-smoke-60b2a654-8d7e-525e-850b-cb6df01101d5,completed_in_time,44.014999999999986
b1-p2-fixed-2,infra-smoke-80ecbe4e-ce8b-515e-9550-e8d767831660,completed_in_time,43.82899999999995
b1-p2-fixed-2,infra-smoke-1e0cc1f8-2393-5b52-bad7-9bd3f5b19220,completed_in_time,44.406999999999925
b1-p2-fixed-2,infra-smoke-d8a1527d-571b-59e8-a6f3-8505d361ae7d,completed_in_time,44.0150000000001
b1-p2-fixed-2,infra-smoke-259572d2-191d-5bf0-b03c-9045900a28fd,completed_in_time,44.56299999999999
b1-p2-fixed-2,infra-smoke-f85bbec4-a822-5791-a7b4-d9d575c97ba6,completed_in_time,44.09400000000005
b1-p2-fixed-2,infra-smoke-f263ef38-de53-5d10-8a0a-cab41af1737f,completed_in_time,44.68700000000001
b1-p2-fixed-2,infra-smoke-e0d24735-c315-51af-b3a5-6050330b0629,completed_in_time,44.51599999999996
b1-p2-fixed-2,infra-smoke-ea40242e-c097-50e1-a562-8f53501fed24,completed_in_time,44.18700000000001
b1-p2-fixed-2,infra-smoke-53017504-fa6a-5cc8-bb63-8775b4c2163f,completed_in_time,44.422000000000025
b1-p2-fixed-2,infra-smoke-3179e75e-0995-5a6f-b9c7-7990f0ca80f5,completed_in_time,45.0
b1-p2-fixed-2,infra-smoke-b3b39443-00dd-5dff-b36e-17cf07b2454f,completed_in_time,44.31200000000001
b1-p2-fixed-2,infra-smoke-f5432e7f-c717-5f83-aec6-8d7600d202ca,completed_in_time,44.60900000000004
b1-p2-fixed-2,infra-smoke-4b806b41-de0d-5044-ad7d-7823632765ca,completed_in_time,45.3900000000001
b1-p2-fixed-2,infra-smoke-98d931d6-8225-55a8-af19-112f96a240fc,completed_in_time,44.59400000000005
b1-p2-fixed-2,infra-smoke-b49f79eb-753c-5c19-9c4b-a4ec1bc3be6c,completed_in_time,44.71899999999994
b1-p2-fixed-2,infra-smoke-15f31689-44c4-525c-817c-eab406f34be8,completed_in_time,44.29699999999991
b1-p2-fixed-2,infra-smoke-853f5376-4469-5ad0-bb03-ff383c278d1f,completed_in_time,44.43700000000001
b1-p2-fixed-2,infra-smoke-5566df42-77df-5651-a5af-06d26815b67f,completed_in_time,44.608999999999924
b1-p2-fixed-2,infra-smoke-ac649c06-2a2a-53dc-b6e1-931ac37e3bc4,completed_in_time,44.51599999999996
b1-p2-fixed-2,infra-smoke-c07b3b97-de8b-5665-9372-6e6bc995d842,completed_in_time,45.09399999999994
b1-p2-fixed-2,infra-smoke-dd71bbf8-ab28-5d5d-aaff-993a4418a6b5,completed_in_time,45.0
b1-p2-fixed-2,infra-smoke-c1f6dd13-5dc1-51b4-b968-35f79c3aa767,completed_in_time,44.79699999999991
b1-p2-fixed-2,infra-smoke-6b138d66-b74c-545a-a533-6f0acc392c9b,completed_in_time,45.32899999999995
b1-p2-fixed-2,infra-smoke-09d9dd83-4618-57ec-8b93-3941e7b6a6d1,completed_in_time,44.985000000000014
b1-p2-fixed-2,infra-smoke-02db39e4-f83b-5e82-803d-b2351d9aa117,completed_in_time,44.8900000000001
b1-p2-fixed-2,infra-smoke-5f60cf5e-fbf9-57b6-95c0-7bf2080f76be,completed_in_time,45.077999999999975
b1-p2-fixed-2,infra-smoke-c64165ab-97fc-5849-9dc9-379d95fd502b,completed_in_time,45.21899999999994
b1-p2-fixed-2,infra-smoke-d2d2dc8d-c244-5e2d-8de0-e2d3f08c7a43,completed_in_time,44.922000000000025
b1-p2-fixed-2,infra-smoke-6d7041a5-c715-5c98-b66f-2b5bc3ad6f1d,completed_in_time,45.3900000000001
b1-p2-fixed-2,infra-smoke-db43414b-c0ef-5121-a569-61fba1c38c86,completed_in_time,45.23400000000004
b1-p2-fixed-2,infra-smoke-5d0891f0-347f-533a-9eaa-0e9412ea06d4,completed_in_time,45.110000000000014
b1-p2-fixed-2,infra-smoke-fde90982-b2af-57ab-8720-d9f0e2b60be0,completed_in_time,44.84399999999994
b1-p2-fixed-2,infra-smoke-1563e3df-91a6-5eab-a9b2-7b8a8ee60bf0,completed_in_time,44.60900000000004
b1-p2-fixed-2,infra-smoke-d255cf41-4785-5b00-8c87-5db5df80a64a,completed_in_time,45.125
b1-p2-fixed-2,infra-smoke-5fc2be1f-c418-5acc-b181-cf7f204658e0,completed_in_time,45.202999999999975
b1-p2-fixed-2,infra-smoke-713c91ca-ccfd-5ca1-9161-78fc6815e42c,completed_in_time,45.375
b1-p2-fixed-2,infra-smoke-e5f4af47-6244-577d-9f08-4ace679a6bed,completed_in_time,45.5
b1-p2-fixed-2,infra-smoke-78c48b16-b8cd-58ac-be4e-ecf0ea9fe9e0,completed_in_time,44.922000000000025
b1-p2-fixed-2,infra-smoke-3c2f21d0-5fdb-5499-9d44-0bab9a3ee434,completed_in_time,45.43700000000001
b1-p2-fixed-2,infra-smoke-77455e69-a87f-5094-83c8-5afb78505e8a,completed_in_time,45.21899999999994
b1-p2-fixed-2,infra-smoke-ea29c7fb-3dc0-5f15-a096-45f310fcaa77,completed_in_time,45.01599999999996
b1-p2-fixed-2,infra-smoke-cfa4a03b-3865-5725-83ab-448fad2447d1,completed_in_time,45.32800000000009
b1-p2-fixed-2,infra-smoke-286f4355-ad40-58ae-96e9-b9cf39261920,completed_in_time,45.5
b1-p2-fixed-2,infra-smoke-292115b0-92e4-5301-9c73-ad48b5a53848,completed_in_time,45.46899999999994
b1-p2-fixed-2,infra-smoke-9fd605ae-338e-53a2-abb4-1c5df0879872,completed_in_time,45.577999999999975
b1-p2-fixed-2,infra-smoke-9c535d66-44b7-5255-8dcb-b25f4afee932,completed_in_time,45.39099999999996
b1-p2-fixed-2,infra-smoke-a2d1b6e0-2f2c-5a2a-8a31-770a4c7e10ca,completed_in_time,45.702999999999975
b1-p2-fixed-2,infra-smoke-53678805-c144-57e7-92db-86a1f9da547a,completed_in_time,45.32899999999995
b1-p2-fixed-2,infra-smoke-b66aca73-d5e0-5846-bb55-0f4b02a1dcb1,completed_in_time,45.797000000000025
b1-p2-fixed-2,infra-smoke-3f7734bc-203b-52b0-9b78-1d1e8719ddfb,completed_in_time,45.71900000000005
b1-p2-fixed-2,infra-smoke-16ba656c-1921-549b-abdc-981d96ac0497,completed_in_time,45.985000000000014
b1-p2-fixed-2,infra-smoke-62783341-37e4-5b25-8d49-105454f5fd0e,completed_in_time,45.891000000000076
b1-p2-fixed-2,infra-smoke-f361f38f-eb45-554e-a953-90024cb19064,completed_in_time,45.90700000000004
b1-p2-fixed-2,infra-smoke-9c2f6245-a652-51af-a8b9-1e7b8d62527e,completed_in_time,45.297000000000025
b1-p2-fixed-2,infra-smoke-8220a25b-e0c7-5adc-92bc-93c71d942f55,completed_in_time,45.702999999999975
b1-p2-fixed-2,infra-smoke-3c6ce6e7-2781-51d3-bfb6-3b746dcb2fae,completed_in_time,45.95300000000009
b1-p2-fixed-2,infra-smoke-cc5d3d26-6f19-5fd4-89f8-cd5e8b324c95,completed_in_time,46.1400000000001
b1-p2-fixed-2,infra-smoke-46e22706-e3ce-5891-9f13-77781a06d91a,completed_in_time,46.09399999999994
b1-p2-fixed-2,infra-smoke-23ef2a8b-0009-5ba0-96b6-454e092f2a47,completed_in_time,45.985000000000014
b1-p2-fixed-2,infra-smoke-633dbf6c-80d6-5c67-8322-76702aed2ff7,completed_in_time,46.21900000000005
b1-p2-fixed-2,infra-smoke-bc568246-bc06-57eb-bcfa-aecb9ba852e4,completed_in_time,46.202999999999975
b1-p2-fixed-2,infra-smoke-68339698-e00f-5024-80b8-9b558d13f371,completed_in_time,46.09400000000005
b1-p2-fixed-2,infra-smoke-5a4a212f-2f5f-5a4e-a00d-422add04fd3f,completed_in_time,46.016000000000076
b1-p2-fixed-2,infra-smoke-b5922a1a-769e-5b5b-93e6-316455445a55,completed_in_time,46.04699999999991
b1-p2-fixed-2,infra-smoke-75ca60e8-7a93-5622-89f3-eb4062ec9f9a,completed_in_time,46.03099999999995
b1-p2-fixed-2,infra-smoke-790b3b65-4148-52a6-9677-64485a097a81,completed_in_time,46.125
b1-p2-fixed-2,infra-smoke-77f49df6-2fd6-54c7-be9b-4b4e3108aa59,completed_in_time,46.03100000000006
b1-p2-fixed-2,infra-smoke-92c587ca-f850-502d-9d1a-478d90c75124,completed_in_time,46.03100000000006
b1-p2-fixed-2,infra-smoke-88873f24-9c8c-5b13-b5c3-5edb2b2d1311,completed_in_time,46.03100000000006
b1-p2-fixed-2,infra-smoke-cebf0a22-09e0-5f7e-9439-2e3cb738bfb2,completed_in_time,47.172000000000025
b1-p2-fixed-2,infra-smoke-3347149b-cfff-54c7-a7e8-72c6a3b8b5b9,completed_in_time,47.40599999999995
b1-p2-fixed-2,infra-smoke-978da31a-aac3-5422-aec0-51fc3659fd1f,completed_in_time,46.422000000000025
b1-p2-fixed-2,infra-smoke-8fe39711-4767-521d-9703-624b170c711f,completed_in_time,47.202999999999975
b1-p2-fixed-2,infra-smoke-e4ef9da7-e5fa-59e5-b8a1-ae7e1cde8744,completed_in_time,46.53099999999995
b1-p2-fixed-2,infra-smoke-746e03df-88e9-57ea-97c8-bc6d0b32b69d,completed_in_time,46.5
b1-p2-fixed-2,infra-smoke-8a856b80-65bf-5a52-ba52-832b560d4d10,completed_in_time,46.5
b1-p2-fixed-2,infra-smoke-f63d18db-5dd5-564e-a1ff-2b737caa3fd9,completed_in_time,46.5
b1-p2-fixed-2,infra-smoke-9245f19d-b661-5a79-a72c-5eb89d66f8bf,completed_in_time,46.468000000000075
b1-p2-fixed-2,infra-smoke-0bed4771-e5c2-52d7-9bb6-d956c7dbb36f,completed_in_time,46.34399999999994
b1-p2-fixed-2,infra-smoke-40c820a3-d45e-5cd3-b7f2-21f8998af0e0,completed_in_time,46.577999999999975
b1-p2-fixed-2,infra-smoke-775cb232-e76d-557a-bc52-cc563e4b97e6,completed_in_time,46.108999999999924
b1-p2-fixed-2,infra-smoke-91bc1868-06c1-5340-bbcf-f1f83c1a3230,completed_in_time,46.31200000000001
b1-p2-fixed-2,infra-smoke-b0822423-8950-555d-b3cb-9ce8a1550459,completed_in_time,46.23400000000004
b1-p2-fixed-2,infra-smoke-73bfb102-49e6-5347-88fe-60049f1b2f28,completed_in_time,46.468000000000075
b1-p2-fixed-2,infra-smoke-69b750ea-672d-5bfc-924c-a55daa062630,completed_in_time,46.077999999999975
b1-p2-fixed-2,infra-smoke-73c54275-8a1f-5a98-ac8a-3974e965095b,completed_in_time,46.78100000000006
b1-p2-fixed-2,infra-smoke-6e2e81de-05bb-5582-b211-c0244153b6c3,completed_in_time,47.0150000000001
b1-p2-fixed-2,infra-smoke-82a305e7-3d4a-5876-a79b-d950269e6dc2,completed_in_time,46.71900000000005
b1-p2-fixed-2,infra-smoke-26360f54-b152-5aae-a329-3503a18db043,completed_in_time,47.39099999999996
b1-p2-fixed-2,infra-smoke-4a6e4af6-5f6e-52f0-bcc4-c9391c79bf59,completed_in_time,46.90599999999995
b1-p2-fixed-2,infra-smoke-f41992d5-eced-5a91-8f95-69b47f56415f,completed_in_time,46.92100000000005
b1-p2-fixed-2,infra-smoke-a9757fd6-352a-50a6-b44a-34f6fb1df69c,completed_in_time,46.797000000000025
b1-p2-fixed-2,infra-smoke-8e247b0e-453f-573e-b97f-fccba57ef827,completed_in_time,46.625
b1-p2-fixed-2,infra-smoke-d107d46c-b400-537c-a88f-f098e76fc137,completed_in_time,46.73400000000004
b1-p2-fixed-2,infra-smoke-1c669bd5-d7b6-5d9f-832c-5c3e36e0dc6f,completed_in_time,46.797000000000025
b1-p2-fixed-2,infra-smoke-a911297c-65b8-5b55-8fcb-538a2f56ff5a,completed_in_time,46.90599999999995
b1-p2-fixed-2,infra-smoke-3923206b-d4b4-5fa5-9930-3bb888db23f6,completed_in_time,46.593000000000075
b1-p2-fixed-2,infra-smoke-c904ca71-5d84-576e-abf9-c9dd3c202bc8,completed_in_time,46.81299999999999
b1-p2-fixed-2,infra-smoke-de63fcf9-10d9-53d0-811d-55ef78452de4,completed_in_time,46.593000000000075
b1-p2-fixed-2,infra-smoke-cdb4eb79-034a-5cd7-b46b-e876ccfb7846,completed_in_time,46.48400000000004
b1-p2-fixed-2,infra-smoke-6d9f5d05-1006-5ff5-a06a-3dfa3673bcdb,completed_in_time,46.78100000000006
b1-p2-fixed-2,infra-smoke-b804d7fb-2d0c-52f9-8120-ef2ca3d3fb1d,completed_in_time,47.375
b1-p2-fixed-2,infra-smoke-13189098-6d5a-515a-bca7-9113f35cc712,completed_in_time,46.98400000000004
b1-p2-fixed-2,infra-smoke-be9652df-9b92-51af-aa73-39cc7f523868,completed_in_time,46.89099999999996
b1-p2-fixed-2,infra-smoke-56bb01f6-9530-5d1c-9678-0e0cdf357ede,completed_in_time,47.389999999999986
b1-p2-fixed-2,infra-smoke-a3856f9b-d347-5126-badb-cb9de6bcb847,completed_in_time,47.31200000000001
b1-p2-fixed-2,infra-smoke-f59c45a0-0d46-5bb9-9782-2169683e9834,completed_in_time,46.92199999999991
b1-p2-fixed-2,infra-smoke-7288dcd4-3938-59fd-bc76-2dbf41d2425e,completed_in_time,47.110000000000014
b1-p2-fixed-2,infra-smoke-094166c1-6703-5e70-bcea-1c697bf2a844,completed_in_time,46.952999999999975
b1-p2-fixed-2,infra-smoke-da77499b-77a2-5fe1-9115-3ed4b5df1e0d,completed_in_time,47.21900000000005
b1-p2-fixed-2,infra-smoke-f12b183f-837e-5754-938d-ec2f476c6f12,completed_in_time,47.297000000000025
b1-p2-fixed-2,infra-smoke-92003ab4-bc39-5f15-a55e-e660d8a709a7,completed_in_time,46.625
b1-p2-fixed-2,infra-smoke-40bb9750-4bbc-5cac-abdd-89b10a40bde3,completed_in_time,46.875
b1-p2-fixed-2,infra-smoke-8994da35-d1b4-5c68-88ec-60483b7b79cf,completed_in_time,47.28100000000006
b1-p2-fixed-2,infra-smoke-035e182a-81e3-5c44-9cf8-4c7403f3666d,completed_in_time,47.375
b1-p2-fixed-2,infra-smoke-b00dd81f-dfb2-52a8-aa76-1a8595611d3a,completed_in_time,47.110000000000014
b1-p2-fixed-2,infra-smoke-cb3641e8-05fd-5ffd-98f8-dbe7a888f747,completed_in_time,47.077999999999975
b1-p2-fixed-2,infra-smoke-864d81ea-c5cb-5900-863a-1cee9b61d539,completed_in_time,47.46899999999994
b1-p2-fixed-2,infra-smoke-f07ec285-28ff-5d88-a7c1-1a7ab783544d,completed_in_time,47.42100000000005
b1-p2-fixed-2,infra-smoke-571f387a-a9c0-5b19-9ba9-5733ae9b43e2,completed_in_time,47.31299999999999
b1-p2-fixed-2,infra-smoke-5cba8836-800e-5c14-b303-c31d89427652,completed_in_time,46.797000000000025
b1-p2-fixed-2,infra-smoke-fdb96b96-8972-5922-9124-117ae782b64a,completed_in_time,47.389999999999986
b1-p2-fixed-2,infra-smoke-bc8dbace-9af2-5564-8241-ddf5536ea4a2,completed_in_time,47.875
b1-p2-fixed-2,infra-smoke-285cb661-ebe9-5666-a5f7-375b9d47d160,completed_in_time,47.81200000000001
b1-p2-fixed-2,infra-smoke-8fdad31b-d670-5db2-9a09-4fccc3f74bec,completed_in_time,47.389999999999986
b1-p2-fixed-2,infra-smoke-d3a28898-d40e-554a-9a93-cf6ec4d663e7,completed_in_time,47.71899999999994
b1-p2-fixed-2,infra-smoke-ada80817-b3e0-5a33-b393-88bb29fb43b5,completed_in_time,47.39099999999996
b1-p2-fixed-2,infra-smoke-261f6cee-c2a0-50c9-bcbf-891c5465631f,completed_in_time,47.639999999999986
b1-p2-fixed-2,infra-smoke-94acef3a-49f3-55b5-9259-d8342953f28d,completed_in_time,47.21900000000005
b1-p2-fixed-2,infra-smoke-c8d17061-d8e3-52f6-9cf0-b3371353c6cc,completed_in_time,47.422000000000025
b1-p2-fixed-2,infra-smoke-69343fc6-9482-50e3-a5b9-3394949b25d7,completed_in_time,47.78099999999995
b1-p2-fixed-2,infra-smoke-35d41178-dbb1-542b-92b9-68d31777a852,completed_in_time,47.18799999999999
b1-p2-fixed-2,infra-smoke-9e1c1118-3799-5db6-99ca-a422f7647035,completed_in_time,47.797000000000025
b1-p2-fixed-2,infra-smoke-a81e1bb0-a1db-5b34-abc8-ab9e9972ad22,completed_in_time,47.59399999999994
b1-p2-fixed-2,infra-smoke-b1f273ec-535b-5e6f-b2e8-d9070aa5bce0,completed_in_time,47.59400000000005
b1-p2-fixed-2,infra-smoke-c5aee0d2-7acd-5974-948d-692aa59c9af9,completed_in_time,47.48400000000004
b1-p2-fixed-2,infra-smoke-478f9b44-ce4d-5db0-ad96-0617dae2ecde,completed_in_time,47.96799999999996
b1-p2-fixed-2,infra-smoke-ee61a7b8-074c-5dd2-b181-e4da9264c0c9,completed_in_time,47.889999999999986
b1-p2-fixed-2,infra-smoke-0c71d466-0718-56a5-a171-d6e79b55d966,completed_in_time,48.014999999999986
b1-p2-fixed-2,infra-smoke-c1ae4954-312d-5997-a76a-a5ea13b9eb7d,completed_in_time,48.0
b1-p2-fixed-2,infra-smoke-9f9ee6d7-1df4-5728-93ab-27c65bff63ec,completed_in_time,48.0
b1-p2-fixed-2,infra-smoke-2222d65a-2cef-5e17-aa6a-3410164474dc,completed_in_time,47.781999999999925
b1-p2-fixed-2,infra-smoke-0e129f48-7dcf-564f-befc-1b98170651d8,completed_in_time,47.45399999999995
b1-p2-fixed-2,infra-smoke-1f7d475b-f849-52dc-90e0-73cd94c1770b,completed_in_time,47.781999999999925
b1-p2-fixed-2,infra-smoke-712a1f88-4c54-57e1-8b95-3b95b7b355f9,completed_in_time,48.014999999999986
b1-p2-fixed-2,infra-smoke-40f6fa42-49e1-5d6f-87ac-0ea155c87595,completed_in_time,47.702999999999975
b1-p2-fixed-2,infra-smoke-acfc189b-e9c0-5171-bc15-210a7bd8b1a1,completed_in_time,47.90600000000006
b1-p2-fixed-2,infra-smoke-b8aecba7-c758-518c-9fee-bec233c3d55f,completed_in_time,48.297000000000025
b1-p2-fixed-2,infra-smoke-750e05f5-767a-557d-9e25-7389e820d997,completed_in_time,47.9849999999999
b1-p2-fixed-2,infra-smoke-2c3faa5b-16c3-5e6d-87d6-671a3e8a35b4,completed_in_time,47.82899999999995
b1-p2-fixed-2,infra-smoke-8c3ced51-0d64-518f-8061-6dc71f1ac82b,completed_in_time,48.18799999999999
b1-p2-fixed-2,infra-smoke-55afb4d9-895c-5968-91db-b6b5ba00c495,completed_in_time,47.577999999999975
b1-p2-fixed-2,infra-smoke-2f341023-7c9c-5c58-9c3a-70e2dc341ae4,completed_in_time,48.39099999999996
b1-p2-fixed-2,infra-smoke-ec8c8918-7125-57a1-8d7f-3969b2ed6824,completed_in_time,48.5
b1-p2-fixed-2,infra-smoke-aa1c968a-360a-5a7a-955d-1a218c4805cf,completed_in_time,48.29600000000005
b1-p2-fixed-2,infra-smoke-6e633028-2287-585c-af95-56b61147e16c,completed_in_time,48.264999999999986
b1-p2-fixed-2,infra-smoke-52f444e3-2196-572d-93aa-0306ac25c1ec,completed_in_time,48.375
b1-p2-fixed-2,infra-smoke-49fc6593-cddd-5980-85df-4f709bb429be,completed_in_time,48.10900000000004
b1-p2-fixed-2,infra-smoke-016ff77f-e1d9-548e-8aa2-21783889f4ad,completed_in_time,48.5
b1-p2-fixed-2,infra-smoke-68afbb05-7ba4-5b97-a07b-531586160230,completed_in_time,48.40599999999995
b1-p2-fixed-2,infra-smoke-72a93ab2-59ee-57c3-9f63-b7bfd44fc666,completed_in_time,48.31299999999999
b1-p2-fixed-2,infra-smoke-84c52932-a1e4-5443-b36b-0b46584b4514,completed_in_time,47.922000000000025
b1-p2-fixed-2,infra-smoke-b4f5fd70-54bc-5fbf-902f-a6129f1d5a8c,completed_in_time,48.18799999999999
b1-p2-fixed-2,infra-smoke-41451297-8bc1-552b-bf21-280f6438c0ea,completed_in_time,48.26599999999996
b1-p2-fixed-2,infra-smoke-0a3a02d2-004b-598f-a818-5939416dc209,completed_in_time,48.21799999999996
b1-p2-fixed-2,infra-smoke-06d0b05d-c2fc-5839-af50-60a0e777a479,completed_in_time,48.26599999999996
b1-p2-fixed-2,infra-smoke-c59e2206-d6a5-5110-be2f-202617c75a50,completed_in_time,48.28099999999995
b1-p2-fixed-2,infra-smoke-6282f3b9-1d97-5564-b554-2849bb9afb65,completed_in_time,48.31299999999999
b1-p2-fixed-2,infra-smoke-abbce5e3-fcf1-59f4-9978-243b80b8bca4,completed_in_time,48.60900000000004
b1-p2-fixed-2,infra-smoke-789f2ad7-cf70-5d29-8ebe-67318f2f97e4,completed_in_time,48.20300000000009
b1-p2-fixed-2,infra-smoke-158c1e71-d958-5bc6-a37e-4078e385b29a,completed_in_time,49.1099999999999
b1-p2-fixed-2,infra-smoke-2afe6ca0-2e83-5265-a818-d14e86ae8035,completed_in_time,48.18799999999999
b1-p2-fixed-2,infra-smoke-c4611725-1464-5a48-abaf-217ebc7eee5e,completed_in_time,48.60900000000004
b1-p2-fixed-2,infra-smoke-da8955af-115c-5b55-96b9-1a1df0cd7124,completed_in_time,48.46900000000005
b1-p2-fixed-2,infra-smoke-8481fd8e-8049-5f80-b647-b3864d2c65aa,completed_in_time,48.875
b1-p2-fixed-2,infra-smoke-79b55776-961f-51d3-8f1c-662c04923a4f,completed_in_time,49.0
b1-p2-fixed-2,infra-smoke-e395073a-6dbd-5fe9-8439-1bf61e5dca5c,completed_in_time,49.0
b1-p2-fixed-2,infra-smoke-a4220f36-b079-5a64-9283-e3c822fa2ded,completed_in_time,49.125
b1-p2-fixed-2,infra-smoke-399b4c7b-0afb-5b64-9245-29200cc9c4f7,completed_in_time,49.17100000000005
b1-p2-fixed-2,infra-smoke-637814ff-0cda-517e-933e-3811fdddc65e,completed_in_time,48.514999999999986
b1-p2-fixed-2,infra-smoke-50305430-92dc-5244-8365-b74eafed7d74,completed_in_time,48.71899999999994
b1-p2-fixed-2,infra-smoke-b91f4f32-59be-5aba-bf88-747252ae3cf6,completed_in_time,48.65600000000006
b1-p2-fixed-2,infra-smoke-d3d5eb69-5199-5536-a156-58fd2026c855,completed_in_time,48.75
b1-p2-fixed-2,infra-smoke-2f6cc962-9959-5148-9ce3-8a25602956a6,completed_in_time,49.04699999999991
b1-p2-fixed-2,infra-smoke-eafa0dab-3d5e-5b9e-9f65-f9ef7ad275e9,completed_in_time,48.827999999999975
b1-p2-fixed-2,infra-smoke-c6e6f032-2f70-5467-828a-cffa5d25444a,completed_in_time,49.202999999999975
b1-p2-fixed-2,infra-smoke-21fccdbb-efbf-5d67-8b32-fa3699af6eb8,completed_in_time,48.81200000000001
b1-p2-fixed-2,infra-smoke-6684bd5a-4d6d-5c71-a46a-717a73a54283,completed_in_time,49.375
b1-p2-fixed-2,infra-smoke-93302e3d-b44b-5ce0-8fd2-88f7e722dfb9,completed_in_time,49.01599999999996
b1-p2-fixed-2,infra-smoke-2f771e4d-06d9-55f9-9fbf-5f2a9e0f3b49,completed_in_time,49.031999999999925
b1-p2-fixed-2,infra-smoke-29250bc8-80ba-5891-b441-65b368b9b022,completed_in_time,49.29699999999991
b1-p2-fixed-2,infra-smoke-4b56f6df-cdd6-50b9-9c16-baeb01600ab0,completed_in_time,49.09400000000005
b1-p2-fixed-2,infra-smoke-7c9a587b-af95-5a06-b9f0-3d3557cd60ba,completed_in_time,49.18799999999999
b1-p2-fixed-2,infra-smoke-7646d82e-dc99-5fca-b337-9ea0607f664a,completed_in_time,49.514999999999986
b1-p2-fixed-2,infra-smoke-e151f0eb-0d33-52f3-b643-aad719cbaa06,completed_in_time,49.67100000000005
b1-p2-fixed-2,infra-smoke-0e3c33ca-ade4-5f7c-95f0-fb18d6e2b726,completed_in_time,49.51599999999996
b1-p2-fixed-2,infra-smoke-86ec5520-5291-5019-aa30-dfeb8bd297cc,completed_in_time,49.360000000000014
b1-p2-fixed-2,infra-smoke-c3eb5c09-bc4c-513a-8c1e-51d9f0546cd6,completed_in_time,48.90600000000006
b1-p2-fixed-2,infra-smoke-4141cfc9-b503-50fa-966c-669efbb1fadd,completed_in_time,49.610000000000014
b1-p2-fixed-2,infra-smoke-a5676a69-342e-521b-ab00-fb3f0cb348bc,completed_in_time,49.422000000000025
b1-p2-fixed-2,infra-smoke-911b1013-a2a1-5392-b50f-2fc29de1ec74,completed_in_time,49.125
b1-p2-fixed-2,infra-smoke-8139dd57-4c4a-5d3f-b1e0-090645e3827e,completed_in_time,49.03099999999995
b1-p2-fixed-2,infra-smoke-10aca846-d496-5994-9afd-1a7e0d69849a,completed_in_time,49.0
b1-p2-fixed-2,infra-smoke-055870f7-91c9-54f3-bb3c-84b59c2d8db0,completed_in_time,49.31299999999999
b1-p2-fixed-2,infra-smoke-74d8a5a2-3701-5793-8696-93d6a6a38930,completed_in_time,49.6099999999999
b1-p2-fixed-2,infra-smoke-8297a446-63a0-5c9e-bc49-ba365169ad87,completed_in_time,49.5
b1-p2-fixed-2,infra-smoke-ca9ccade-3902-53e4-8917-2137115880d2,completed_in_time,49.610000000000014
b1-p2-fixed-2,infra-smoke-d29cb254-5509-5a15-b9bd-271c47ad624c,completed_in_time,49.78100000000006
b1-p2-fixed-2,infra-smoke-2976d652-4350-511a-b075-2f61d02a85fe,completed_in_time,49.96900000000005
b1-p2-fixed-2,infra-smoke-1d77aea6-4998-5d28-8cd1-b2b8250264fa,completed_in_time,49.625
b1-p2-fixed-2,infra-smoke-23e87118-cf5f-548a-a9ca-ab729f87b5cb,completed_in_time,49.483999999999924
b1-p2-fixed-2,infra-smoke-f6d74091-d6d8-5bfe-b69d-78538a663272,completed_in_time,49.625
b1-p2-fixed-2,infra-smoke-5971b4b0-c8c8-5284-9ef0-fd7adeae59bf,completed_in_time,49.73400000000004
b1-p2-fixed-2,infra-smoke-691964a6-d58b-5917-aa2f-8da6682b828f,completed_in_time,49.797000000000025
b1-p2-fixed-2,infra-smoke-e606d12f-1787-52e9-96e4-3b52ddd70e67,completed_in_time,49.5
b1-p2-fixed-2,infra-smoke-a41c8b19-a4e9-5611-904d-9586b14c38a0,completed_in_time,49.797000000000025
b1-p2-fixed-2,infra-smoke-f79d7c99-dd67-5171-93d0-9a34d52370b7,completed_in_time,49.90599999999995
b1-p2-fixed-2,infra-smoke-bbc3aba2-b972-5d03-b72a-00526a3b0d96,completed_in_time,49.96900000000005
b1-p2-fixed-2,infra-smoke-3f50788a-6b63-54e7-ba35-cb0ac8e22c3c,completed_in_time,50.18799999999999
b1-p2-fixed-2,infra-smoke-4c06bae8-3619-5941-b3a5-eec1d83cd255,completed_in_time,49.59399999999994
b1-p2-fixed-2,infra-smoke-604efb60-3ca3-58d6-b071-2d2efbf51fe0,completed_in_time,49.702999999999975
b1-p2-fixed-2,infra-smoke-72f18f01-5530-50cb-a109-e193c7cce5b5,completed_in_time,49.875
b1-p2-fixed-2,infra-smoke-cb8da6cb-ef86-5535-87e9-cadc3cdd920a,completed_in_time,49.96899999999994
b1-p2-fixed-2,infra-smoke-46c28151-3e2b-5080-b20b-c66fc1ccce38,completed_in_time,49.952999999999975
b1-p2-fixed-2,infra-smoke-cca88647-5c4e-571d-b38f-656e114afeea,completed_in_time,49.875
b1-p2-fixed-2,infra-smoke-2661695c-51ae-57cf-86a2-0e2a2b431815,completed_in_time,50.202999999999975
b1-p2-fixed-2,infra-smoke-10b2a998-1893-5087-abee-2225b70808d4,completed_in_time,50.014999999999986
b1-p2-fixed-2,infra-smoke-67c17960-90e6-5f97-b764-7015445dd8a2,completed_in_time,49.98400000000004
b1-p2-fixed-2,infra-smoke-7b47a322-ec41-511a-b0df-ec2f5cae138b,completed_in_time,49.90700000000004
b1-p2-fixed-2,infra-smoke-b0eae264-e3da-5a87-9cde-cc05813562b4,completed_in_time,50.39099999999996
b1-p2-fixed-2,infra-smoke-94095c4c-53c9-50c6-a7b8-47112016fa64,completed_in_time,50.10900000000004
b1-p2-fixed-2,infra-smoke-7b466c94-ee5e-55bc-8c61-4482d4f8b5bf,completed_in_time,50.20399999999995
b1-p2-fixed-2,infra-smoke-fd34b0ff-7237-5df1-97ab-f5e8f4719969,completed_in_time,49.625
b1-p2-fixed-2,infra-smoke-696a03f0-6ae9-510a-ab5a-00680f27db7f,completed_in_time,50.202999999999975
b1-p2-fixed-2,infra-smoke-e280ec90-7b4d-5813-885e-7c81787ca9a7,completed_in_time,50.21899999999994
b1-p2-fixed-2,infra-smoke-06915a63-a445-5664-9298-682db75e8e99,completed_in_time,50.09399999999994
b1-p2-fixed-2,infra-smoke-15a17b05-8758-53e7-97bf-7191849c8802,completed_in_time,49.89099999999996
b1-p2-fixed-2,infra-smoke-3e583805-d3be-5c04-9374-7983dafea301,completed_in_time,49.9849999999999
b1-p2-fixed-2,infra-smoke-456f2fa3-0d14-5344-a1e4-9d069109ba3e,completed_in_time,50.39099999999996
b1-p2-fixed-2,infra-smoke-5902026a-509b-5e85-a452-0d21526bd10f,completed_in_time,50.09400000000005
b1-p2-fixed-2,infra-smoke-171b1fc5-8728-5c27-821f-76e9ceb4cb07,completed_in_time,50.31200000000001
b1-p2-fixed-2,infra-smoke-a8607aad-d91a-5868-bb8a-017fe5133d33,completed_in_time,50.125
b1-p2-fixed-2,infra-smoke-795ad6b5-65ff-5f1d-a3d5-a5bff6c50c89,completed_in_time,50.46899999999994
b1-p2-fixed-2,infra-smoke-05037a9b-52d6-55ee-a058-d341c40c25a0,completed_in_time,49.875
b1-p2-fixed-2,infra-smoke-fea17028-07fa-58f2-ac92-01bf3b21d1f7,completed_in_time,50.202999999999975
b1-p2-fixed-2,infra-smoke-aab945b0-8a74-5c98-818a-5abb09a61e8c,completed_in_time,49.827999999999975
b1-p2-fixed-2,infra-smoke-ba344109-0985-50db-bcc6-e1465f75d0a3,completed_in_time,50.702999999999975
b1-p2-fixed-2,infra-smoke-c3c31417-a51f-5550-b94b-f96b4bb1021c,completed_in_time,50.09400000000005
b1-p2-fixed-2,infra-smoke-5876eb73-c504-55cd-bbdb-4cfa7339057a,completed_in_time,50.89099999999996
b1-p2-fixed-2,infra-smoke-74dcc0fa-d957-5af2-80d0-31352f4d8988,completed_in_time,50.5
b1-p2-fixed-2,infra-smoke-46d6d437-6749-5295-9869-0afc4568603c,completed_in_time,50.5
b1-p2-fixed-2,infra-smoke-fb3e13b0-fc4d-5eea-a19e-e52fb6fc0369,completed_in_time,50.406999999999925
b1-p2-fixed-2,infra-smoke-f0ccc707-2e38-5986-a097-ed3d3f4cb5b9,completed_in_time,50.375
b1-p2-fixed-2,infra-smoke-e242bd63-69dd-5b10-9128-0d8a0ec0b446,completed_in_time,50.31299999999999
b1-p2-fixed-2,infra-smoke-9cfa0ec0-a3b5-553e-8370-7b5b5dda921e,completed_in_time,50.40600000000006
b1-p2-fixed-2,infra-smoke-e2b58005-1dd2-5c53-ac2b-1416855612b5,completed_in_time,50.485000000000014
b1-p2-fixed-2,infra-smoke-ae394256-79de-58c6-918c-dfe581c97e5a,completed_in_time,50.5
b1-p2-fixed-2,infra-smoke-15f5e638-acd1-5aa3-a58e-7261aa0fcbaf,completed_in_time,50.48400000000004
b1-p2-fixed-2,infra-smoke-c2a0b0c5-aa5c-556c-b9e8-d8f9257e73e9,completed_in_time,50.78200000000004
b1-p2-fixed-2,infra-smoke-cf5e7b76-36dd-5352-af7e-a25c6e200c00,completed_in_time,50.68799999999999
b1-p2-fixed-2,infra-smoke-d9e3de54-b5b4-5040-838a-a9c9cd353744,completed_in_time,50.35900000000004
b1-p2-fixed-2,infra-smoke-3e548983-a161-5eb9-b9f0-4569af0b445b,completed_in_time,50.81299999999999
b1-p2-fixed-2,infra-smoke-9477228b-621b-5aec-9cbc-357032f8eed9,completed_in_time,50.57800000000009
b1-p2-fixed-2,infra-smoke-49a49068-a3da-5b49-a348-9b3c3c39dde3,completed_in_time,50.90599999999995
b1-p2-fixed-2,infra-smoke-3554723e-1509-5c9a-8546-079ee4278c3d,completed_in_time,50.59400000000005
b1-p2-fixed-2,infra-smoke-a8881d5a-1f4a-52a7-8eb7-a88d0b37470a,completed_in_time,50.90700000000004
b1-p2-fixed-2,infra-smoke-68314bea-ce64-59a5-9946-9ffe5217ab56,completed_in_time,50.891000000000076
b1-p2-fixed-2,infra-smoke-bea322f7-f352-5496-8aad-41f2093e6393,completed_in_time,51.21799999999996
b1-p2-fixed-2,infra-smoke-d7702d00-e439-5dff-84fc-a88e44d18a81,completed_in_time,50.71899999999994
b1-p2-fixed-2,infra-smoke-80199ec8-87b0-5f30-8922-48b750ee61ff,completed_in_time,51.09400000000005
b1-p2-fixed-2,infra-smoke-ae7ff771-b93d-5a1d-9cf0-81f1045ca7ae,completed_in_time,51.10900000000004
b1-p2-fixed-2,infra-smoke-f5d3e3e4-c7d7-5cc5-8572-e099d044dd29,completed_in_time,51.014999999999986
b1-p2-fixed-2,infra-smoke-3b8e4af3-406d-5cfa-97a4-48967a6fedf2,completed_in_time,51.422000000000025
b1-p2-fixed-2,infra-smoke-0eaed7fc-bde4-5201-8744-8f7ba6c8d00d,completed_in_time,51.172000000000025
b1-p2-fixed-2,infra-smoke-ac0b58c2-125f-5557-9c53-02a5be990d25,completed_in_time,51.29600000000005
b1-p2-fixed-2,infra-smoke-59ea51dd-c0d5-5f5b-8284-5641b252db97,completed_in_time,51.389999999999986
b1-p2-fixed-2,infra-smoke-717d459b-02d8-518c-bd7b-13791918a978,completed_in_time,51.46899999999994
b1-p2-fixed-2,infra-smoke-35a5e1aa-0c2c-5d7e-be56-68a5d162eaa7,completed_in_time,51.28100000000006
b1-p2-fixed-2,infra-smoke-42f90c84-9005-5be7-87d6-1192b67c2c34,completed_in_time,51.297000000000025
b1-p2-fixed-2,infra-smoke-8b9046df-6f9b-5f03-9103-00b9aff409d5,completed_in_time,51.31200000000001
b1-p2-fixed-2,infra-smoke-c8cd932e-7840-5034-a218-cea9d17c9e75,completed_in_time,51.014999999999986
b1-p2-fixed-2,infra-smoke-dd50aabf-6230-5f1b-a00c-6756addeae5b,completed_in_time,51.20300000000009
b1-p2-fixed-2,infra-smoke-cbc492d6-477c-5a93-b722-bcfc95b60977,completed_in_time,51.31299999999999
b1-p2-fixed-2,infra-smoke-46a2fef4-f3fb-56bd-9fc1-eab1449cb2b4,completed_in_time,51.31200000000001
b1-p2-fixed-2,infra-smoke-03c6ed85-62a8-574a-a177-bf0ee129482e,completed_in_time,51.09399999999994
b1-p2-fixed-2,infra-smoke-cf312f26-b485-503e-b846-8261eac7296b,completed_in_time,51.10900000000004
b1-p2-fixed-2,infra-smoke-85a9bd00-801e-5734-aca1-84a7c1ae2f5e,completed_in_time,51.39099999999996
b1-p2-fixed-2,infra-smoke-b606355e-28c9-5b5c-b5a9-042bad25ea72,completed_in_time,51.610000000000014
b1-p2-fixed-2,infra-smoke-8c7827fd-a71b-52f4-a0bc-c972bce72321,completed_in_time,51.375
b1-p2-fixed-2,infra-smoke-4d3cd616-5c49-5b22-a4af-09ae87823e6e,completed_in_time,51.422000000000025
b1-p2-fixed-2,infra-smoke-04fb6524-4e48-5164-acf7-7314274e4964,completed_in_time,51.875
b1-p2-fixed-2,infra-smoke-1a728bda-b108-52c5-b4b7-ab45c4f9fb12,completed_in_time,52.03099999999995
b1-p2-fixed-2,infra-smoke-35bddbee-8006-519c-8c9a-cfaf3e78adc2,completed_in_time,51.889999999999986
b1-p2-fixed-2,infra-smoke-ff57c8a0-908d-5313-8381-d6423311b841,completed_in_time,51.76599999999996
b1-p2-fixed-2,infra-smoke-fffa97f1-e960-54d4-bcab-e250bd019f2f,completed_in_time,51.76599999999996
b1-p2-fixed-2,infra-smoke-13643aed-a59f-5cd7-9a93-7137e2cad989,completed_in_time,51.42100000000005
b1-p2-fixed-2,infra-smoke-736dafc6-c885-5507-93e3-e68fd8112b17,completed_in_time,51.781999999999925
b1-p2-fixed-2,infra-smoke-987b65ac-767a-52bf-af97-c6003188c3de,completed_in_time,51.81200000000001
b1-p2-fixed-2,infra-smoke-834ba70c-c83d-588f-9549-04ca9c4febe4,completed_in_time,52.09400000000005
b1-p2-fixed-2,infra-smoke-02ec872f-338a-5840-ba6b-77fb531d8ec5,completed_in_time,52.18799999999999
b1-p2-fixed-2,infra-smoke-85240f4e-45dd-5435-96ad-6d0d21c243a8,completed_in_time,51.875
b1-p2-fixed-2,infra-smoke-51b75eb1-1ab5-532f-9845-d07085559e59,completed_in_time,52.0
b1-p2-fixed-2,infra-smoke-09221b81-8f0f-5bbe-bdad-05c59364a5e0,completed_in_time,52.40600000000006
b1-p2-fixed-2,infra-smoke-65f938a4-4e88-50c1-8cf6-823154ba7cd7,completed_in_time,51.85900000000004
b1-p2-fixed-2,infra-smoke-8022972e-1a73-55da-8b92-4a13360081f4,completed_in_time,51.98400000000004
b1-p2-fixed-2,infra-smoke-0117431a-3a31-555f-bf0b-ba20911bfe98,completed_in_time,52.077999999999975
b1-p2-fixed-2,infra-smoke-db6bfd40-ef79-5c9b-bde5-7003eb4a0eff,completed_in_time,52.139999999999986
b1-p2-fixed-2,infra-smoke-77181f6f-b008-546c-b69d-25bb99612872,completed_in_time,52.21900000000005
b1-p2-fixed-2,infra-smoke-6374f19e-4bcb-5631-a4e0-fc88e9c54104,completed_in_time,52.09399999999994
b1-p2-fixed-2,infra-smoke-363ce90b-f5c5-5eb3-ba21-6a5917203284,completed_in_time,52.42199999999991
b1-p2-fixed-2,infra-smoke-eb9efeea-de31-506d-aaf7-7b2c95897a33,completed_in_time,52.20399999999995
b1-p2-fixed-2,infra-smoke-693123f9-e19f-57ef-aeda-7a4c78d19624,completed_in_time,51.98400000000004
b1-p2-fixed-2,infra-smoke-4fe1a726-e49f-5783-9306-6a9ed1bef87b,completed_in_time,52.108999999999924
b1-p2-fixed-2,infra-smoke-c47359cd-b790-52f7-aa02-98ab0bb892d9,completed_in_time,52.202999999999975
b1-p2-fixed-2,infra-smoke-d095b82a-521b-588c-84a3-695dcaa9c01a,completed_in_time,52.68799999999999
b1-p2-fixed-2,infra-smoke-84f0f93a-77dd-5113-8bf4-373f3b3937e3,completed_in_time,51.797000000000025
b1-p2-fixed-2,infra-smoke-16c3734e-bd47-5bac-bdf1-560780fdd7be,completed_in_time,52.39099999999996
b1-p2-fixed-2,infra-smoke-c08f7535-e55c-578b-88bc-c469cda453ff,completed_in_time,52.39099999999996
b1-p2-fixed-2,infra-smoke-d155b003-3153-5e5f-bb62-6c56d65232a8,completed_in_time,52.672000000000025
b1-p2-fixed-2,infra-smoke-8d208970-eb70-5d15-ad56-f2f609afd984,completed_in_time,52.202999999999975
b1-p2-fixed-2,infra-smoke-a72306f3-6be9-5255-b52d-fb7b08d83dd3,completed_in_time,52.485000000000014
b1-p2-fixed-2,infra-smoke-edf4d8c8-5346-5920-8a42-1392d96f8a30,completed_in_time,52.73400000000004
b1-p2-fixed-2,infra-smoke-59d43735-d410-5d07-9862-f125aec9bcd2,completed_in_time,52.81299999999999
b1-p2-fixed-2,infra-smoke-7649a1bb-167c-573b-a501-e220162166d5,completed_in_time,52.4849999999999
b1-p2-fixed-2,infra-smoke-af28c81a-2965-550b-8346-5e98265be2c1,completed_in_time,52.23400000000004
b1-p2-fixed-2,infra-smoke-56d42309-aa22-5699-bfa1-26c468c769de,completed_in_time,52.42199999999991
b1-p2-fixed-2,infra-smoke-2722838e-aa7d-54ff-b8be-0f4da7a093ac,completed_in_time,52.20300000000009
b1-p2-fixed-2,infra-smoke-85b3cac3-1b84-5a0c-b0ce-24d0def023b3,completed_in_time,51.985000000000014
b1-p2-fixed-2,infra-smoke-86e63152-8a72-534c-bb61-aba93e8e8967,completed_in_time,52.40700000000004
b1-p2-fixed-2,infra-smoke-80ef024b-8f70-59f5-84c3-38f9376c74b9,completed_in_time,52.531999999999925
b1-p2-fixed-2,infra-smoke-dcc430ea-ed6c-59cc-8a65-a7dd13d268eb,completed_in_time,52.29699999999991
b1-p2-fixed-2,infra-smoke-9d811f8a-f5da-5c5e-b570-ade9c3edaafb,completed_in_time,52.577999999999975
b1-p2-fixed-2,infra-smoke-aa87dd79-711c-59c9-999e-d91f58354d12,completed_in_time,53.014999999999986
b1-p2-fixed-2,infra-smoke-5b0f289e-41ce-5789-be97-72789cefe8eb,completed_in_time,52.514999999999986
b1-p2-fixed-2,infra-smoke-b0a93465-cf95-5c9e-bc44-e3b0203ad8ae,completed_in_time,53.03200000000004
b1-p2-fixed-2,infra-smoke-67dc4eb9-d74d-5a3e-a056-5b77dce3cc5d,completed_in_time,52.422000000000025
b1-p2-fixed-2,infra-smoke-17252446-e8a4-5fea-9aa1-75ee22418c0a,completed_in_time,52.375
b1-p2-fixed-2,infra-smoke-fd92ee8e-3992-5e47-b4bc-5d0480814c66,completed_in_time,52.60900000000004
b1-p2-fixed-2,infra-smoke-f3d904d6-92db-5235-b801-9b2001d754dd,completed_in_time,52.43700000000001
b1-p2-fixed-2,infra-smoke-4dd99854-50bc-5045-97e8-5031372851f9,completed_in_time,52.5
b1-p2-fixed-2,infra-smoke-67457d27-a05a-5d57-a8b6-d6c69daea1d2,completed_in_time,53.172000000000025
b1-p2-fixed-2,infra-smoke-bcd4b194-f714-5fdb-bb41-d9ffd8410a63,completed_in_time,52.31299999999999
b1-p2-fixed-2,infra-smoke-a9b108a9-1672-5e8e-8a15-605ae6053578,completed_in_time,52.81299999999999
b1-p2-fixed-2,infra-smoke-f2a4b232-b0a2-5848-8482-263e3883eb78,completed_in_time,52.860000000000014
b1-p2-fixed-2,infra-smoke-4dd2f6e1-8e13-5249-b297-88f194d491b8,completed_in_time,52.76599999999996
b1-p2-fixed-2,infra-smoke-f3069232-633e-5849-b003-5e0f2b4caeba,completed_in_time,53.172000000000025
b1-p2-fixed-2,infra-smoke-f5065e04-d54b-5a09-b0d0-89e6d3675f33,completed_in_time,52.68700000000001
b1-p2-fixed-2,infra-smoke-7e797adf-c641-56a5-914c-712b014f205f,completed_in_time,53.0
b1-p2-fixed-2,infra-smoke-73d0d5e6-48d7-5fdd-88dd-6224b369e736,completed_in_time,52.827999999999975
b1-p2-fixed-2,infra-smoke-3cfe2fed-4744-58ed-8acf-6642ef3bcdf5,completed_in_time,53.125
b1-p2-fixed-2,infra-smoke-d72021b7-e5ec-51de-b857-b4b53c58b513,completed_in_time,53.32800000000009
b1-p2-fixed-2,infra-smoke-19e84188-acc9-5619-aa02-3f92396ee3cc,completed_in_time,52.702999999999975
b1-p2-fixed-2,infra-smoke-c72b4cc3-5b84-5c3d-a971-dd364420ecb7,completed_in_time,53.31200000000001
b1-p2-fixed-2,infra-smoke-2595e029-77e5-5204-8cdf-bf2a04bfd98e,completed_in_time,52.4849999999999
b1-p2-fixed-2,infra-smoke-2accc5d1-b61a-5040-879a-7e734cb370c3,completed_in_time,53.016000000000076
b1-p2-fixed-2,infra-smoke-e283366d-496f-58ae-ac88-9e4b5d90daea,completed_in_time,53.21900000000005
b1-p2-fixed-2,infra-smoke-67956bc5-ce7b-5bf8-a0d8-6ea0aa810de0,completed_in_time,53.10900000000004
b1-p2-fixed-2,infra-smoke-9cda9bf9-5bba-5187-a9fe-556aec13d23d,completed_in_time,53.59299999999996
b1-p2-fixed-2,infra-smoke-bb88e73f-26cb-57ad-bafd-d7c5f6f96688,completed_in_time,53.09400000000005
b1-p2-fixed-2,infra-smoke-3b1d6074-41f1-59c6-9d55-522d4020f66f,completed_in_time,53.5
b1-p2-fixed-2,infra-smoke-fb2fd171-fa6e-57f1-9ee7-ccf66c263764,completed_in_time,53.514999999999986
b1-p2-fixed-2,infra-smoke-2ba12e92-3abf-5ecf-bdba-9f58a16fbddc,completed_in_time,52.92100000000005
b1-p2-fixed-2,infra-smoke-2522889a-9263-5233-be2a-ecf2cd42ae43,completed_in_time,52.797000000000025
b1-p2-fixed-2,infra-smoke-8a96f5cc-0104-537e-bcbd-27ea781ad1dd,completed_in_time,53.514999999999986
b1-p2-fixed-2,infra-smoke-23baab33-4fe1-5395-ac89-1e6c6af0b4c8,completed_in_time,53.468000000000075
b1-p2-fixed-2,infra-smoke-c7f424a2-c7e6-5865-99fb-f8c09c7a0212,completed_in_time,53.35900000000004
b1-p2-fixed-2,infra-smoke-c9717e1a-a18e-56a2-93ad-6cf3463d5b5e,completed_in_time,53.577999999999975
b1-p2-fixed-2,infra-smoke-fef2584b-c745-59ac-a002-7da02281dab4,completed_in_time,53.797000000000025
b1-p2-fixed-2,infra-smoke-8fc57b7f-5c5b-5555-a3da-90e9e461947a,completed_in_time,53.59400000000005
b1-p2-fixed-2,infra-smoke-1deed1ee-8c5e-5669-89cf-f115f3577809,completed_in_time,53.59400000000005
b1-p2-fixed-2,infra-smoke-3e430292-3182-5693-9afc-33f12b63b0d1,completed_in_time,53.40599999999995
b1-p2-fixed-2,infra-smoke-304a1737-9d61-5922-819e-8153664f5df0,completed_in_time,53.34399999999994
b1-p2-fixed-2,infra-smoke-7121adfd-e851-54c3-b22c-b938ecdb854f,completed_in_time,53.60900000000004
b1-p2-fixed-2,infra-smoke-323603fc-e8ba-50e5-8271-c217a8b321b7,completed_in_time,53.39099999999996
b1-p2-fixed-2,infra-smoke-d9aebe28-da73-5ab3-8610-98f18e69bbff,completed_in_time,53.29600000000005
b1-p2-fixed-2,infra-smoke-2f36db23-82d0-5d31-8fc2-503852056a3b,completed_in_time,53.28100000000006
b1-p2-fixed-2,infra-smoke-b6eaf034-be64-50d2-afab-7bb1cbed206e,completed_in_time,53.53099999999995
b1-p2-fixed-2,infra-smoke-9c96509c-b3c9-538f-b561-47b41d29bdc9,completed_in_time,53.81200000000001
b1-p2-fixed-2,infra-smoke-f3f62d55-7647-5cca-89b7-efe06ce4a57a,completed_in_time,53.59399999999994
b1-p2-fixed-2,infra-smoke-886ec33d-5489-51c2-b74a-72c9c36b484f,completed_in_time,54.10900000000004
b1-p2-fixed-2,infra-smoke-eb4eae95-4d0f-5671-9beb-8b15e60277f2,completed_in_time,54.09399999999994
b1-p2-fixed-2,infra-smoke-0be49a48-7552-52e1-93be-f7c32fd4064c,completed_in_time,53.68799999999999
b1-p2-fixed-2,infra-smoke-c34dca56-27ee-5fdb-a62e-add57b75dc4a,completed_in_time,54.03100000000006
b1-p2-fixed-2,infra-smoke-e33ad232-ac9b-5c06-b0f2-8a6b0ac20591,completed_in_time,54.0
b1-p2-fixed-2,infra-smoke-42b5c018-6c6e-5bae-b2a3-56b76bfdf13e,completed_in_time,53.89099999999996
b1-p2-fixed-2,infra-smoke-c5deaccb-4e22-5a96-9b84-8e8f12e6c687,completed_in_time,54.0
b1-p2-fixed-2,infra-smoke-e3eb5781-7b4d-5bc9-a3c6-1acad3ff230a,completed_in_time,53.89099999999996
b1-p2-fixed-2,infra-smoke-3aab1de6-1103-5d68-8c65-3c6260e157a1,completed_in_time,53.51599999999996
b1-p2-fixed-2,infra-smoke-f45e8f90-032c-5f3f-b0c3-8e4d917f84a2,completed_in_time,53.797000000000025
b1-p2-fixed-2,infra-smoke-c149e0c8-056e-5c45-baa1-044fe7daba6f,completed_in_time,53.78100000000006
b1-p2-fixed-2,infra-smoke-1fefa62b-109b-5127-b635-002afc7290fc,completed_in_time,54.0150000000001
b1-p2-fixed-2,infra-smoke-8698e34e-bb8d-5dbc-839f-15fbb2c0c8ae,completed_in_time,54.10900000000004
b1-p2-fixed-2,infra-smoke-408f8366-35ca-5eed-a869-a5f0f194ac45,completed_in_time,54.31299999999999
b1-p2-fixed-2,infra-smoke-6c8b2cf4-ae59-506b-9f0b-6d3479268c03,completed_in_time,54.172000000000025
b1-p2-fixed-2,infra-smoke-e25ad7e3-2e99-5881-ad4d-0629f1b224ce,completed_in_time,54.03100000000006
b1-p2-fixed-2,infra-smoke-d44852a5-909d-568e-8d17-79acdaddd665,completed_in_time,54.422000000000025
b1-p2-fixed-2,infra-smoke-2731fbdc-a283-524e-b1c6-ce2c677f5104,completed_in_time,53.922000000000025
b1-p2-fixed-2,infra-smoke-e1979a85-5ae7-576e-8576-8cf0b80359f6,completed_in_time,54.014999999999986
b1-p2-fixed-2,infra-smoke-4ee49b48-033a-56f9-9648-d9c20c89c3be,completed_in_time,54.672000000000025
b1-p2-fixed-2,infra-smoke-58ce72f1-97e3-5b42-9e3d-6dc0c86736ee,completed_in_time,54.21799999999996
b1-p2-fixed-2,infra-smoke-f213b073-d195-522a-b36b-d84bc467b4ff,completed_in_time,54.06299999999999
b1-p2-fixed-2,infra-smoke-0b4f9c58-a17a-51a4-8824-d513ded4bcc3,completed_in_time,54.25
b1-p2-fixed-2,infra-smoke-b9a66274-0cce-5828-89a9-97826a944cf4,completed_in_time,54.25
b1-p2-fixed-2,infra-smoke-7e1bc64e-741a-526d-b77c-2fa6122b0547,completed_in_time,54.21899999999994
b1-p2-fixed-2,infra-smoke-e9d0b7fd-1b34-56a8-9ae7-f660da5be13c,completed_in_time,54.18700000000001
b1-p2-fixed-2,infra-smoke-1715a009-5b68-5fb2-bde9-496adcd472bb,completed_in_time,54.29699999999991
b1-p2-fixed-2,infra-smoke-c8b776eb-2c9b-5d8c-8f6b-a0b6269e5d41,completed_in_time,54.43700000000001
b1-p2-fixed-2,infra-smoke-6288de4b-6b4c-59dc-a3af-c7778789f400,completed_in_time,54.18700000000001
b1-p2-fixed-2,infra-smoke-8ea6b481-eb42-5386-b1d7-8a5d109d5eb4,completed_in_time,54.28099999999995
b1-p2-fixed-2,infra-smoke-fa1c799e-2939-56bb-b196-0f3efd8bc81a,completed_in_time,54.5
b1-p2-fixed-2,infra-smoke-8f27a624-ce78-5d57-9632-2cd3c318ab1b,completed_in_time,54.985000000000014
b1-p2-fixed-2,infra-smoke-b6a29a86-6f77-58f0-949e-c51ebe5f5967,completed_in_time,54.59399999999994
b1-p2-fixed-2,infra-smoke-af667fef-3c28-57f4-97b9-403c4ea18170,completed_in_time,54.51599999999996
b1-p2-fixed-2,infra-smoke-0e668e1d-4b23-50b4-83c5-df7eaf342fdb,completed_in_time,54.40600000000006
b1-p2-fixed-2,infra-smoke-c67222e4-ced8-585b-8cef-a71841297031,completed_in_time,54.56299999999999
b1-p2-fixed-2,infra-smoke-879c4fd1-5be4-569b-b92c-d3f4e403cc15,completed_in_time,55.0
b1-p2-fixed-2,infra-smoke-9518f82e-0f9a-5ef7-90d5-82d3a6afdb14,completed_in_time,54.71900000000005
b1-p2-fixed-2,infra-smoke-ba01caae-289a-5553-b939-b2e704c1e948,completed_in_time,54.78099999999995
b1-p2-fixed-2,infra-smoke-05205937-2980-56c0-8930-fe57ffdd0ce8,completed_in_time,54.78100000000006
b1-p2-fixed-2,infra-smoke-82257a20-5992-54c0-a788-8afb243e7eea,completed_in_time,54.952999999999975
b1-p2-fixed-2,infra-smoke-654efa95-6f7c-5907-bd07-8d4a1f3326c1,completed_in_time,54.485000000000014
b1-p2-fixed-2,infra-smoke-5d9572fd-a26f-5bed-be14-c5effefb41d0,completed_in_time,54.67199999999991
b1-p2-fixed-2,infra-smoke-dd8f68df-6d5b-57da-873a-f8e9467f9250,completed_in_time,54.89099999999996
b1-p2-fixed-2,infra-smoke-3d1fa0b8-71f0-5392-911b-b6cd296c157e,completed_in_time,54.702999999999975
b1-p2-fixed-2,infra-smoke-559921ed-d236-54ee-be72-152084677eef,completed_in_time,54.59299999999996
b1-p2-fixed-2,infra-smoke-9963a93e-385b-5cf5-a7a6-7231d6dc1d39,completed_in_time,55.40599999999995
b1-p2-fixed-2,infra-smoke-4f885312-165f-5530-b73c-af41de4e39bd,completed_in_time,54.985000000000014
b1-p2-fixed-2,infra-smoke-e94b778f-4be4-5a8f-ac56-c4fecf6da872,completed_in_time,54.891000000000076
b1-p2-fixed-2,infra-smoke-2bcf375a-2793-5f8e-ad25-4abff0f71588,completed_in_time,55.077999999999975
b1-p2-fixed-2,infra-smoke-9d965d93-2f50-51be-84b8-8e8d29d36142,completed_in_time,55.28099999999995
b1-p2-fixed-2,infra-smoke-ff160ec3-d3d8-5118-bf74-df6ba530c9d0,completed_in_time,55.125
b1-p2-fixed-2,infra-smoke-154c7ef3-c11b-580d-8a3d-40fbafe46ae3,completed_in_time,55.09400000000005
b1-p2-fixed-2,infra-smoke-94f3c6bb-8f06-5072-97c2-757de9d65043,completed_in_time,55.625
b1-p2-fixed-2,infra-smoke-87c35385-28fe-5a48-aafa-4827d2f1fdb8,completed_in_time,55.42100000000005
b1-p2-fixed-2,infra-smoke-00f67b43-e26a-56de-a13c-a28eff0dc50c,completed_in_time,55.42199999999991
b1-p2-fixed-2,infra-smoke-6c20f803-7820-5a8c-8c4c-5441e7aeac37,completed_in_time,55.59400000000005
b1-p2-fixed-2,infra-smoke-aa60969d-ddb5-55f8-8e09-2a44e88631c9,completed_in_time,55.32800000000009
b1-p2-fixed-2,infra-smoke-9dbf7693-395a-508f-a377-2ff70331ef9a,completed_in_time,55.0
b1-p2-fixed-2,infra-smoke-74628ae8-856c-5fa2-8acb-e1c5cdc67829,completed_in_time,54.46899999999994
b1-p2-fixed-2,infra-smoke-3f9b5708-2f6f-5c7c-aad6-2f8267c3e4d8,completed_in_time,54.108999999999924
b1-p2-fixed-2,infra-smoke-e4942b14-a401-5bc6-b0a3-3b1d4133917d,completed_in_time,53.51599999999996
b1-p2-fixed-2,infra-smoke-6144c88f-bd3d-51c1-8327-58e0b5302419,completed_in_time,53.43799999999999
b1-p2-fixed-2,infra-smoke-8ed402b1-af5d-5607-aec1-4d3adc0ed67e,completed_in_time,52.68700000000001
b1-p2-fixed-2,infra-smoke-96c6e321-d8d2-5a35-ae33-42cdf6b4dd5d,completed_in_time,52.46799999999996
b1-p2-fixed-2,infra-smoke-150b99e9-456c-51c2-a19e-ffc4b6b50734,completed_in_time,52.18700000000001
b1-p2-fixed-2,infra-smoke-ff3baa7c-5dc4-521b-8526-312adf9264c0,completed_in_time,51.60900000000004
b1-p2-fixed-2,infra-smoke-54b32485-76ac-5e7a-8d5f-0e442a346e0e,completed_in_time,51.202999999999975
b1-p2-fixed-2,infra-smoke-b52c96ec-17bb-5f75-a55c-1aabae2bf455,completed_in_time,50.90600000000006
b1-p2-fixed-2,infra-smoke-cb1363b9-84c9-5a20-b65c-f04764366e4e,completed_in_time,50.625
b1-p2-fixed-2,infra-smoke-95f3b8e6-65cc-550f-97e2-098658e136af,completed_in_time,50.20300000000009
b1-p2-fixed-2,infra-smoke-ac0e035c-9f89-5819-bbdf-1b716c1d8d05,completed_in_time,49.516000000000076
b1-p2-fixed-2,infra-smoke-d8b8672e-095e-58d7-9a70-98619150f3d1,completed_in_time,49.25
b1-p2-fixed-2,infra-smoke-76a97279-7476-5b48-ae5e-b315238fb783,completed_in_time,48.53100000000006
b1-p2-fixed-2,infra-smoke-82fdc540-7a3c-5931-a0ef-c7db71dd9d86,completed_in_time,48.5
b1-p2-fixed-2,infra-smoke-4e1d640d-9a77-52ae-b25c-38cf4e7e12b8,completed_in_time,47.90599999999995
b1-p2-fixed-2,infra-smoke-479c426d-3990-564c-8f09-77fcf6703ea7,completed_in_time,47.31200000000001
b1-p2-fixed-2,infra-smoke-69f014b5-6269-5b3b-9d81-a907432612f3,completed_in_time,46.79699999999991
b1-p2-fixed-2,infra-smoke-d586098a-b583-54fe-968d-95bb9f2c4409,completed_in_time,46.56299999999999
b1-p2-fixed-2,infra-smoke-749fe7cb-e2e1-5136-8304-e6f46cc1fdbf,completed_in_time,45.89099999999996
b1-p2-fixed-2,infra-smoke-d2f850bc-be10-52bb-aef1-99190907f53c,completed_in_time,45.483999999999924
b1-p2-fixed-2,infra-smoke-a0c1a1a6-a8b9-5a65-b67f-dd3c7339e9e9,completed_in_time,45.202999999999975
b1-p2-fixed-2,infra-smoke-406e7790-d262-5e07-9764-ca774f720c48,completed_in_time,44.672000000000025
b1-p2-fixed-2,infra-smoke-3542d90c-01a2-5486-8a71-44efe673826b,completed_in_time,44.202999999999975
b1-p2-fixed-2,infra-smoke-8556e176-a533-56f0-83a1-842ec9a60fcf,completed_in_time,43.577999999999975
b1-p2-fixed-2,infra-smoke-8379c9ab-9ce3-5413-97b1-71e694d0114e,completed_in_time,43.172000000000025
b1-p2-fixed-2,infra-smoke-79f52c28-80c7-58e0-a1f0-e0f48c3b46e4,completed_in_time,42.81299999999999
b1-p3-fixed-1,infra-smoke-f3bd558e-556c-5962-abea-bd7d0c9d6d07,completed_in_time,4.875
b1-p3-fixed-1,infra-smoke-0161fad5-e58e-5bb5-8376-e8f6576444f5,completed_in_time,4.359000000000151
b1-p3-fixed-1,infra-smoke-e5e06ea7-c692-5f1a-a46b-58bd7270ef10,completed_in_time,3.9220000000000255
b1-p3-fixed-1,infra-smoke-b4764a0c-1f6b-5817-baaa-96006113a6dc,completed_in_time,3.4069999999999254
b1-p3-fixed-1,infra-smoke-eb9ef1a8-01d7-515a-aa05-a4decc640115,completed_in_time,2.9069999999999254
b1-p3-fixed-1,infra-smoke-307f3593-c206-5c80-99cb-a2fd697b9ba3,completed_in_time,2.390999999999849
b1-p3-fixed-1,infra-smoke-e37bbf3c-0177-54f7-ae1e-0a7575b8c5e8,completed_in_time,1.8910000000000764
b1-p3-fixed-1,infra-smoke-0aae68b6-438f-5836-9e0c-e76f9f0b68a4,completed_in_time,1.4069999999999254
b1-p3-fixed-1,infra-smoke-7d185dfd-0150-5d00-ba9f-af6eb7ae0053,completed_in_time,5.906000000000176
b1-p3-fixed-1,infra-smoke-ff0a6380-e9ac-580d-959b-cc592b9b7dab,completed_in_time,5.1099999999999
b1-p3-fixed-1,infra-smoke-ba3dc3f7-8c16-59f7-8764-4c737ce29bc3,completed_in_time,4.9370000000001255
b1-p3-fixed-1,infra-smoke-fa8d4f0e-bc6b-58b0-8262-b7c57b7569e9,completed_in_time,4.375
b1-p3-fixed-1,infra-smoke-0fab97d9-2831-531f-b12a-2e25e4e73149,completed_in_time,4.031999999999925
b1-p3-fixed-1,infra-smoke-f7e17afd-1647-5084-8a7b-e023141311e1,completed_in_time,3.4849999999999
b1-p3-fixed-1,infra-smoke-439126e2-cf93-5989-911e-58dce8b9fb3b,completed_in_time,2.9849999999999
b1-p3-fixed-1,infra-smoke-f70f3ae7-1fd2-50bd-be04-7ad386c283e1,completed_in_time,2.390999999999849
b1-p3-fixed-1,infra-smoke-b9ecce2b-d53a-5078-8f5e-17db1611ad55,completed_in_time,1.9849999999999
b1-p3-fixed-1,infra-smoke-a8f2d465-7b37-5b81-8768-26d641e594a6,completed_in_time,6.593999999999824
b1-p3-fixed-1,infra-smoke-9652e608-75f3-5f71-a89b-47ecdd5a3aac,completed_in_time,6.0620000000001255
b1-p3-fixed-1,infra-smoke-923883dc-32ba-5aa9-9bcc-7bb3fc0ee88b,completed_in_time,5.375
b1-p3-fixed-1,infra-smoke-566a7885-606b-573a-85c6-9ccf07c8a5c8,completed_in_time,5.093999999999824
b1-p3-fixed-1,infra-smoke-cfb90584-9653-5548-92f2-1a172f0d9380,completed_in_time,4.5
b1-p3-fixed-1,infra-smoke-6643f6d9-3306-5324-8b3b-3c34562b0243,completed_in_time,4.0779999999999745
b1-p3-fixed-1,infra-smoke-dfe2c2f0-18ea-5501-8bca-2890561dde37,completed_in_time,3.6720000000000255
b1-p3-fixed-1,infra-smoke-48bf695a-e802-5b49-a296-a0de4dd852d9,completed_in_time,3.1720000000000255
b1-p3-fixed-1,infra-smoke-5236edd8-6112-55ed-9cd8-cbe3019e0994,completed_in_time,2.6720000000000255
b1-p3-fixed-1,infra-smoke-fd725f26-d1a1-5f45-bf9c-3827e596576b,completed_in_time,2.094000000000051
b1-p3-fixed-1,infra-smoke-f8080b95-66fc-5160-a50b-401b638fbabb,completed_in_time,7.906999999999925
b1-p3-fixed-1,infra-smoke-cb6c4936-e663-51b9-a45c-1f85f6a23ead,completed_in_time,7.7970000000000255
b1-p3-fixed-1,infra-smoke-f960a57e-9cfb-52ce-bae2-e2738e899f04,completed_in_time,6.780999999999949
b1-p3-fixed-1,infra-smoke-7dc0df23-4ad7-557c-9c06-fbc611a3c099,completed_in_time,6.2970000000000255
b1-p3-fixed-1,infra-smoke-5f17ac9b-f97d-5bdb-901f-e7d39e9dbe79,completed_in_time,6.593999999999824
b1-p3-fixed-1,infra-smoke-189d4557-3d55-5def-aa16-da914e0108c4,completed_in_time,6.0629999999998745
b1-p3-fixed-1,infra-smoke-974b37d8-5b99-5102-8207-c0a03dfc4fbc,completed_in_time,5.953999999999951
b1-p3-fixed-1,infra-smoke-521eda9f-c15b-50a3-bfeb-429e7e6e236a,completed_in_time,5.625
b1-p3-fixed-1,infra-smoke-78cae365-7f0f-5e3f-99a4-8f71b92afd26,completed_in_time,6.656000000000176
b1-p3-fixed-1,infra-smoke-0cb0c162-a062-50b9-9436-555883b7f845,completed_in_time,5.8129999999998745
b1-p3-fixed-1,infra-smoke-1730b4fb-32f5-57ca-a984-a1039a04f808,completed_in_time,5.9220000000000255
b1-p3-fixed-1,infra-smoke-b4280738-15c7-52cb-8813-242d0dd8c24b,completed_in_time,6.093000000000075
b1-p3-fixed-1,infra-smoke-8bedb7ea-b93a-5a9d-98c6-89dbc793f454,completed_in_time,6.046999999999798
b1-p3-fixed-1,infra-smoke-2e3cdebd-3443-5c85-81e3-265fdef30f56,completed_in_time,6.5470000000000255
b1-p3-fixed-1,infra-smoke-5992b708-2fd8-5f3c-9c10-7b2da908cb12,completed_in_time,6.015999999999849
b1-p3-fixed-1,infra-smoke-99c6e9e9-98d5-5e79-bc80-453376c7b40d,completed_in_time,6.7650000000001
b1-p3-fixed-1,infra-smoke-52e17a34-984b-56ae-80ac-2126353a86e7,completed_in_time,7.6870000000001255
b1-p3-fixed-1,infra-smoke-00ee9450-5046-55ee-8eab-905888fa7f4f,completed_in_time,7.484000000000151
b1-p3-fixed-1,infra-smoke-c19c6377-6b85-5cd3-a39c-a5853452039a,completed_in_time,7.530999999999949
b1-p3-fixed-1,infra-smoke-2ead0035-ea8d-5af7-a0dc-c2395c762439,completed_in_time,7.7029999999999745
b1-p3-fixed-1,infra-smoke-5298502e-3b91-58cf-a947-2bf4f15cc713,completed_in_time,8.125
b1-p3-fixed-1,infra-smoke-528ea394-35dd-5f6c-8a9c-27c355f32259,completed_in_time,7.983999999999924
b1-p3-fixed-1,infra-smoke-4b51a060-6419-5696-8bee-4c78569ba63a,completed_in_time,7.984000000000151
b1-p3-fixed-1,infra-smoke-97f7352e-6645-5035-a453-689ed585ade0,completed_in_time,7.531000000000176
b1-p3-fixed-1,infra-smoke-ea354820-7375-5288-95e7-b58ec124d81c,completed_in_time,8.562000000000126
b1-p3-fixed-1,infra-smoke-a0096c15-488d-539a-b24b-6b5262ec0bcc,completed_in_time,8.187000000000126
b1-p3-fixed-1,infra-smoke-9d6394f8-b4b9-5d9b-a654-43666399d7cf,completed_in_time,7.6099999999999
b1-p3-fixed-1,infra-smoke-acac3a28-4abc-5044-9f90-0305f33f743e,completed_in_time,7.7970000000000255
b1-p3-fixed-1,infra-smoke-855211af-3353-5122-8084-f1d811c1b309,completed_in_time,7.625
b1-p3-fixed-1,infra-smoke-836c5b4f-e821-52f6-a8b1-d20d77536b32,completed_in_time,8.156000000000176
b1-p3-fixed-1,infra-smoke-68bb0463-e9ee-573f-8767-8e657a832b6c,completed_in_time,9.125
b1-p3-fixed-1,infra-smoke-cc211939-61f7-50c2-98c6-9bc0faecaae4,completed_in_time,9.140999999999849
b1-p3-fixed-1,infra-smoke-12850d01-bf7f-58b6-b579-834a13107b3d,completed_in_time,9.969000000000051
b1-p3-fixed-1,infra-smoke-96093d32-ba39-54ad-bc8a-f6c3d7e84a95,completed_in_time,9.109000000000151
b1-p3-fixed-1,infra-smoke-240757bd-51a5-56c5-bff0-d9179a7e5d17,completed_in_time,9.469000000000051
b1-p3-fixed-1,infra-smoke-cfe4ec45-aea3-5eff-97d8-3cbd303b9001,completed_in_time,10.077999999999975
b1-p3-fixed-1,infra-smoke-f1962619-fe4a-57aa-90e3-175acbc79462,completed_in_time,10.125
b1-p3-fixed-1,infra-smoke-ebc8b284-8a9a-55bc-8a7f-41a7f278e6f4,completed_in_time,10.265999999999849
b1-p3-fixed-1,infra-smoke-ed0a5e1e-ff4e-5e23-9289-d1ee0a67a20a,completed_in_time,10.187000000000126
b1-p3-fixed-1,infra-smoke-8567cf0b-43e7-5dd8-9ae4-d9b167e0dac5,completed_in_time,10.2349999999999
b1-p3-fixed-1,infra-smoke-81bedee4-3e4b-50e0-b952-d169805bb7f4,completed_in_time,10.484000000000151
b1-p3-fixed-1,infra-smoke-36b4386e-2493-58a0-b989-5695e55a6fb5,completed_in_time,9.1099999999999
b1-p3-fixed-1,infra-smoke-f6414817-e32b-5590-9c0d-474b6b5a2c77,completed_in_time,10.172000000000025
b1-p3-fixed-1,infra-smoke-09d3145f-5c06-542a-a446-3aab39284876,completed_in_time,9.797000000000025
b1-p3-fixed-1,infra-smoke-a5bd3e6b-4386-5da3-abc1-01ae083bbf5e,completed_in_time,10.719000000000051
b1-p3-fixed-1,infra-smoke-62e046c7-a598-5a44-8416-fadd55d051f5,completed_in_time,10.469000000000051
b1-p3-fixed-1,infra-smoke-c2a7779f-447e-5ab8-9be3-4e959ecce086,completed_in_time,11.062999999999874
b1-p3-fixed-1,infra-smoke-36b21e1c-cb4d-56ac-99a1-dc8989fcbf47,completed_in_time,11.952999999999975
b1-p3-fixed-1,infra-smoke-941bb1ed-ff5c-51cb-a836-a1a498b798a6,completed_in_time,11.202999999999975
b1-p3-fixed-1,infra-smoke-c797d5fc-8a71-5f33-891e-67b3653c3346,completed_in_time,10.890999999999849
b1-p3-fixed-1,infra-smoke-67cb99de-e95a-525a-87ef-d7017929e4d8,completed_in_time,11.655999999999949
b1-p3-fixed-1,infra-smoke-4892a039-68b9-5773-87dc-46e440d3a83e,completed_in_time,12.187999999999874
b1-p3-fixed-1,infra-smoke-cf403ac3-86f8-5688-afea-b50e626f2275,completed_in_time,11.937999999999874
b1-p3-fixed-1,infra-smoke-5c7f0bca-97a5-5247-b2f3-96d2e5add572,completed_in_time,12.452999999999975
b1-p3-fixed-1,infra-smoke-28826c2d-d741-51f3-badb-1a1d01eec025,completed_in_time,11.702999999999975
b1-p3-fixed-1,infra-smoke-68c61e3b-ffb7-54a6-9393-c29ceceee5a8,completed_in_time,12.375
b1-p3-fixed-1,infra-smoke-5e1f931c-73b1-5cc0-8cb4-96c1678a49fd,completed_in_time,11.952999999999975
b1-p3-fixed-1,infra-smoke-5cb83b9d-35e1-5033-9314-699c44457242,completed_in_time,12.437000000000126
b1-p3-fixed-1,infra-smoke-78eb69f9-b50f-5a21-8bef-73203085a324,completed_in_time,12.577999999999975
b1-p3-fixed-1,infra-smoke-4151431c-ca0a-5fed-8ef9-f9d419d3cbe7,completed_in_time,12.390999999999849
b1-p3-fixed-1,infra-smoke-dc5909a2-a79f-5207-8f18-cdc48921ee05,completed_in_time,12.57899999999995
b1-p3-fixed-1,infra-smoke-0b503c4d-f668-583c-ba6b-ae9fda2c051b,completed_in_time,12.265999999999849
b1-p3-fixed-1,infra-smoke-9ae3cb90-104c-5309-bb3a-4209254d6c69,completed_in_time,12.469000000000051
b1-p3-fixed-1,infra-smoke-dfd7f159-5421-51d8-8e03-e2792f601d6b,completed_in_time,12.609000000000151
b1-p3-fixed-1,infra-smoke-4efbe3a3-0326-5f90-a71c-583a47112904,completed_in_time,12.3900000000001
b1-p3-fixed-1,infra-smoke-e9471ce5-bb05-59c5-a6b5-06fa11fdde7a,completed_in_time,12.781000000000176
b1-p3-fixed-1,infra-smoke-7a831d40-d8ec-57c2-b88d-5c0fc3cdf8ea,completed_in_time,12.75
b1-p3-fixed-1,infra-smoke-fc5a2797-0afe-5a16-80ec-3361881fa501,completed_in_time,12.859000000000151
b1-p3-fixed-1,infra-smoke-fb4b092e-575f-51b1-9f40-213dbb8e3f09,completed_in_time,12.609000000000151
b1-p3-fixed-1,infra-smoke-f0169806-63ce-578f-9fd8-7090a91303fb,completed_in_time,12.766000000000076
b1-p3-fixed-1,infra-smoke-85094c0c-dc0b-5220-87fd-e30a5f5234d3,completed_in_time,12.719000000000051
b1-p3-fixed-1,infra-smoke-a2f4ad95-ba21-5baf-8224-f99f4268cf06,completed_in_time,12.547000000000025
b1-p3-fixed-1,infra-smoke-ac7ecfcb-7208-5c38-8d31-0f807fd3b2fa,completed_in_time,14.6099999999999
b1-p3-fixed-1,infra-smoke-d710eb31-6ac2-550c-bf5d-ead78b3f43b6,completed_in_time,14.656999999999925
b1-p3-fixed-1,infra-smoke-28d58b19-b05c-538f-97c4-3b3bee1b29d7,completed_in_time,13.890999999999849
b1-p3-fixed-1,infra-smoke-3936789b-5e95-5a36-abf0-b2ee85e38b22,completed_in_time,15.390999999999849
b1-p3-fixed-1,infra-smoke-8d96b4b6-a30e-5728-95ad-92e19ec9153a,completed_in_time,14.375
b1-p3-fixed-1,infra-smoke-db4f012e-5e3f-5545-bb26-8b43fa633fd4,completed_in_time,15.1099999999999
b1-p3-fixed-1,infra-smoke-bac2d895-2963-5c51-af0f-3ad33632a58a,completed_in_time,14.422000000000025
b1-p3-fixed-1,infra-smoke-15cfc0b2-6167-5b9f-9eac-6041af50cd46,completed_in_time,14.890999999999849
b1-p3-fixed-1,infra-smoke-4e5ca66d-c3fe-55c0-bd35-9862a13cdba7,completed_in_time,14.29600000000005
b1-p3-fixed-1,infra-smoke-4544712d-fd58-5a4e-89bc-20ef93414c71,completed_in_time,15.077999999999975
b1-p3-fixed-1,infra-smoke-e68653c4-513f-5c0d-b4ed-2f2a0edcf866,completed_in_time,14.438000000000102
b1-p3-fixed-1,infra-smoke-c915ff93-8859-5a95-a511-a8e57fd1bee9,completed_in_time,13.827999999999975
b1-p3-fixed-1,infra-smoke-79a6196b-a404-537e-872b-8d024a6e08c6,completed_in_time,14.6099999999999
b1-p3-fixed-1,infra-smoke-a8f35176-f94a-5138-9c48-2d9bfcd95651,completed_in_time,14.391000000000076
b1-p3-fixed-1,infra-smoke-35e33702-cfcd-50aa-9d9a-eefcbe5176b6,completed_in_time,14.202999999999975
b1-p3-fixed-1,infra-smoke-d9c3bfab-6974-5b7b-a83a-7fbbe640f907,completed_in_time,14.016000000000076
b1-p3-fixed-1,infra-smoke-61bb032b-ea95-55f2-bbe5-abd1bf96eb35,completed_in_time,16.093999999999824
b1-p3-fixed-1,infra-smoke-0e7e421a-2d4c-5c62-b96f-0f921c94b9e0,completed_in_time,15.983999999999924
b1-p3-fixed-1,infra-smoke-aaa45bff-3b6c-5fb7-bc88-1955aed31e4c,completed_in_time,16.093000000000075
b1-p3-fixed-1,infra-smoke-62f88d07-7add-5e91-a333-e908eab750ad,completed_in_time,15.781999999999925
b1-p3-fixed-1,infra-smoke-25c5f864-a62b-553e-a745-701e8ae85500,completed_in_time,15.5
b1-p3-fixed-1,infra-smoke-985590ed-da4d-5644-84a8-0308f7479695,completed_in_time,15.797000000000025
b1-p3-fixed-1,infra-smoke-27ea0b58-55b7-5b6e-94e3-7c1dc1844a25,completed_in_time,15.187999999999874
b1-p3-fixed-1,infra-smoke-a8997750-4df0-51bb-a393-b5e393047123,completed_in_time,15.797000000000025
b1-p3-fixed-1,infra-smoke-9c2c8146-bae7-572f-8980-10234e093852,completed_in_time,15.405999999999949
b1-p3-fixed-1,infra-smoke-d47fefbb-160f-5984-bf63-aebe0cfba7c8,completed_in_time,15.422000000000025
b1-p3-fixed-1,infra-smoke-addc61dc-16a4-5d2c-bc85-429a76713d81,completed_in_time,15.4849999999999
b1-p3-fixed-1,infra-smoke-1a75eda3-6daa-5af2-863f-fbe579cc8007,completed_in_time,15.702999999999975
b1-p3-fixed-1,infra-smoke-1041c538-77e4-5c57-a983-d66af571fdeb,completed_in_time,16.28099999999995
b1-p3-fixed-1,infra-smoke-5acbddfc-487c-5fa8-9c2a-a83ffd75ae97,completed_in_time,15.4849999999999
b1-p3-fixed-1,infra-smoke-c18c0a40-9868-55a8-b018-eb557eca6221,completed_in_time,16.093999999999824
b1-p3-fixed-1,infra-smoke-77b2fec7-12b0-5344-8ffd-07cac9580727,completed_in_time,15.843000000000075
b1-p3-fixed-1,infra-smoke-53939d93-32a8-5c7c-ab11-6a1f989d27d9,completed_in_time,17.10900000000015
b1-p3-fixed-1,infra-smoke-2d170926-9e51-58e3-bf9d-616e2bc84a7e,completed_in_time,17.906000000000176
b1-p3-fixed-1,infra-smoke-58e7fcfe-cb62-5cd1-b299-c716ec426e61,completed_in_time,17.297000000000025
b1-p3-fixed-1,infra-smoke-f7b6ba6f-5a48-5c93-841e-a24830737731,completed_in_time,17.827999999999975
b1-p3-fixed-1,infra-smoke-01530415-05d5-50dd-ae17-4074609c8825,completed_in_time,16.686999999999898
b1-p3-fixed-1,infra-smoke-82cc07f1-7bd6-56fa-90c6-f7f1db2de637,completed_in_time,18.04600000000005
b1-p3-fixed-1,infra-smoke-dc4636c8-0986-55ed-9293-c1004e50fb7a,completed_in_time,17.296999999999798
b1-p3-fixed-1,infra-smoke-070b375d-4257-5fa4-832e-3e884a57e777,completed_in_time,17.718000000000075
b1-p3-fixed-1,infra-smoke-13a67d4a-1258-5358-869e-e972e933b5a3,completed_in_time,18.82899999999995
b1-p3-fixed-1,infra-smoke-9078c4cf-4164-5c8f-9d24-febc3f087e74,completed_in_time,18.327999999999975
b1-p3-fixed-1,infra-smoke-55c16fad-723c-5d3d-bbf0-4abbc23734ae,completed_in_time,17.906999999999925
b1-p3-fixed-1,infra-smoke-58daae93-745c-5a2b-a82e-ee8c2bf351d1,completed_in_time,16.90599999999995
b1-p3-fixed-1,infra-smoke-658cb237-0438-536c-a1d3-6cd91d66f09a,completed_in_time,17.968000000000075
b1-p3-fixed-1,infra-smoke-ec6d6303-2e9c-5672-ba1a-683263fedc65,completed_in_time,18.577999999999975
b1-p3-fixed-1,infra-smoke-3fff8677-a25a-5bad-9152-57dbe1fe6540,completed_in_time,16.5150000000001
b1-p3-fixed-1,infra-smoke-296cfcbb-a746-5352-9b42-4807013a1292,completed_in_time,18.297000000000025
b1-p3-fixed-1,infra-smoke-034663f5-10b9-5bec-886e-06bd517b76e7,completed_in_time,18.375
b1-p3-fixed-1,infra-smoke-7776cc94-e376-5209-996b-9cdd8120272d,completed_in_time,19.1099999999999
b1-p3-fixed-1,infra-smoke-34f31c88-2905-5c71-87d6-ab651ba9d001,completed_in_time,19.625
b1-p3-fixed-1,infra-smoke-5f1ce216-ea45-5bfc-b467-5805a41973e8,completed_in_time,19.187999999999874
b1-p3-fixed-1,infra-smoke-af68af04-05aa-54c8-9515-0f301468494a,completed_in_time,19.71900000000005
b1-p3-fixed-1,infra-smoke-951056cf-649b-546c-8c55-0522910955f7,completed_in_time,19.73400000000015
b1-p3-fixed-1,infra-smoke-3d009288-4a18-5966-a278-e11e86f25983,completed_in_time,18.40599999999995
b1-p3-fixed-1,infra-smoke-377463e0-8df1-517a-aa3e-39af766da364,completed_in_time,18.577999999999975
b1-p3-fixed-1,infra-smoke-62a2a897-712a-56f3-a172-af13c01a48a8,completed_in_time,19.172000000000025
b1-p3-fixed-1,infra-smoke-b6c45bc3-f781-559e-80ae-41e13197b39c,completed_in_time,19.438000000000102
b1-p3-fixed-1,infra-smoke-9d3588b0-2115-548c-98f4-833846062dfd,completed_in_time,17.421999999999798
b1-p3-fixed-1,infra-smoke-c67551cd-14e1-55ef-a067-ddb46aab1332,completed_in_time,19.59400000000005
b1-p3-fixed-1,infra-smoke-8ca30f60-2761-5ce4-b124-c2e6e699a53d,completed_in_time,20.0
b1-p3-fixed-1,infra-smoke-392190de-6b26-5c0d-a8b7-86a11b0d75b8,completed_in_time,18.922000000000025
b1-p3-fixed-1,infra-smoke-e867f188-489f-5038-bd4a-1c0bbc3d27d5,completed_in_time,19.328000000000202
b1-p3-fixed-1,infra-smoke-8a9d3bdb-ae2d-5472-8e15-5f696af6a094,completed_in_time,18.202999999999975
b1-p3-fixed-1,infra-smoke-ffab0a01-3e68-558b-ac8c-b9e77f7d5038,completed_in_time,19.875
b1-p3-fixed-1,infra-smoke-c2c0a598-6cb1-51cd-aaed-c3d2c8875041,completed_in_time,20.983999999999924
b1-p3-fixed-1,infra-smoke-1bf8c285-6b72-5a66-8ec2-107eddd6befd,completed_in_time,21.39099999999985
b1-p3-fixed-1,infra-smoke-e2f643f8-d9ac-530c-80f7-f2454135d55e,completed_in_time,19.406999999999925
b1-p3-fixed-1,infra-smoke-6aae4ba9-9304-54c4-9d92-22b9c2def359,completed_in_time,20.187000000000126
b1-p3-fixed-1,infra-smoke-5db5073c-8479-55ec-ac9d-23ae2feff3a7,completed_in_time,20.7349999999999
b1-p3-fixed-1,infra-smoke-e823f568-872f-593d-901a-09146ded9983,completed_in_time,20.813000000000102
b1-p3-fixed-1,infra-smoke-743caa8e-7a1b-5cd3-bd4f-edb03edfa05e,completed_in_time,21.797000000000025
b1-p3-fixed-1,infra-smoke-ebba629a-39c9-5bc0-be0f-69431f471488,completed_in_time,20.186999999999898
b1-p3-fixed-1,infra-smoke-0bd2a415-3976-5083-a732-2f8d0a63850a,completed_in_time,20.53099999999995
b1-p3-fixed-1,infra-smoke-23953fac-46a9-5d44-a15e-af1c87412dad,completed_in_time,20.01599999999985
b1-p3-fixed-1,infra-smoke-750bdc21-3ab5-5eea-88f3-b936ca3ce663,completed_in_time,21.09400000000005
b1-p3-fixed-1,infra-smoke-e1ee8531-8a27-5f50-bd0a-1902ed6086f3,completed_in_time,20.202999999999975
b1-p3-fixed-1,infra-smoke-10db8d60-b04e-5af7-8364-c90f9b19f977,completed_in_time,20.625
b1-p3-fixed-1,infra-smoke-597173fb-1d53-53bb-b50a-b9dbe8335c03,completed_in_time,20.922000000000025
b1-p3-fixed-1,infra-smoke-4c90eae6-8cc8-5840-a667-1c3b34c815b0,completed_in_time,21.563000000000102
b1-p3-fixed-1,infra-smoke-0849397c-cc2a-5dd0-98ac-df6c6cfb123c,completed_in_time,21.03099999999995
b1-p3-fixed-1,infra-smoke-bf40d158-250c-514a-a581-e2f25f6bc1ec,completed_in_time,21.483999999999924
b1-p3-fixed-1,infra-smoke-de5f0c97-cbe5-5c57-b08a-9f4ca126b073,completed_in_time,22.875
b1-p3-fixed-1,infra-smoke-907070cf-c72d-5b88-81d8-21d5ae89847c,completed_in_time,21.3900000000001
b1-p3-fixed-1,infra-smoke-6f94aa91-7e4e-56e9-b5df-e9a165e80cbb,completed_in_time,21.702999999999975
b1-p3-fixed-1,infra-smoke-7d60b991-37c3-55a4-bd01-d19e0fc3c724,completed_in_time,20.71900000000005
b1-p3-fixed-1,infra-smoke-e5a3ec10-539e-5c0b-82d6-e84a2dff1260,completed_in_time,22.10900000000015
b1-p3-fixed-1,infra-smoke-5288d5e7-1e1d-57e7-83d3-95f78d2a99d6,completed_in_time,21.625
b1-p3-fixed-1,infra-smoke-5ea5af57-e184-588e-9685-26ca9c190451,completed_in_time,21.406999999999925
b1-p3-fixed-1,infra-smoke-b89aeee6-424b-5135-9787-77ec2c4aebce,completed_in_time,22.797000000000025
b1-p3-fixed-1,infra-smoke-e2ef32c2-6c5a-5021-9576-2525aa1975c6,completed_in_time,22.562999999999874
b1-p3-fixed-1,infra-smoke-eee3e029-d098-591d-b039-b6f5e2ebb923,completed_in_time,21.672000000000025
b1-p3-fixed-1,infra-smoke-447fdfaa-0332-5d5c-a6fb-e2c66996778d,completed_in_time,22.437000000000126
b1-p3-fixed-1,infra-smoke-fda84df6-18ba-5d99-9d03-8bb3d6e01a56,completed_in_time,22.40599999999995
b1-p3-fixed-1,infra-smoke-accc8f78-a580-5920-b5d3-abaf65b0bf67,completed_in_time,22.516000000000076
b1-p3-fixed-1,infra-smoke-bcd38b09-ff67-53a2-9732-4f9e4a1e8c20,completed_in_time,23.312999999999874
b1-p3-fixed-1,infra-smoke-88943e9b-04b3-576a-bb40-844ab254d981,completed_in_time,22.702999999999975
b1-p3-fixed-1,infra-smoke-a55b8fa6-a51e-513d-94e8-7b1b517be036,completed_in_time,23.5
b1-p3-fixed-1,infra-smoke-17f33147-d7bd-5c8d-ac05-66f987ac1a07,completed_in_time,23.10900000000015
b1-p3-fixed-1,infra-smoke-6a09fccd-87f2-58db-bd1c-e3399d73a54f,completed_in_time,24.40599999999995
b1-p3-fixed-1,infra-smoke-59c142de-c5d3-5396-a03b-1a8a74b2030b,completed_in_time,24.031000000000176
b1-p3-fixed-1,infra-smoke-53477104-4cc1-5f74-9f87-8bedd2873784,completed_in_time,23.84400000000005
b1-p3-fixed-1,infra-smoke-35d4b2d3-690a-56a3-a89c-b5ce3febf95f,completed_in_time,23.577999999999975
b1-p3-fixed-1,infra-smoke-751708eb-e3a1-564a-960f-de874cfb955b,completed_in_time,23.906999999999925
b1-p3-fixed-1,infra-smoke-4601c142-ee40-531d-8e17-c2ad60a1f830,completed_in_time,24.6099999999999
b1-p3-fixed-1,infra-smoke-977fe0b0-e509-54bb-a51c-0ca889e1fb9e,completed_in_time,23.922000000000025
b1-p3-fixed-1,infra-smoke-b3f3affa-2937-5ea5-9a4a-06290a2a816c,completed_in_time,24.297000000000025
b1-p3-fixed-1,infra-smoke-25203a47-69e4-576d-aa28-2a4bb61fee16,completed_in_time,24.672000000000025
b1-p3-fixed-1,infra-smoke-b65e2151-1fc8-5887-8809-82d340496ff6,completed_in_time,24.03099999999995
b1-p3-fixed-1,infra-smoke-d0a5e00a-d80c-5873-8843-4bce0cb9220d,completed_in_time,23.89099999999985
b1-p3-fixed-1,infra-smoke-cfa0c38c-b844-57e9-85fa-8fedf049090a,completed_in_time,24.781000000000176
b1-p3-fixed-1,infra-smoke-76060c88-860e-5c28-bd0a-178cf4d50e82,completed_in_time,24.813000000000102
b1-p3-fixed-1,infra-smoke-4a85a1fa-5a20-5306-a537-2a015ac9e36b,completed_in_time,25.016000000000076
b1-p3-fixed-1,infra-smoke-d31fce87-2cb5-5708-9ea1-23b6db57f199,completed_in_time,24.5
b1-p3-fixed-1,infra-smoke-61e9d80f-0229-585c-87d8-d636c60bb3ab,completed_in_time,24.983999999999924
b1-p3-fixed-1,infra-smoke-6c2cf7cd-d6c5-50d8-b085-d779bbc5422f,completed_in_time,25.0150000000001
b1-p3-fixed-1,infra-smoke-b6119b01-5f0a-5d4d-92e5-30d96813cc8c,completed_in_time,25.233999999999924
b1-p3-fixed-1,infra-smoke-620b15e6-97cc-55e8-a3d8-a2a628b647b2,completed_in_time,25.187999999999874
b1-p3-fixed-1,infra-smoke-5fc414a6-fe75-522c-a74d-5170112f1c01,completed_in_time,25.186999999999898
b1-p3-fixed-1,infra-smoke-4d96e07d-f937-5fe2-bb14-7a5a80789a0a,completed_in_time,25.108999999999924
b1-p3-fixed-1,infra-smoke-1c6ed7c3-2513-5213-a047-bf6fb5e99df3,completed_in_time,25.093000000000075
b1-p3-fixed-1,infra-smoke-ffd08a87-1450-5abb-a3ea-cae1e4536153,completed_in_time,25.906999999999925
b1-p3-fixed-1,infra-smoke-bd926c13-4b3e-5566-85d9-421785415b48,completed_in_time,25.5
b1-p3-fixed-1,infra-smoke-0ebc6d79-f437-5c87-ae9b-850b5109023c,completed_in_time,25.312999999999874
b1-p3-fixed-1,infra-smoke-37523211-c97c-5314-afcb-c37e29a82110,completed_in_time,25.718999999999824
b1-p3-fixed-1,infra-smoke-242721ab-df54-5c6c-af4b-f433301d9097,completed_in_time,25.406000000000176
b1-p3-fixed-1,infra-smoke-6c5ba679-dbe7-5624-a84e-b887c9eba8d6,completed_in_time,26.483999999999924
b1-p3-fixed-1,infra-smoke-358c778b-2f13-5b3a-87b9-71c1a95652cb,completed_in_time,26.827999999999975
b1-p3-fixed-1,infra-smoke-7850767d-23f5-5c99-bc58-53fcc664961d,completed_in_time,26.202999999999975
b1-p3-fixed-1,infra-smoke-6483b4a9-3e8f-5639-bb2e-a7221334ae51,completed_in_time,26.875
b1-p3-fixed-1,infra-smoke-e39af44d-ca74-5cb8-8eca-c36754e713bf,completed_in_time,26.8900000000001
b1-p3-fixed-1,infra-smoke-545951f3-e7fb-5551-9983-40b70645cb26,completed_in_time,27.047000000000025
b1-p3-fixed-1,infra-smoke-be057506-6542-54cb-8eaa-f75aa1a83026,completed_in_time,28.01599999999985
b1-p3-fixed-1,infra-smoke-6aa4189d-ff80-50a1-9670-20c77a85e0c8,completed_in_time,27.40599999999995
b1-p3-fixed-1,infra-smoke-16689774-c083-5758-a4c5-bbc4f57d41a6,completed_in_time,27.21900000000005
b1-p3-fixed-1,infra-smoke-d6136b25-1e50-5c40-98c1-6005a597bba7,completed_in_time,27.5150000000001
b1-p3-fixed-1,infra-smoke-ff05de23-e79d-5e9d-be8c-029b4814fd5e,completed_in_time,27.593999999999824
b1-p3-fixed-1,infra-smoke-36a2943a-ed68-581c-bbed-b0f8d289a480,completed_in_time,27.21900000000005
b1-p3-fixed-1,infra-smoke-c6e2d4e0-64ef-54c9-b845-75c02f920c5e,completed_in_time,26.766000000000076
b1-p3-fixed-1,infra-smoke-99a8a274-deae-5650-b461-981faa0d2d4f,completed_in_time,27.70399999999995
b1-p3-fixed-1,infra-smoke-36af9ad3-a81f-509a-9fb4-cfaf0ee7151a,completed_in_time,27.89099999999985
b1-p3-fixed-1,infra-smoke-846221c9-01cd-5674-b115-0d9bff52f940,completed_in_time,27.40599999999995
b1-p3-fixed-1,infra-smoke-dd80d48f-2042-57f0-a9ca-a0892cb3ca86,completed_in_time,28.218999999999824
b1-p3-fixed-1,infra-smoke-225c3c76-b3a0-54d4-92b0-af8d9ee70ea7,completed_in_time,27.922000000000025
b1-p3-fixed-1,infra-smoke-15fa1c68-9abd-554a-9a30-e35bce3c8ee2,completed_in_time,27.531999999999925
b1-p3-fixed-1,infra-smoke-217aba86-3487-50a2-9936-a7767c3ad686,completed_in_time,27.968000000000075
b1-p3-fixed-1,infra-smoke-7f09fcb7-a01a-5d56-8dd7-fef08d2650b8,completed_in_time,28.01599999999985
b1-p3-fixed-1,infra-smoke-dfafda2b-e90a-5f54-999b-8efe4ec9c059,completed_in_time,27.6400000000001
b1-p3-fixed-1,infra-smoke-4c764f74-880f-55aa-9824-7675f2ce4f76,completed_in_time,28.312000000000126
b1-p3-fixed-1,infra-smoke-54cf8e81-6a7c-5d4a-8c96-b9bea0533ad7,completed_in_time,28.702999999999975
b1-p3-fixed-1,infra-smoke-7b20c119-8b4d-582e-a5a4-42905b86dc31,completed_in_time,28.312999999999874
b1-p3-fixed-1,infra-smoke-6567c99d-2933-5e2c-aaa7-5f8deb0dc557,completed_in_time,29.125
b1-p3-fixed-1,infra-smoke-311c1957-3d3b-58aa-8698-66ec254cd4b6,completed_in_time,28.312000000000126
b1-p3-fixed-1,infra-smoke-0f0f3490-97fd-5d8b-b866-2f164098a4c2,completed_in_time,28.327999999999975
b1-p3-fixed-1,infra-smoke-1e5fe210-a407-5f2d-a4bd-3669e21a61c7,completed_in_time,29.125
b1-p3-fixed-1,infra-smoke-4682f1b8-f4b1-5f6f-9f2c-71a4b245520b,completed_in_time,28.5150000000001
b1-p3-fixed-1,infra-smoke-93b39ab2-9195-559f-b29f-16c8aa1df307,completed_in_time,29.202999999999975
b1-p3-fixed-1,infra-smoke-a1812ef0-53ba-5f62-a691-387b7f1c0d49,completed_in_time,28.5150000000001
b1-p3-fixed-1,infra-smoke-56368036-dc32-5b9f-ae55-7cef96903d60,completed_in_time,29.5150000000001
b1-p3-fixed-1,infra-smoke-31251f45-de66-5c74-ac2e-0b5d4a1ae288,completed_in_time,29.90599999999995
b1-p3-fixed-1,infra-smoke-b086a0d6-01a4-590b-a4fe-b9d5620e1313,completed_in_time,30.03099999999995
b1-p3-fixed-1,infra-smoke-7a760a97-6350-5197-9c4f-f023cec79979,completed_in_time,29.218000000000075
b1-p3-fixed-1,infra-smoke-b70a490e-da94-5f12-b59f-5c1693a5ea0d,completed_in_time,28.90599999999995
b1-p3-fixed-1,infra-smoke-a6e2fa30-2add-59b0-9413-99b22c1f989f,completed_in_time,29.5150000000001
b1-p3-fixed-1,infra-smoke-03b4ba4f-d9cc-59b3-8a55-059db7f89d94,completed_in_time,30.312000000000126
b1-p3-fixed-1,infra-smoke-7b1326eb-1ca7-5bea-8f1c-e67ebf0eb460,completed_in_time,30.39099999999985
b1-p3-fixed-1,infra-smoke-5beaf239-bac9-5401-8926-4c95ef204360,completed_in_time,30.593000000000075
b1-p3-fixed-1,infra-smoke-2a049d41-dbcf-5e91-b77a-3cf8aa0baf6e,completed_in_time,30.672000000000025
b1-p3-fixed-1,infra-smoke-34cd44b8-c8b9-5dcf-81ad-9ca09acdd0c4,completed_in_time,30.375
b1-p3-fixed-1,infra-smoke-796d987c-5a0b-5afb-8660-7532332de596,completed_in_time,30.875
b1-p3-fixed-1,infra-smoke-0f299e6a-c937-5729-b545-fa8b5892c79f,completed_in_time,30.32899999999995
b1-p3-fixed-1,infra-smoke-35df1555-f533-52a7-a140-41fdd3d9dfe9,completed_in_time,31.2349999999999
b1-p3-fixed-1,infra-smoke-be639ee7-e10a-5799-bf23-b6c2e648c30c,completed_in_time,31.187999999999874
b1-p3-fixed-1,infra-smoke-4ecdad66-e4be-590b-b5ba-a5a5b42d739d,completed_in_time,31.186999999999898
b1-p3-fixed-1,infra-smoke-fa043fee-132c-5e3f-bdaa-7fef1154f289,completed_in_time,31.703000000000202
b1-p3-fixed-1,infra-smoke-520fda9a-22b9-5cfd-b6e3-76c7b85df6e3,completed_in_time,31.5
b1-p3-fixed-1,infra-smoke-c95e1eb2-c532-5dd5-9e98-b62b08ea22e3,completed_in_time,31.46900000000005
b1-p3-fixed-1,infra-smoke-979f2475-b4e3-55e5-8fd7-6af27f1803b7,completed_in_time,32.483999999999924
b1-p3-fixed-1,infra-smoke-c2143438-908c-5a1e-b57d-1221ab6d911d,completed_in_time,31.59400000000005
b1-p3-fixed-1,infra-smoke-f0d66dc2-5e6b-5f09-8a31-28017e18a07d,completed_in_time,31.797000000000025
b1-p3-fixed-1,infra-smoke-901570cb-be6b-5d29-8a1f-953c330e5ea8,completed_in_time,32.21900000000005
b1-p3-fixed-1,infra-smoke-e6c9dfb3-3ce5-53c2-9c14-a129dd07d2d2,completed_in_time,32.0
b1-p3-fixed-1,infra-smoke-50c094c1-0a2f-57fa-b43f-15642ca493d5,completed_in_time,31.718999999999824
b1-p3-fixed-1,infra-smoke-e361d547-a082-51b5-a6ce-69e61a3ba7ca,completed_in_time,31.797000000000025
b1-p3-fixed-1,infra-smoke-e96a049c-28f2-5252-a7d9-125ea153f2c6,completed_in_time,32.0
b1-p3-fixed-1,infra-smoke-34726690-8ff5-5932-acd2-b139f006f26c,completed_in_time,32.4849999999999
b1-p3-fixed-1,infra-smoke-13226936-4e58-51ee-81df-3fcef10e604e,completed_in_time,32.141000000000076
b1-p3-fixed-1,infra-smoke-d59b9e95-a03c-5a5a-90e8-602ec57f7c3e,completed_in_time,33.625
b1-p3-fixed-1,infra-smoke-3836cb72-ffcf-59db-91b3-e97fff835a4c,completed_in_time,33.983999999999924
b1-p3-fixed-1,infra-smoke-d3a39aa8-c7f6-5a42-9bc1-4188ad02d322,completed_in_time,34.1880000000001
b1-p3-fixed-1,infra-smoke-247d028f-a07d-5e18-847d-ee347546b716,completed_in_time,33.125
b1-p3-fixed-1,infra-smoke-e3f424ad-504f-50c4-8587-73fd842bf4f3,completed_in_time,33.70399999999995
b1-p3-fixed-1,infra-smoke-119716bc-5944-5250-80f5-13d8ad5aa400,completed_in_time,33.875
b1-p3-fixed-1,infra-smoke-b9d8471f-5ed5-5230-bcf5-80c563be6d9e,completed_in_time,33.6099999999999
b1-p3-fixed-1,infra-smoke-796105c5-72f4-59ae-b7f9-f6a9b67d2f85,completed_in_time,33.327999999999975
b1-p3-fixed-1,infra-smoke-3a2b037f-458c-5459-9b8c-58af161aad36,completed_in_time,33.40599999999995
b1-p3-fixed-1,infra-smoke-9d8c4944-1886-5fe6-b421-4ffd69c4ff67,completed_in_time,34.0
b1-p3-fixed-1,infra-smoke-a223e18e-6fdb-5fdb-bcbf-e8b8eeffea49,completed_in_time,33.937000000000126
b1-p3-fixed-1,infra-smoke-d36a1239-26ec-57a3-9ad8-b7a4466b5a09,completed_in_time,33.843000000000075
b1-p3-fixed-1,infra-smoke-da3f7898-147b-5812-a74c-2d65096ab2d8,completed_in_time,33.406000000000176
b1-p3-fixed-1,infra-smoke-0991271e-8643-5ec4-aa30-8db56d01bd92,completed_in_time,33.78099999999995
b1-p3-fixed-1,infra-smoke-da7953b8-e9f7-5c7b-a9c5-d290508748b6,completed_in_time,33.875
b1-p3-fixed-1,infra-smoke-b3e1019c-2451-54cc-a3e3-210f233083df,completed_in_time,35.687000000000126
b1-p3-fixed-1,infra-smoke-f1041531-3bfa-5314-b6ee-2c92d4a8049a,completed_in_time,35.64099999999985
b1-p3-fixed-1,infra-smoke-d75c8c50-9303-52ab-aa05-997d778fff11,completed_in_time,35.641000000000076
b1-p3-fixed-1,infra-smoke-803ee682-c8bb-5809-83db-fdea45fd2011,completed_in_time,34.89099999999985
b1-p3-fixed-1,infra-smoke-64d14059-8796-512b-89f5-1efa406d3829,completed_in_time,36.312999999999874
b1-p3-fixed-1,infra-smoke-5f65fc76-eeff-5747-a45a-b6bcc8a6ed81,completed_in_time,35.90599999999995
b1-p3-fixed-1,infra-smoke-5af44d8b-4c91-55d6-a482-20480d6bf1e2,completed_in_time,34.891000000000076
b1-p3-fixed-1,infra-smoke-2adb2f2c-a091-5290-a37f-74c1b202059f,completed_in_time,35.702999999999975
b1-p3-fixed-1,infra-smoke-d82aecb9-5464-52b0-af9f-a44c0caeba8e,completed_in_time,35.327999999999975
b1-p3-fixed-1,infra-smoke-75a42c2c-ceab-57c1-9ac6-776e438d1549,completed_in_time,34.797000000000025
b1-p3-fixed-1,infra-smoke-6ede819c-003a-5acd-b6c3-5f504d3c4bee,completed_in_time,34.906000000000176
b1-p3-fixed-1,infra-smoke-15f4da6a-bb03-5e53-b745-f4c36b805e81,completed_in_time,35.5
b1-p3-fixed-1,infra-smoke-09b0bcae-c771-585a-b6b4-f0bbe5c3b33a,completed_in_time,35.0
b1-p3-fixed-1,infra-smoke-ce4fb9b1-8134-5128-8343-25094d8e8e53,completed_in_time,35.406000000000176
b1-p3-fixed-1,infra-smoke-57824e4c-9957-58bb-8b55-4b4c0a424697,completed_in_time,35.625
b1-p3-fixed-1,infra-smoke-46a1c13f-1829-5164-b85d-fac5f9bdd9fd,completed_in_time,34.983999999999924
b1-p3-fixed-1,infra-smoke-4857a05e-4bfe-5e5d-8505-2463fca89fd1,completed_in_time,36.702999999999975
b1-p3-fixed-1,infra-smoke-644fd4bc-5196-57ee-bcde-a26b5d4d161a,completed_in_time,37.452999999999975
b1-p3-fixed-1,infra-smoke-20b2a67e-6ce5-5455-9a01-4c860d99f200,completed_in_time,38.39099999999985
b1-p3-fixed-1,infra-smoke-0d57ef72-2349-5bfa-938c-6e8250cf3636,completed_in_time,36.67100000000005
b1-p3-fixed-1,infra-smoke-025835b9-ea18-5dda-9398-a164bc084cb0,completed_in_time,37.297000000000025
b1-p3-fixed-1,infra-smoke-f4d41c6a-de67-5eb7-be85-2262070c58c7,completed_in_time,36.577999999999975
b1-p3-fixed-1,infra-smoke-ee0f04d3-a4da-5cc0-9b98-77b51b235a12,completed_in_time,37.21900000000005
b1-p3-fixed-1,infra-smoke-d661d15e-2013-5563-a235-2df5c0736543,completed_in_time,36.9849999999999
b1-p3-fixed-1,infra-smoke-e6bebfb5-4703-545f-bb2f-0617cf1628f9,completed_in_time,37.5
b1-p3-fixed-1,infra-smoke-1c20bcd4-e653-5ea5-8560-79425999bc2c,completed_in_time,36.375
b1-p3-fixed-1,infra-smoke-9ff64fd4-c00c-5a5f-ac84-61b4307a655a,completed_in_time,37.28099999999995
b1-p3-fixed-1,infra-smoke-37853b82-548d-53ec-9ad3-3dc719fa10fe,completed_in_time,37.577999999999975
b1-p3-fixed-1,infra-smoke-604059f7-2b5a-5de7-b86c-cbd2b89e4b0f,completed_in_time,37.3900000000001
b1-p3-fixed-1,infra-smoke-2ad3eacf-2fe4-55d9-95cc-e3f411a736d6,completed_in_time,36.0
b1-p3-fixed-1,infra-smoke-8891b8b5-769c-5843-97aa-b91636944a89,completed_in_time,37.0
b1-p3-fixed-1,infra-smoke-4e25fd5b-95fd-509f-94fd-5e69a71d8154,completed_in_time,37.172000000000025
b1-p3-fixed-1,infra-smoke-6acef44d-b6f3-5673-aac5-f6699b8034e1,completed_in_time,38.10900000000015
b1-p3-fixed-1,infra-smoke-4f1e90a6-1051-5d9a-89dd-dee75ecc837c,completed_in_time,38.1869999999999
b1-p3-fixed-1,infra-smoke-9df47457-1e42-5b76-8550-53223414d2e8,completed_in_time,37.687999999999874
b1-p3-fixed-1,infra-smoke-c84dfe25-3c3a-571b-9567-32a18169ad46,completed_in_time,39.32899999999995
b1-p3-fixed-1,infra-smoke-c5a729f1-9d20-5a37-b0fa-5dea32490a45,completed_in_time,38.5780000000002
b1-p3-fixed-1,infra-smoke-4f00cbf2-e909-5c76-a608-eeaacc527e7f,completed_in_time,39.202999999999975
b1-p3-fixed-1,infra-smoke-41a200ef-51c4-5e19-a23b-7de618e7617d,completed_in_time,39.0
b1-p3-fixed-1,infra-smoke-aeee59c5-c01e-5f73-8c3b-f98e80095491,completed_in_time,39.01599999999985
b1-p3-fixed-1,infra-smoke-5bd582ce-87f7-56fb-b86c-68021ca399cb,completed_in_time,38.3900000000001
b1-p3-fixed-1,infra-smoke-c5ee0c60-9850-5ea7-8330-fe563c7c09fc,completed_in_time,38.312000000000126
b1-p3-fixed-1,infra-smoke-8e078175-01fe-574a-a8cb-785c831ee649,completed_in_time,38.922000000000025
b1-p3-fixed-1,infra-smoke-38494f29-585b-54d2-bcac-e5217ca5ec42,completed_in_time,38.4849999999999
b1-p3-fixed-1,infra-smoke-c4c4fdef-c6f6-5685-9aa5-c2088b57c59e,completed_in_time,38.702999999999975
b1-p3-fixed-1,infra-smoke-c1f599ba-9a6b-5db1-ace6-36dd11ed16f9,completed_in_time,39.718999999999824
b1-p3-fixed-1,infra-smoke-2e56c0bc-d324-54a5-b484-cc5a625cadb3,completed_in_time,38.625
b1-p3-fixed-1,infra-smoke-9f1d09be-152c-5a6a-9b21-1136960685f1,completed_in_time,39.468000000000075
b1-p3-fixed-1,infra-smoke-b599eaff-747d-52db-844e-ccee9a560b83,completed_in_time,39.60900000000015
b1-p3-fixed-1,infra-smoke-8c655ade-a522-5d5a-8d67-0d599cbd64f1,completed_in_time,40.016000000000076
b1-p3-fixed-1,infra-smoke-1b608bfb-d6b9-5493-b734-6395bc3670b0,completed_in_time,40.375
b1-p3-fixed-1,infra-smoke-4a757169-a581-5eb3-9fd7-5c7bbf77b5f9,completed_in_time,40.093999999999824
b1-p3-fixed-1,infra-smoke-70649310-7868-5662-8058-b0126c824ef8,completed_in_time,40.01599999999985
b1-p3-fixed-1,infra-smoke-b6278f88-686b-5c22-b5cf-fbca2d05aaf2,completed_in_time,40.125
b1-p3-fixed-1,infra-smoke-2a0da794-782f-53f9-924a-d159742954ce,completed_in_time,40.0
b1-p3-fixed-1,infra-smoke-0a659bd4-b1c2-5664-890c-9da584e79b07,completed_in_time,40.687999999999874
b1-p3-fixed-1,infra-smoke-0f788ccd-ef8b-5a63-be70-6a3c4184a7dc,completed_in_time,40.812000000000126
b1-p3-fixed-1,infra-smoke-e866789e-a767-59f9-ae50-32ebdf27a4ca,completed_in_time,40.4849999999999
b1-p3-fixed-1,infra-smoke-35499b9d-1dfb-50ef-ad00-d7e591589ade,completed_in_time,40.375
b1-p3-fixed-1,infra-smoke-1531baf5-c324-52cf-a642-dd8697fe0e75,completed_in_time,40.187999999999874
b1-p3-fixed-1,infra-smoke-0c9f6c89-ac05-592b-91d7-1f51aac38227,completed_in_time,39.79600000000005
b1-p3-fixed-1,infra-smoke-2328a285-01f5-53d9-bd04-e38b0ad9baf2,completed_in_time,40.047000000000025
b1-p3-fixed-1,infra-smoke-6bfb4742-e623-5e1f-973c-cd3503fb4599,completed_in_time,40.327999999999975
b1-p3-fixed-1,infra-smoke-eb69b6aa-eb72-58f4-a2a2-04daf0173327,completed_in_time,40.516000000000076
b1-p3-fixed-1,infra-smoke-3c367cb6-5f1b-560b-a2bd-6ea8e8602c0e,completed_in_time,40.625
b1-p3-fixed-1,infra-smoke-90cb07a6-556d-5298-aa75-2db426cb780a,completed_in_time,40.625
b1-p3-fixed-1,infra-smoke-9f1d0d6d-03b5-525a-8779-68358ba7b4b4,completed_in_time,40.60900000000015
b1-p3-fixed-1,infra-smoke-768d4bf0-999e-5988-b1f4-05260f02b81f,completed_in_time,40.483999999999924
b1-p3-fixed-1,infra-smoke-092cebff-4448-5629-ae1f-f7b3fe662a52,completed_in_time,41.1099999999999
b1-p3-fixed-1,infra-smoke-0f955712-e96d-54ef-9c8d-1ba87697fd7f,completed_in_time,41.28099999999995
b1-p3-fixed-1,infra-smoke-8f1ed06a-41f3-520c-94bd-94e1f5f6cb26,completed_in_time,40.90599999999995
b1-p3-fixed-1,infra-smoke-8e5203ee-48d4-51d7-88d4-4795dd63e3f8,completed_in_time,40.406999999999925
b1-p3-fixed-1,infra-smoke-100daf23-9801-5665-8664-cac77ae1b26f,completed_in_time,41.0
b1-p3-fixed-1,infra-smoke-4162f571-ad73-56f0-99a6-5e8d5c3e9c32,completed_in_time,41.187000000000126
b1-p3-fixed-1,infra-smoke-3c5131c5-59e6-59c9-9832-8810f38eb773,completed_in_time,41.047000000000025
b1-p3-fixed-1,infra-smoke-a32fec76-63df-50cc-9681-3b3a8b431c09,completed_in_time,41.03099999999995
b1-p3-fixed-1,infra-smoke-7221ae5a-fbd7-5b31-af21-5f3871d88a39,completed_in_time,40.593999999999824
b1-p3-fixed-1,infra-smoke-9a8bd2d4-1909-54e7-a8f2-1949403b907e,completed_in_time,41.062000000000126
b1-p3-fixed-1,infra-smoke-9c24c56e-aa45-5dfb-8550-6d6fcdc7bbf5,completed_in_time,41.343000000000075
b1-p3-fixed-1,infra-smoke-acb2fd7b-6783-53ac-8a03-88e3d57b8d82,completed_in_time,41.51599999999985
b1-p3-fixed-1,infra-smoke-e54ad64e-9b61-5ebb-af9c-9e30fb4938ce,completed_in_time,41.625
b1-p3-fixed-1,infra-smoke-6252ae37-28f0-59e7-8fb2-747df19bd8fb,completed_in_time,41.60900000000015
b1-p3-fixed-1,infra-smoke-c2f3ad3e-fa16-5319-b4ad-13c451d9345d,completed_in_time,41.891000000000076
b1-p3-fixed-1,infra-smoke-4409aad9-3146-59e7-849a-361bbb9194cc,completed_in_time,41.78099999999995
b1-p3-fixed-1,infra-smoke-86a1bf98-b45e-5a33-852a-695d5c76ace5,completed_in_time,41.812000000000126
b1-p3-fixed-1,infra-smoke-a6075b80-87b1-59d6-8171-16b3522de863,completed_in_time,42.28099999999995
b1-p3-fixed-1,infra-smoke-59ebca73-d341-566a-9405-00cacfb5043a,completed_in_time,41.968999999999824
b1-p3-fixed-1,infra-smoke-6cdbedda-bb92-5302-a391-9cfc612dee3d,completed_in_time,41.82899999999995
b1-p3-fixed-1,infra-smoke-8adb5ab9-c77e-5032-ae89-301a82860cbb,completed_in_time,42.172000000000025
b1-p3-fixed-1,infra-smoke-acefff10-143f-51a9-af81-373fc93ec76a,completed_in_time,41.983999999999924
b1-p3-fixed-1,infra-smoke-1909a194-5e20-5e73-82ca-8991add35c3d,completed_in_time,42.187999999999874
b1-p3-fixed-1,infra-smoke-b2ae53e2-0530-5b42-a5aa-c22ba842e8ad,completed_in_time,42.125
b1-p3-fixed-1,infra-smoke-0d174fdb-fa3c-5a81-8f11-03de04a93afa,completed_in_time,42.48400000000015
b1-p3-fixed-1,infra-smoke-a5ecca55-3d1b-5e13-8040-999ba196257e,completed_in_time,42.593000000000075
b1-p3-fixed-1,infra-smoke-09cd3e65-f91d-5bac-9a1e-006737b56b47,completed_in_time,42.26599999999985
b1-p3-fixed-1,infra-smoke-6642238f-4ea8-51d1-ac76-96b9fea878ac,completed_in_time,42.51599999999985
b1-p3-fixed-1,infra-smoke-2f073a0c-34e4-590f-819f-bd1434e16d77,completed_in_time,42.7030000000002
b1-p3-fixed-1,infra-smoke-3d02331c-2663-5750-9b3d-ea84cd472fce,completed_in_time,42.625
b1-p3-fixed-1,infra-smoke-d6a059c5-765d-54d3-a1be-8f7ca8d34017,completed_in_time,42.812999999999874
b1-p3-fixed-1,infra-smoke-640e86df-6710-5e69-94d7-f62e4ff53948,completed_in_time,42.047000000000025
b1-p3-fixed-1,infra-smoke-6fe5cafc-0432-54df-8406-47c4871fe918,completed_in_time,42.46900000000005
b1-p3-fixed-1,infra-smoke-714fe423-ca30-5c58-a3f4-9233a53a970a,completed_in_time,42.391000000000076
b1-p3-fixed-1,infra-smoke-e8a00697-ed9d-5542-bfb2-432561b53c1c,completed_in_time,42.21900000000005
b1-p3-fixed-1,infra-smoke-18495a5f-dffa-56a4-a170-238b49062319,completed_in_time,42.51599999999985
b1-p3-fixed-1,infra-smoke-f4e693b0-54b5-5d35-8e95-86b8297cae2c,completed_in_time,43.077999999999975
b1-p3-fixed-1,infra-smoke-95514840-67dd-52a9-b9f6-018ba1783d0c,completed_in_time,42.702999999999975
b1-p3-fixed-1,infra-smoke-7d3eddd4-2a42-5d82-969a-e997e119660d,completed_in_time,42.187000000000126
b1-p3-fixed-1,infra-smoke-8086127f-7f1d-5cc1-870a-bd8a47390d34,completed_in_time,42.29600000000005
b1-p3-fixed-1,infra-smoke-eb59f2a0-efed-57b9-b76c-b4db4fc27982,completed_in_time,42.5150000000001
b1-p3-fixed-1,infra-smoke-4df14f6c-aa6d-519f-9678-baecd6177893,completed_in_time,42.60900000000015
b1-p3-fixed-1,infra-smoke-e60f1c02-c8aa-5777-a9d6-c7a31ea0e6a0,completed_in_time,42.28099999999995
b1-p3-fixed-1,infra-smoke-89d7b99b-1e9a-57a4-ae91-8fffadce30e6,completed_in_time,43.077999999999975
b1-p3-fixed-1,infra-smoke-c93860d5-8116-5c45-a292-08cf0aa7e567,completed_in_time,43.468000000000075
b1-p3-fixed-1,infra-smoke-7d85ec69-9e66-546a-bf92-b9d9bd7e3549,completed_in_time,42.78099999999995
b1-p3-fixed-1,infra-smoke-ad6ff86d-76e9-51bd-a91a-36b2cb1f6919,completed_in_time,42.625
b1-p3-fixed-1,infra-smoke-6115e55b-e920-56ef-b044-ce1e8666e56e,completed_in_time,42.702999999999975
b1-p3-fixed-1,infra-smoke-3120d801-3eb8-5335-b7ff-df8d4255ca2f,completed_in_time,43.202999999999975
b1-p3-fixed-1,infra-smoke-d40c0d85-a466-50a3-b03b-949ef581b9ff,completed_in_time,42.937000000000126
b1-p3-fixed-1,infra-smoke-7dffa69a-dc81-5758-a244-ac1ddf8faa82,completed_in_time,42.202999999999975
b1-p3-fixed-1,infra-smoke-4e5d6fb9-4ff9-534c-bf4f-6d8ce648560c,completed_in_time,42.73400000000015
b1-p3-fixed-1,infra-smoke-536f2587-4f63-57b4-bba3-8c4d437acffb,completed_in_time,42.827999999999975
b1-p3-fixed-1,infra-smoke-af619706-79f9-580a-9756-af4ec8c810fc,completed_in_time,43.17100000000005
b1-p3-fixed-1,infra-smoke-3557a53a-65e3-54b2-b322-a897ba17c5de,completed_in_time,43.202999999999975
b1-p3-fixed-1,infra-smoke-af270716-86e4-59ef-9a70-995d4ba0f201,completed_in_time,43.031999999999925
b1-p3-fixed-1,infra-smoke-2cded73b-2926-50b5-9f6a-125592451226,completed_in_time,43.687000000000126
b1-p3-fixed-1,infra-smoke-601e9d77-f255-59f8-adf5-f9ed06539a2d,completed_in_time,42.90599999999995
b1-p3-fixed-1,infra-smoke-bdac6aea-758e-59f4-8a30-57e15385f9fb,completed_in_time,43.922000000000025
b1-p3-fixed-1,infra-smoke-900ee36d-f12e-5771-a93b-553f0beeacce,completed_in_time,43.98400000000015
b1-p3-fixed-1,infra-smoke-0f24453c-3a6d-51c8-b378-6a9b0892b9ad,completed_in_time,43.875
b1-p3-fixed-1,infra-smoke-340f0960-472d-5cd2-a85f-e28e34bf717e,completed_in_time,43.96900000000005
b1-p3-fixed-1,infra-smoke-fa0c21fd-0db7-5ff0-a58a-dc653fea1586,completed_in_time,43.59400000000005
b1-p3-fixed-1,infra-smoke-285f5006-4ddf-567b-a665-d262a7fb767a,completed_in_time,43.85900000000015
b1-p3-fixed-1,infra-smoke-49cf8077-b374-5581-b3d2-9f111aa2703d,completed_in_time,44.03099999999995
b1-p3-fixed-1,infra-smoke-f12bf75f-b105-5f38-a982-9240fefef826,completed_in_time,44.202999999999975
b1-p3-fixed-1,infra-smoke-fe5c0e39-b66b-5b77-91e4-f9eba6076275,completed_in_time,44.187999999999874
b1-p3-fixed-1,infra-smoke-a97a0720-b7b6-5009-b6d9-887fc52e616d,completed_in_time,44.187000000000126
b1-p3-fixed-1,infra-smoke-c48ed426-332f-5012-87f2-a19cae96889d,completed_in_time,44.375
b1-p3-fixed-1,infra-smoke-97bbed02-1118-5175-9590-34ad03f15ad5,completed_in_time,44.297000000000025
b1-p3-fixed-1,infra-smoke-7944df4d-832a-52b5-ace0-b4502e49f867,completed_in_time,44.23400000000015
b1-p3-fixed-1,infra-smoke-597ae903-fe40-545f-9fb4-beb24c7f7ede,completed_in_time,44.1099999999999
b1-p3-fixed-1,infra-smoke-30eccdae-f753-5e6a-ad07-e906557597a7,completed_in_time,44.2969999999998
b1-p3-fixed-1,infra-smoke-7203f12c-2298-5598-8762-e360fbe4ad96,completed_in_time,44.3900000000001
b1-p3-fixed-1,infra-smoke-9027e86e-feaf-55dd-b82c-44ee8f374099,completed_in_time,44.312999999999874
b1-p3-fixed-1,infra-smoke-d3494c01-bcf8-583a-83ef-e922b658c02c,completed_in_time,44.5
b1-p3-fixed-1,infra-smoke-9f8f0e7b-9518-510b-a60a-05713d4820cb,completed_in_time,44.10900000000015
b1-p3-fixed-1,infra-smoke-5e968f70-6ea1-5705-8eff-c56e7a223642,completed_in_time,44.891000000000076
b1-p3-fixed-1,infra-smoke-bee56432-8e68-545b-89ef-bc1e191ff357,completed_in_time,44.952999999999975
b1-p3-fixed-1,infra-smoke-93a25e44-459f-5571-b5cb-0323a36132a8,completed_in_time,44.59400000000005
b1-p3-fixed-1,infra-smoke-8383c6f9-b1dc-5f97-a360-0755a51b10d7,completed_in_time,44.60900000000015
b1-p3-fixed-1,infra-smoke-c0714dab-bb61-55e0-a12a-f3ce08ae6c94,completed_in_time,45.0150000000001
b1-p3-fixed-1,infra-smoke-28460b2a-6bd2-582a-9277-89e4cce82eda,completed_in_time,44.96900000000005
b1-p3-fixed-1,infra-smoke-d3349868-750b-5ffe-ab3d-46ae37dd5d31,completed_in_time,44.797000000000025
b1-p3-fixed-1,infra-smoke-39c4be8e-1d98-5853-8706-fdb7d38d41cd,completed_in_time,44.702999999999975
b1-p3-fixed-1,infra-smoke-173e9782-7b5d-5500-8183-102bea5add85,completed_in_time,44.42100000000005
b1-p3-fixed-1,infra-smoke-93051031-e08b-5d16-b18f-b05784ade15d,completed_in_time,45.141000000000076
b1-p3-fixed-1,infra-smoke-677b147b-bd55-5c98-8976-d0fe78537c7f,completed_in_time,44.625
b1-p3-fixed-1,infra-smoke-54ac1ee1-1a19-5998-a50b-53fee12974a8,completed_in_time,44.812999999999874
b1-p3-fixed-1,infra-smoke-407b4255-af0f-5e7a-819e-b8515d5702b7,completed_in_time,45.391000000000076
b1-p3-fixed-1,infra-smoke-f7a8bb99-cc61-5f40-9048-55427cd9ca76,completed_in_time,44.812000000000126
b1-p3-fixed-1,infra-smoke-b38f2889-3445-5859-9b36-9fb9db14a77b,completed_in_time,45.077999999999975
b1-p3-fixed-1,infra-smoke-da21a823-9d21-55bf-81b3-f6978d56957a,completed_in_time,45.297000000000025
b1-p3-fixed-1,infra-smoke-f99a5510-ad59-5a9c-be6e-c177c96ae83c,completed_in_time,45.5
b1-p3-fixed-1,infra-smoke-818d0de5-0d10-56fe-bdaf-cdc5ff4573c6,completed_in_time,45.3900000000001
b1-p3-fixed-1,infra-smoke-7390f878-fe27-552d-ba97-1f66d0e57dd2,completed_in_time,45.327999999999975
b1-p3-fixed-1,infra-smoke-ca4c5cda-50bb-5203-8ca6-4c09393b3620,completed_in_time,45.1099999999999
b1-p3-fixed-1,infra-smoke-76e6b7a6-f63f-53b0-9b5d-2554deeef112,completed_in_time,45.483999999999924
b1-p3-fixed-1,infra-smoke-ab2774d2-90b3-5b96-94df-3d4a25d39f0c,completed_in_time,45.437000000000126
b1-p3-fixed-1,infra-smoke-52cec26d-71b2-50bf-9fae-83dfb4fdb32f,completed_in_time,45.531999999999925
b1-p3-fixed-1,infra-smoke-d021bd79-d44b-5179-8a83-8f41e456d5b6,completed_in_time,45.65599999999995
b1-p3-fixed-1,infra-smoke-ea2a1028-f73d-5955-9863-22640a4c034c,completed_in_time,45.593000000000075
b1-p3-fixed-1,infra-smoke-d58232fe-fc3e-5e41-9612-23ac8d7fc5c8,completed_in_time,45.39099999999985
b1-p3-fixed-1,infra-smoke-c71020e7-853d-527e-be16-64b67078e710,completed_in_time,45.812999999999874
b1-p3-fixed-1,infra-smoke-f26de28a-6689-59be-b08b-a7951a286313,completed_in_time,45.687000000000126
b1-p3-fixed-1,infra-smoke-787cea0c-80e7-5f9f-830d-7cd178184da4,completed_in_time,45.48400000000015
b1-p3-fixed-1,infra-smoke-6032b78b-7446-5205-9c92-afc97aebd3bd,completed_in_time,45.90599999999995
b1-p3-fixed-1,infra-smoke-c64648fe-5411-54f7-8d0c-bb02170769b4,completed_in_time,45.797000000000025
b1-p3-fixed-1,infra-smoke-cfd4c823-92c5-52bc-bc18-6ebef2bdbcff,completed_in_time,45.89099999999985
b1-p3-fixed-1,infra-smoke-b379f156-935a-526e-9d57-58f253b46ef1,completed_in_time,46.09400000000005
b1-p3-fixed-1,infra-smoke-5db8d082-e544-52bc-ac64-f4956b659287,completed_in_time,45.766000000000076
b1-p3-fixed-1,infra-smoke-a4fe4ecb-fe77-507c-a267-8512ea8ed6eb,completed_in_time,46.1099999999999
b1-p3-fixed-1,infra-smoke-69d68408-51d1-58ca-a231-17530edefdc8,completed_in_time,46.10900000000015
b1-p3-fixed-1,infra-smoke-0d65c59b-976c-5074-bce4-8932db34280e,completed_in_time,45.827999999999975
b1-p3-fixed-1,infra-smoke-66531945-486c-592b-8ce4-517a0723079a,completed_in_time,46.1400000000001
b1-p3-fixed-1,infra-smoke-ca3ca1f2-8c6d-50db-ad56-524aa1f14b01,completed_in_time,46.6880000000001
b1-p3-fixed-1,infra-smoke-795e4f5b-5574-5a34-9cc4-bd59516cc00c,completed_in_time,46.077999999999975
b1-p3-fixed-1,infra-smoke-3d957315-5f43-58ca-8673-ba9ee93eb3b0,completed_in_time,46.047000000000025
b1-p3-fixed-1,infra-smoke-c42558a3-5a54-5176-864d-6ef51d33fb18,completed_in_time,46.5150000000001
b1-p3-fixed-1,infra-smoke-6b3843a4-5b91-56c9-ba58-c37c40770b8d,completed_in_time,46.812999999999874
b1-p3-fixed-1,infra-smoke-e94fc140-6bb1-5d6b-9fb3-01bbcea18320,completed_in_time,46.483999999999924
b1-p3-fixed-1,infra-smoke-118cccc7-874e-5d90-b4f7-e73000b65c0d,completed_in_time,46.327999999999975
b1-p3-fixed-1,infra-smoke-382d7a8a-5fae-5813-b2b8-5ad45e05c27e,completed_in_time,46.875
b1-p3-fixed-1,infra-smoke-b3ade55c-10f4-5a20-826a-e697d114240a,completed_in_time,46.906000000000176
b1-p3-fixed-1,infra-smoke-94dc9043-7ca4-5767-a842-240f00706599,completed_in_time,46.797000000000025
b1-p3-fixed-1,infra-smoke-5047c03d-7ae6-5dfb-8761-9b3745cbc6ea,completed_in_time,46.483999999999924
b1-p3-fixed-1,infra-smoke-dea7ff5a-f40c-5a71-9570-59025f17a12c,completed_in_time,47.108999999999924
b1-p3-fixed-1,infra-smoke-65973168-33f4-5626-8cb9-aad4cee5177e,completed_in_time,47.0
b1-p3-fixed-1,infra-smoke-d2a77c84-c16b-5264-9a44-1d15e4b981d8,completed_in_time,46.922000000000025
b1-p3-fixed-1,infra-smoke-55426901-11af-5bce-a91d-f787209b0c69,completed_in_time,46.84400000000005
b1-p3-fixed-1,infra-smoke-14001932-9f90-5f95-81c6-d46d27ac7297,completed_in_time,47.187000000000126
b1-p3-fixed-1,infra-smoke-53333ed1-b358-5ca8-96da-08a8e8ba2ec7,completed_in_time,47.42100000000005
b1-p3-fixed-1,infra-smoke-87497d14-ba7e-55b3-998e-db12672aaf1a,completed_in_time,46.90599999999995
b1-p3-fixed-1,infra-smoke-b2ea1829-b69e-5743-9233-6d6fe01429d7,completed_in_time,47.0
b1-p3-fixed-1,infra-smoke-dac26140-eea2-524b-9b00-fc9e9042b83d,completed_in_time,47.0780000000002
b1-p3-fixed-1,infra-smoke-703542ab-b978-5e62-a00a-7d8810242e1f,completed_in_time,47.5150000000001
b1-p3-fixed-1,infra-smoke-3644e4e8-58cd-5fb4-960a-9dc19ec69566,completed_in_time,47.3900000000001
b1-p3-fixed-1,infra-smoke-f61b516b-081f-511c-81f1-b166f91334f5,completed_in_time,47.187000000000126
b1-p3-fixed-1,infra-smoke-d9816b24-bbdf-5159-a9c7-9fee7576d4a8,completed_in_time,47.5
b1-p3-fixed-1,infra-smoke-f256960a-3349-5b09-85b0-9bde5ac06ea6,completed_in_time,47.406999999999925
b1-p3-fixed-1,infra-smoke-5fcea130-e2ef-5167-a3b8-9bcbd831519b,completed_in_time,47.375
b1-p3-fixed-1,infra-smoke-9d28766e-627e-5c32-8a05-acd697844542,completed_in_time,47.437000000000126
b1-p3-fixed-1,infra-smoke-6ced9af0-2133-57e9-b405-293a9280e0a1,completed_in_time,47.562000000000126
b1-p3-fixed-1,infra-smoke-980b99fe-724c-511c-957e-2c342847b406,completed_in_time,47.327999999999975
b1-p3-fixed-1,infra-smoke-3a0ddb8f-9ac8-5925-aefa-c57706b8810b,completed_in_time,47.3119999999999
b1-p3-fixed-1,infra-smoke-a6f14890-fc95-5979-a76c-c46cf56d5208,completed_in_time,47.92100000000005
b1-p3-fixed-1,infra-smoke-5c1cb3f3-7181-5c73-86c8-010d0d0613ec,completed_in_time,47.702999999999975
b1-p3-fixed-1,infra-smoke-724a627f-314f-5eef-963f-fa97ef66cc07,completed_in_time,48.202999999999975
b1-p3-fixed-1,infra-smoke-ec084184-8f38-578a-9ae0-409e31f1eac5,completed_in_time,47.906000000000176
b1-p3-fixed-1,infra-smoke-91bdf1ed-7a4e-577e-8a8d-ffaa71ef2d77,completed_in_time,47.5150000000001
b1-p3-fixed-1,infra-smoke-d4a97600-f295-5a13-872d-6870b03fa5aa,completed_in_time,47.70399999999995
b1-p3-fixed-1,infra-smoke-30f9b24a-9be9-5074-82f9-2cea2fcbb264,completed_in_time,47.4849999999999
b1-p3-fixed-1,infra-smoke-7646ba52-d2a0-5d99-9bf0-6b0cdc128763,completed_in_time,47.422000000000025
b1-p3-fixed-1,infra-smoke-569b14c4-15d5-5644-885a-2cd9c80520b6,completed_in_time,47.827999999999975
b1-p3-fixed-1,infra-smoke-484a7bea-dc74-5d72-8e7b-fa06e4d8013f,completed_in_time,47.9849999999999
b1-p3-fixed-1,infra-smoke-1caf3c98-6bc2-5138-9e02-c48defb16813,completed_in_time,48.1099999999999
b1-p3-fixed-1,infra-smoke-1861a80f-28a3-5bc3-bf1d-7a0e61c2119e,completed_in_time,47.797000000000025
b1-p3-fixed-1,infra-smoke-515b6c80-c62e-5173-9294-9eebc251e445,completed_in_time,48.141000000000076
b1-p3-fixed-1,infra-smoke-9af513fe-ab21-5a22-9d62-6f2d087a0369,completed_in_time,48.26599999999985
b1-p3-fixed-1,infra-smoke-c54f9be1-b982-509b-9428-a26e09833636,completed_in_time,48.202999999999975
b1-p3-fixed-1,infra-smoke-07ed6b43-0ecd-57d6-afbc-12353d9cda15,completed_in_time,47.89099999999985
b1-p3-fixed-1,infra-smoke-bf39600e-c8cd-5bc9-88b0-6f1361949ae3,completed_in_time,48.016000000000076
b1-p3-fixed-1,infra-smoke-5dff665f-9d75-59f1-9447-2ce4b409e9aa,completed_in_time,48.077999999999975
b1-p3-fixed-1,infra-smoke-8d0db453-4fdf-5f8d-b1cf-cffd067d46e8,completed_in_time,48.39099999999985
b1-p3-fixed-1,infra-smoke-e9c0053e-eaae-52cb-a596-2693955b82ca,completed_in_time,48.422000000000025
b1-p3-fixed-1,infra-smoke-d7546477-8ddd-57e7-8273-f5444cac233e,completed_in_time,48.6099999999999
b1-p3-fixed-1,infra-smoke-db85a681-69ab-5c3f-b1ca-6549ae199376,completed_in_time,48.625
b1-p3-fixed-1,infra-smoke-b2a419f1-f88d-53b0-a1cd-19b843ded609,completed_in_time,48.39099999999985
b1-p3-fixed-1,infra-smoke-027c4175-2352-5b56-b693-5b4ac9c6357b,completed_in_time,48.062000000000126
b1-p3-fixed-1,infra-smoke-60768528-6025-5614-8733-b1b29e092cbc,completed_in_time,48.51599999999985
b1-p3-fixed-1,infra-smoke-d5f4104e-4f11-5ec0-a187-5a9885a2a972,completed_in_time,48.437999999999874
b1-p3-fixed-1,infra-smoke-a797eaa4-8449-519d-96b9-2306bad96b0b,completed_in_time,48.28099999999995
b1-p3-fixed-1,infra-smoke-05e6f714-3e4d-5f76-bd7a-aca151d0cbb4,completed_in_time,48.766000000000076
b1-p3-fixed-1,infra-smoke-6c407c77-561f-5004-9403-4d6a67e7a83a,completed_in_time,48.187000000000126
b1-p3-fixed-1,infra-smoke-9446b1ef-fb51-5926-9a80-1f1f7cda0e40,completed_in_time,48.76599999999985
b1-p3-fixed-1,infra-smoke-197abbd9-2664-54ad-b85f-35281fa7e6cc,completed_in_time,48.125
b1-p3-fixed-1,infra-smoke-03300954-3d04-5d69-9d08-c1a81e19abfb,completed_in_time,48.48400000000015
b1-p3-fixed-1,infra-smoke-c1cbb9c3-e7e1-51e0-b118-fe60c6e8e375,completed_in_time,48.39099999999985
b1-p3-fixed-1,infra-smoke-0ca5712c-a9b5-55df-becb-29ae89824c27,completed_in_time,48.51599999999985
b1-p3-fixed-1,infra-smoke-ce8f12b1-331e-5cc3-82cb-393d1d1e8a99,completed_in_time,48.76599999999985
b1-p3-fixed-1,infra-smoke-0a369eb1-8e4f-568f-8956-d646dd85314c,completed_in_time,48.483999999999924
b1-p3-fixed-1,infra-smoke-7ea44411-4191-5caa-8b32-4f387ca9e90b,completed_in_time,48.608999999999924
b1-p3-fixed-1,infra-smoke-3b3c5f9b-4212-5af3-8cfc-37ed3932a27a,completed_in_time,48.656999999999925
b1-p3-fixed-1,infra-smoke-25ccf302-293c-5c1c-8e9a-61d96fec1a2e,completed_in_time,48.59400000000005
b1-p3-fixed-1,infra-smoke-60b2a654-8d7e-525e-850b-cb6df01101d5,completed_in_time,48.906999999999925
b1-p3-fixed-1,infra-smoke-80ecbe4e-ce8b-515e-9550-e8d767831660,completed_in_time,48.593000000000075
b1-p3-fixed-1,infra-smoke-1e0cc1f8-2393-5b52-bad7-9bd3f5b19220,completed_in_time,47.9849999999999
b1-p3-fixed-1,infra-smoke-d8a1527d-571b-59e8-a6f3-8505d361ae7d,completed_in_time,48.516000000000076
b1-p3-fixed-1,infra-smoke-259572d2-191d-5bf0-b03c-9045900a28fd,completed_in_time,48.0
b1-p3-fixed-1,infra-smoke-f85bbec4-a822-5791-a7b4-d9d575c97ba6,completed_in_time,49.172000000000025
b1-p3-fixed-1,infra-smoke-f263ef38-de53-5d10-8a0a-cab41af1737f,completed_in_time,48.406000000000176
b1-p3-fixed-1,infra-smoke-e0d24735-c315-51af-b3a5-6050330b0629,completed_in_time,48.812000000000126
b1-p3-fixed-1,infra-smoke-ea40242e-c097-50e1-a562-8f53501fed24,completed_in_time,48.6869999999999
b1-p3-fixed-1,infra-smoke-53017504-fa6a-5cc8-bb63-8775b4c2163f,completed_in_time,48.60900000000015
b1-p3-fixed-1,infra-smoke-3179e75e-0995-5a6f-b9c7-7990f0ca80f5,completed_in_time,48.82899999999995
b1-p3-fixed-1,infra-smoke-b3b39443-00dd-5dff-b36e-17cf07b2454f,completed_in_time,48.687000000000126
b1-p3-fixed-1,infra-smoke-f5432e7f-c717-5f83-aec6-8d7600d202ca,completed_in_time,48.90599999999995
b1-p3-fixed-1,infra-smoke-4b806b41-de0d-5044-ad7d-7823632765ca,completed_in_time,48.733999999999924
b1-p3-fixed-1,infra-smoke-98d931d6-8225-55a8-af19-112f96a240fc,completed_in_time,48.90599999999995
b1-p3-fixed-1,infra-smoke-b49f79eb-753c-5c19-9c4b-a4ec1bc3be6c,completed_in_time,49.0
b1-p3-fixed-1,infra-smoke-15f31689-44c4-525c-817c-eab406f34be8,completed_in_time,48.625
b1-p3-fixed-1,infra-smoke-853f5376-4469-5ad0-bb03-ff383c278d1f,completed_in_time,49.531000000000176
b1-p3-fixed-1,infra-smoke-5566df42-77df-5651-a5af-06d26815b67f,completed_in_time,48.608999999999924
b1-p3-fixed-1,infra-smoke-ac649c06-2a2a-53dc-b6e1-931ac37e3bc4,completed_in_time,48.812000000000126
b1-p3-fixed-1,infra-smoke-c07b3b97-de8b-5665-9372-6e6bc995d842,completed_in_time,48.718999999999824
b1-p3-fixed-1,infra-smoke-dd71bbf8-ab28-5d5d-aaff-993a4418a6b5,completed_in_time,48.90599999999995
b1-p3-fixed-1,infra-smoke-c1f6dd13-5dc1-51b4-b968-35f79c3aa767,completed_in_time,49.0150000000001
b1-p3-fixed-1,infra-smoke-6b138d66-b74c-545a-a533-6f0acc392c9b,completed_in_time,49.0
b1-p3-fixed-1,infra-smoke-09d9dd83-4618-57ec-8b93-3941e7b6a6d1,completed_in_time,49.093000000000075
b1-p3-fixed-1,infra-smoke-02db39e4-f83b-5e82-803d-b2351d9aa117,completed_in_time,49.202999999999975
b1-p3-fixed-1,infra-smoke-5f60cf5e-fbf9-57b6-95c0-7bf2080f76be,completed_in_time,49.51599999999985
b1-p3-fixed-1,infra-smoke-c64165ab-97fc-5849-9dc9-379d95fd502b,completed_in_time,50.65599999999995
b1-p3-fixed-1,infra-smoke-d2d2dc8d-c244-5e2d-8de0-e2d3f08c7a43,completed_in_time,49.375
b1-p3-fixed-1,infra-smoke-6d7041a5-c715-5c98-b66f-2b5bc3ad6f1d,completed_in_time,49.187000000000126
b1-p3-fixed-1,infra-smoke-db43414b-c0ef-5121-a569-61fba1c38c86,completed_in_time,49.375
b1-p3-fixed-1,infra-smoke-5d0891f0-347f-533a-9eaa-0e9412ea06d4,completed_in_time,49.062999999999874
b1-p3-fixed-1,infra-smoke-fde90982-b2af-57ab-8720-d9f0e2b60be0,completed_in_time,49.608999999999924
b1-p3-fixed-1,infra-smoke-1563e3df-91a6-5eab-a9b2-7b8a8ee60bf0,completed_in_time,49.327999999999975
b1-p3-fixed-1,infra-smoke-d255cf41-4785-5b00-8c87-5db5df80a64a,completed_in_time,49.4849999999999
b1-p3-fixed-1,infra-smoke-5fc2be1f-c418-5acc-b181-cf7f204658e0,completed_in_time,49.3900000000001
b1-p3-fixed-1,infra-smoke-713c91ca-ccfd-5ca1-9161-78fc6815e42c,completed_in_time,49.547000000000025
b1-p3-fixed-1,infra-smoke-e5f4af47-6244-577d-9f08-4ace679a6bed,completed_in_time,49.375
b1-p3-fixed-1,infra-smoke-78c48b16-b8cd-58ac-be4e-ecf0ea9fe9e0,completed_in_time,49.577999999999975
b1-p3-fixed-1,infra-smoke-3c2f21d0-5fdb-5499-9d44-0bab9a3ee434,completed_in_time,49.983999999999924
b1-p3-fixed-1,infra-smoke-77455e69-a87f-5094-83c8-5afb78505e8a,completed_in_time,49.7969999999998
b1-p3-fixed-1,infra-smoke-ea29c7fb-3dc0-5f15-a096-45f310fcaa77,completed_in_time,49.812000000000126
b1-p3-fixed-1,infra-smoke-cfa4a03b-3865-5725-83ab-448fad2447d1,completed_in_time,49.891000000000076
b1-p3-fixed-1,infra-smoke-286f4355-ad40-58ae-96e9-b9cf39261920,completed_in_time,49.187999999999874
b1-p3-fixed-1,infra-smoke-292115b0-92e4-5301-9c73-ad48b5a53848,completed_in_time,49.875
b1-p3-fixed-1,infra-smoke-9fd605ae-338e-53a2-abb4-1c5df0879872,completed_in_time,49.672000000000025
b1-p3-fixed-1,infra-smoke-9c535d66-44b7-5255-8dcb-b25f4afee932,completed_in_time,49.922000000000025
b1-p3-fixed-1,infra-smoke-a2d1b6e0-2f2c-5a2a-8a31-770a4c7e10ca,completed_in_time,49.812999999999874
b1-p3-fixed-1,infra-smoke-53678805-c144-57e7-92db-86a1f9da547a,completed_in_time,50.0
b1-p3-fixed-1,infra-smoke-b66aca73-d5e0-5846-bb55-0f4b02a1dcb1,completed_in_time,49.906000000000176
b1-p3-fixed-1,infra-smoke-3f7734bc-203b-52b0-9b78-1d1e8719ddfb,completed_in_time,49.797000000000025
b1-p3-fixed-1,infra-smoke-16ba656c-1921-549b-abdc-981d96ac0497,completed_in_time,50.20399999999995
b1-p3-fixed-1,infra-smoke-62783341-37e4-5b25-8d49-105454f5fd0e,completed_in_time,49.702999999999975
b1-p3-fixed-1,infra-smoke-f361f38f-eb45-554e-a953-90024cb19064,completed_in_time,49.73400000000015
b1-p3-fixed-1,infra-smoke-9c2f6245-a652-51af-a8b9-1e7b8d62527e,completed_in_time,50.04600000000005
b1-p3-fixed-1,infra-smoke-8220a25b-e0c7-5adc-92bc-93c71d942f55,completed_in_time,49.827999999999975
b1-p3-fixed-1,infra-smoke-3c6ce6e7-2781-51d3-bfb6-3b746dcb2fae,completed_in_time,50.14099999999985
b1-p3-fixed-1,infra-smoke-cc5d3d26-6f19-5fd4-89f8-cd5e8b324c95,completed_in_time,50.21900000000005
b1-p3-fixed-1,infra-smoke-46e22706-e3ce-5891-9f13-77781a06d91a,completed_in_time,49.8900000000001
b1-p3-fixed-1,infra-smoke-23ef2a8b-0009-5ba0-96b6-454e092f2a47,completed_in_time,50.218999999999824
b1-p3-fixed-1,infra-smoke-633dbf6c-80d6-5c67-8322-76702aed2ff7,completed_in_time,49.96900000000005
b1-p3-fixed-1,infra-smoke-bc568246-bc06-57eb-bcfa-aecb9ba852e4,completed_in_time,50.23400000000015
b1-p3-fixed-1,infra-smoke-68339698-e00f-5024-80b8-9b558d13f371,completed_in_time,50.21900000000005
b1-p3-fixed-1,infra-smoke-5a4a212f-2f5f-5a4e-a00d-422add04fd3f,completed_in_time,50.90599999999995
b1-p3-fixed-1,infra-smoke-b5922a1a-769e-5b5b-93e6-316455445a55,completed_in_time,50.57899999999995
b1-p3-fixed-1,infra-smoke-75ca60e8-7a93-5622-89f3-eb4062ec9f9a,completed_in_time,50.172000000000025
b1-p3-fixed-1,infra-smoke-790b3b65-4148-52a6-9677-64485a097a81,completed_in_time,50.687999999999874
b1-p3-fixed-1,infra-smoke-77f49df6-2fd6-54c7-be9b-4b4e3108aa59,completed_in_time,50.468999999999824
b1-p3-fixed-1,infra-smoke-92c587ca-f850-502d-9d1a-478d90c75124,completed_in_time,50.46900000000005
b1-p3-fixed-1,infra-smoke-88873f24-9c8c-5b13-b5c3-5edb2b2d1311,completed_in_time,50.5
b1-p3-fixed-1,infra-smoke-cebf0a22-09e0-5f7e-9439-2e3cb738bfb2,completed_in_time,50.5
b1-p3-fixed-1,infra-smoke-3347149b-cfff-54c7-a7e8-72c6a3b8b5b9,completed_in_time,50.53099999999995
b1-p3-fixed-1,infra-smoke-978da31a-aac3-5422-aec0-51fc3659fd1f,completed_in_time,50.51599999999985
b1-p3-fixed-1,infra-smoke-8fe39711-4767-521d-9703-624b170c711f,completed_in_time,50.2969999999998
b1-p3-fixed-1,infra-smoke-e4ef9da7-e5fa-59e5-b8a1-ae7e1cde8744,completed_in_time,50.46900000000005
b1-p3-fixed-1,infra-smoke-746e03df-88e9-57ea-97c8-bc6d0b32b69d,completed_in_time,50.59400000000005
b1-p3-fixed-1,infra-smoke-8a856b80-65bf-5a52-ba52-832b560d4d10,completed_in_time,50.76599999999985
b1-p3-fixed-1,infra-smoke-f63d18db-5dd5-564e-a1ff-2b737caa3fd9,completed_in_time,50.6099999999999
b1-p3-fixed-1,infra-smoke-9245f19d-b661-5a79-a72c-5eb89d66f8bf,completed_in_time,50.797000000000025
b1-p3-fixed-1,infra-smoke-0bed4771-e5c2-52d7-9bb6-d956c7dbb36f,completed_in_time,49.812999999999874
b1-p3-fixed-1,infra-smoke-40c820a3-d45e-5cd3-b7f2-21f8998af0e0,completed_in_time,51.016000000000076
b1-p3-fixed-1,infra-smoke-775cb232-e76d-557a-bc52-cc563e4b97e6,completed_in_time,51.09400000000005
b1-p3-fixed-1,infra-smoke-91bc1868-06c1-5340-bbcf-f1f83c1a3230,completed_in_time,50.891000000000076
b1-p3-fixed-1,infra-smoke-b0822423-8950-555d-b3cb-9ce8a1550459,completed_in_time,50.827999999999975
b1-p3-fixed-1,infra-smoke-73bfb102-49e6-5347-88fe-60049f1b2f28,completed_in_time,50.797000000000025
b1-p3-fixed-1,infra-smoke-69b750ea-672d-5bfc-924c-a55daa062630,completed_in_time,51.0
b1-p3-fixed-1,infra-smoke-73c54275-8a1f-5a98-ac8a-3974e965095b,completed_in_time,50.906000000000176
b1-p3-fixed-1,infra-smoke-6e2e81de-05bb-5582-b211-c0244153b6c3,completed_in_time,50.797000000000025
b1-p3-fixed-1,infra-smoke-82a305e7-3d4a-5876-a79b-d950269e6dc2,completed_in_time,50.78099999999995
b1-p3-fixed-1,infra-smoke-26360f54-b152-5aae-a329-3503a18db043,completed_in_time,51.2030000000002
b1-p3-fixed-1,infra-smoke-4a6e4af6-5f6e-52f0-bcc4-c9391c79bf59,completed_in_time,50.71900000000005
b1-p3-fixed-1,infra-smoke-f41992d5-eced-5a91-8f95-69b47f56415f,completed_in_time,50.96900000000005
b1-p3-fixed-1,infra-smoke-a9757fd6-352a-50a6-b44a-34f6fb1df69c,completed_in_time,50.5150000000001
b1-p3-fixed-1,infra-smoke-8e247b0e-453f-573e-b97f-fccba57ef827,completed_in_time,50.593000000000075
b1-p3-fixed-1,infra-smoke-d107d46c-b400-537c-a88f-f098e76fc137,completed_in_time,50.687999999999874
b1-p3-fixed-1,infra-smoke-1c669bd5-d7b6-5d9f-832c-5c3e36e0dc6f,completed_in_time,50.906999999999925
b1-p3-fixed-1,infra-smoke-a911297c-65b8-5b55-8fcb-538a2f56ff5a,completed_in_time,51.016000000000076
b1-p3-fixed-1,infra-smoke-3923206b-d4b4-5fa5-9930-3bb888db23f6,completed_in_time,50.687999999999874
b1-p3-fixed-1,infra-smoke-c904ca71-5d84-576e-abf9-c9dd3c202bc8,completed_in_time,50.875
b1-p3-fixed-1,infra-smoke-de63fcf9-10d9-53d0-811d-55ef78452de4,completed_in_time,50.875
b1-p3-fixed-1,infra-smoke-cdb4eb79-034a-5cd7-b46b-e876ccfb7846,completed_in_time,50.9219999999998
b1-p3-fixed-1,infra-smoke-6d9f5d05-1006-5ff5-a06a-3dfa3673bcdb,completed_in_time,50.60900000000015
b1-p3-fixed-1,infra-smoke-b804d7fb-2d0c-52f9-8120-ef2ca3d3fb1d,completed_in_time,50.937999999999874
b1-p3-fixed-1,infra-smoke-13189098-6d5a-515a-bca7-9113f35cc712,completed_in_time,50.718000000000075
b1-p3-fixed-1,infra-smoke-be9652df-9b92-51af-aa73-39cc7f523868,completed_in_time,50.922000000000025
b1-p3-fixed-1,infra-smoke-56bb01f6-9530-5d1c-9678-0e0cdf357ede,completed_in_time,50.858999999999924
b1-p3-fixed-1,infra-smoke-a3856f9b-d347-5126-badb-cb9de6bcb847,completed_in_time,51.3130000000001
b1-p3-fixed-1,infra-smoke-f59c45a0-0d46-5bb9-9782-2169683e9834,completed_in_time,50.983999999999924
b1-p3-fixed-1,infra-smoke-7288dcd4-3938-59fd-bc76-2dbf41d2425e,completed_in_time,51.0150000000001
b1-p3-fixed-1,infra-smoke-094166c1-6703-5e70-bcea-1c697bf2a844,completed_in_time,51.297000000000025
b1-p3-fixed-1,infra-smoke-da77499b-77a2-5fe1-9115-3ed4b5df1e0d,completed_in_time,51.2030000000002
b1-p3-fixed-1,infra-smoke-f12b183f-837e-5754-938d-ec2f476c6f12,completed_in_time,51.297000000000025
b1-p3-fixed-1,infra-smoke-92003ab4-bc39-5f15-a55e-e660d8a709a7,completed_in_time,51.016000000000076
b1-p3-fixed-1,infra-smoke-40bb9750-4bbc-5cac-abdd-89b10a40bde3,completed_in_time,51.39099999999985
b1-p3-fixed-1,infra-smoke-8994da35-d1b4-5c68-88ec-60483b7b79cf,completed_in_time,51.562999999999874
b1-p3-fixed-1,infra-smoke-035e182a-81e3-5c44-9cf8-4c7403f3666d,completed_in_time,51.71900000000005
b1-p3-fixed-1,infra-smoke-b00dd81f-dfb2-52a8-aa76-1a8595611d3a,completed_in_time,51.391000000000076
b1-p3-fixed-1,infra-smoke-cb3641e8-05fd-5ffd-98f8-dbe7a888f747,completed_in_time,51.687999999999874
b1-p3-fixed-1,infra-smoke-864d81ea-c5cb-5900-863a-1cee9b61d539,completed_in_time,51.422000000000025
b1-p3-fixed-1,infra-smoke-f07ec285-28ff-5d88-a7c1-1a7ab783544d,completed_in_time,51.4849999999999
b1-p3-fixed-1,infra-smoke-571f387a-a9c0-5b19-9ba9-5733ae9b43e2,completed_in_time,51.187000000000126
b1-p3-fixed-1,infra-smoke-5cba8836-800e-5c14-b303-c31d89427652,completed_in_time,51.5150000000001
b1-p3-fixed-1,infra-smoke-fdb96b96-8972-5922-9124-117ae782b64a,completed_in_time,51.312999999999874
b1-p3-fixed-1,infra-smoke-bc8dbace-9af2-5564-8241-ddf5536ea4a2,completed_in_time,51.702999999999975
b1-p3-fixed-1,infra-smoke-285cb661-ebe9-5666-a5f7-375b9d47d160,completed_in_time,51.65599999999995
b1-p3-fixed-1,infra-smoke-8fdad31b-d670-5db2-9a09-4fccc3f74bec,completed_in_time,51.59400000000005
b1-p3-fixed-1,infra-smoke-d3a28898-d40e-554a-9a93-cf6ec4d663e7,completed_in_time,51.875
b1-p3-fixed-1,infra-smoke-ada80817-b3e0-5a33-b393-88bb29fb43b5,completed_in_time,51.452999999999975
b1-p3-fixed-1,infra-smoke-261f6cee-c2a0-50c9-bcbf-891c5465631f,completed_in_time,51.6099999999999
b1-p3-fixed-1,infra-smoke-94acef3a-49f3-55b5-9259-d8342953f28d,completed_in_time,51.73400000000015
b1-p3-fixed-1,infra-smoke-c8d17061-d8e3-52f6-9cf0-b3371353c6cc,completed_in_time,52.047000000000025
b1-p3-fixed-1,infra-smoke-69343fc6-9482-50e3-a5b9-3394949b25d7,completed_in_time,51.90599999999995
b1-p3-fixed-1,infra-smoke-35d41178-dbb1-542b-92b9-68d31777a852,completed_in_time,51.812999999999874
b1-p3-fixed-1,infra-smoke-9e1c1118-3799-5db6-99ca-a422f7647035,completed_in_time,51.687000000000126
b1-p3-fixed-1,infra-smoke-a81e1bb0-a1db-5b34-abc8-ab9e9972ad22,completed_in_time,51.687999999999874
b1-p3-fixed-1,infra-smoke-b1f273ec-535b-5e6f-b2e8-d9070aa5bce0,completed_in_time,51.922000000000025
b1-p3-fixed-1,infra-smoke-c5aee0d2-7acd-5974-948d-692aa59c9af9,completed_in_time,51.906999999999925
b1-p3-fixed-1,infra-smoke-478f9b44-ce4d-5db0-ad96-0617dae2ecde,completed_in_time,52.093000000000075
b1-p3-fixed-1,infra-smoke-ee61a7b8-074c-5dd2-b181-e4da9264c0c9,completed_in_time,51.90599999999995
b1-p3-fixed-1,infra-smoke-0c71d466-0718-56a5-a171-d6e79b55d966,completed_in_time,52.125
b1-p3-fixed-1,infra-smoke-c1ae4954-312d-5997-a76a-a5ea13b9eb7d,completed_in_time,51.875
b1-p3-fixed-1,infra-smoke-9f9ee6d7-1df4-5728-93ab-27c65bff63ec,completed_in_time,52.093999999999824
b1-p3-fixed-1,infra-smoke-2222d65a-2cef-5e17-aa6a-3410164474dc,completed_in_time,51.875
b1-p3-fixed-1,infra-smoke-0e129f48-7dcf-564f-befc-1b98170651d8,completed_in_time,52.1099999999999
b1-p3-fixed-1,infra-smoke-1f7d475b-f849-52dc-90e0-73cd94c1770b,completed_in_time,52.187999999999874
b1-p3-fixed-1,infra-smoke-712a1f88-4c54-57e1-8b95-3b95b7b355f9,completed_in_time,52.016000000000076
b1-p3-fixed-1,infra-smoke-40f6fa42-49e1-5d6f-87ac-0ea155c87595,completed_in_time,52.59400000000005
b1-p3-fixed-1,infra-smoke-acfc189b-e9c0-5171-bc15-210a7bd8b1a1,completed_in_time,52.312999999999874
b1-p3-fixed-1,infra-smoke-b8aecba7-c758-518c-9fee-bec233c3d55f,completed_in_time,52.48400000000015
b1-p3-fixed-1,infra-smoke-750e05f5-767a-557d-9e25-7389e820d997,completed_in_time,52.422000000000025
b1-p3-fixed-1,infra-smoke-2c3faa5b-16c3-5e6d-87d6-671a3e8a35b4,completed_in_time,52.8130000000001
b1-p3-fixed-1,infra-smoke-8c3ced51-0d64-518f-8061-6dc71f1ac82b,completed_in_time,52.625
b1-p3-fixed-1,infra-smoke-55afb4d9-895c-5968-91db-b6b5ba00c495,completed_in_time,52.6099999999999
b1-p3-fixed-1,infra-smoke-2f341023-7c9c-5c58-9c3a-70e2dc341ae4,completed_in_time,52.125
b1-p3-fixed-1,infra-smoke-ec8c8918-7125-57a1-8d7f-3969b2ed6824,completed_in_time,52.406000000000176
b1-p3-fixed-1,infra-smoke-aa1c968a-360a-5a7a-955d-1a218c4805cf,completed_in_time,52.51599999999985
b1-p3-fixed-1,infra-smoke-6e633028-2287-585c-af95-56b61147e16c,completed_in_time,52.531000000000176
b1-p3-fixed-1,infra-smoke-52f444e3-2196-572d-93aa-0306ac25c1ec,completed_in_time,52.59400000000005
b1-p3-fixed-1,infra-smoke-49fc6593-cddd-5980-85df-4f709bb429be,completed_in_time,52.5
b1-p3-fixed-1,infra-smoke-016ff77f-e1d9-548e-8aa2-21783889f4ad,completed_in_time,52.60900000000015
b1-p3-fixed-1,infra-smoke-68afbb05-7ba4-5b97-a07b-531586160230,completed_in_time,52.702999999999975
b1-p3-fixed-1,infra-smoke-72a93ab2-59ee-57c3-9f63-b7bfd44fc666,completed_in_time,52.4849999999999
b1-p3-fixed-1,infra-smoke-84c52932-a1e4-5443-b36b-0b46584b4514,completed_in_time,52.297000000000025
b1-p3-fixed-1,infra-smoke-b4f5fd70-54bc-5fbf-902f-a6129f1d5a8c,completed_in_time,52.702999999999975
b1-p3-fixed-1,infra-smoke-41451297-8bc1-552b-bf21-280f6438c0ea,completed_in_time,52.483999999999924
b1-p3-fixed-1,infra-smoke-0a3a02d2-004b-598f-a818-5939416dc209,completed_in_time,52.8599999999999
b1-p3-fixed-1,infra-smoke-06d0b05d-c2fc-5839-af50-60a0e777a479,completed_in_time,52.172000000000025
b1-p3-fixed-1,infra-smoke-c59e2206-d6a5-5110-be2f-202617c75a50,completed_in_time,53.093999999999824
b1-p3-fixed-1,infra-smoke-6282f3b9-1d97-5564-b554-2849bb9afb65,completed_in_time,52.483999999999924
b1-p3-fixed-1,infra-smoke-abbce5e3-fcf1-59f4-9978-243b80b8bca4,completed_in_time,52.672000000000025
b1-p3-fixed-1,infra-smoke-789f2ad7-cf70-5d29-8ebe-67318f2f97e4,completed_in_time,52.5
b1-p3-fixed-1,infra-smoke-158c1e71-d958-5bc6-a37e-4078e385b29a,completed_in_time,52.702999999999975
b1-p3-fixed-1,infra-smoke-2afe6ca0-2e83-5265-a818-d14e86ae8035,completed_in_time,52.562999999999874
b1-p3-fixed-1,infra-smoke-c4611725-1464-5a48-abaf-217ebc7eee5e,completed_in_time,52.391000000000076
b1-p3-fixed-1,infra-smoke-da8955af-115c-5b55-96b9-1a1df0cd7124,completed_in_time,52.593999999999824
b1-p3-fixed-1,infra-smoke-8481fd8e-8049-5f80-b647-b3864d2c65aa,completed_in_time,52.531999999999925
b1-p3-fixed-1,infra-smoke-79b55776-961f-51d3-8f1c-662c04923a4f,completed_in_time,52.172000000000025
b1-p3-fixed-1,infra-smoke-e395073a-6dbd-5fe9-8439-1bf61e5dca5c,completed_in_time,52.672000000000025
b1-p3-fixed-1,infra-smoke-a4220f36-b079-5a64-9283-e3c822fa2ded,completed_in_time,52.6099999999999
b1-p3-fixed-1,infra-smoke-399b4c7b-0afb-5b64-9245-29200cc9c4f7,completed_in_time,52.7969999999998
b1-p3-fixed-1,infra-smoke-637814ff-0cda-517e-933e-3811fdddc65e,completed_in_time,52.297000000000025
b1-p3-fixed-1,infra-smoke-50305430-92dc-5244-8365-b74eafed7d74,completed_in_time,52.687000000000126
b1-p3-fixed-1,infra-smoke-b91f4f32-59be-5aba-bf88-747252ae3cf6,completed_in_time,52.875
b1-p3-fixed-1,infra-smoke-d3d5eb69-5199-5536-a156-58fd2026c855,completed_in_time,52.718000000000075
b1-p3-fixed-1,infra-smoke-2f6cc962-9959-5148-9ce3-8a25602956a6,completed_in_time,52.406999999999925
b1-p3-fixed-1,infra-smoke-eafa0dab-3d5e-5b9e-9f65-f9ef7ad275e9,completed_in_time,52.952999999999975
b1-p3-fixed-1,infra-smoke-c6e6f032-2f70-5467-828a-cffa5d25444a,completed_in_time,52.71900000000005
b1-p3-fixed-1,infra-smoke-21fccdbb-efbf-5d67-8b32-fa3699af6eb8,completed_in_time,52.968999999999824
b1-p3-fixed-1,infra-smoke-6684bd5a-4d6d-5c71-a46a-717a73a54283,completed_in_time,53.093000000000075
b1-p3-fixed-1,infra-smoke-93302e3d-b44b-5ce0-8fd2-88f7e722dfb9,completed_in_time,52.812999999999874
b1-p3-fixed-1,infra-smoke-2f771e4d-06d9-55f9-9fbf-5f2a9e0f3b49,completed_in_time,52.468000000000075
b1-p3-fixed-1,infra-smoke-29250bc8-80ba-5891-b441-65b368b9b022,completed_in_time,53.187999999999874
b1-p3-fixed-1,infra-smoke-4b56f6df-cdd6-50b9-9c16-baeb01600ab0,completed_in_time,53.718999999999824
b1-p3-fixed-1,infra-smoke-7c9a587b-af95-5a06-b9f0-3d3557cd60ba,completed_in_time,52.968000000000075
b1-p3-fixed-1,infra-smoke-7646d82e-dc99-5fca-b337-9ea0607f664a,completed_in_time,53.10900000000015
b1-p3-fixed-1,infra-smoke-e151f0eb-0d33-52f3-b643-aad719cbaa06,completed_in_time,52.983999999999924
b1-p3-fixed-1,infra-smoke-0e3c33ca-ade4-5f7c-95f0-fb18d6e2b726,completed_in_time,53.156999999999925
b1-p3-fixed-1,infra-smoke-86ec5520-5291-5019-aa30-dfeb8bd297cc,completed_in_time,53.312000000000126
b1-p3-fixed-1,infra-smoke-c3eb5c09-bc4c-513a-8c1e-51d9f0546cd6,completed_in_time,53.1099999999999
b1-p3-fixed-1,infra-smoke-4141cfc9-b503-50fa-966c-669efbb1fadd,completed_in_time,53.48400000000015
b1-p3-fixed-1,infra-smoke-a5676a69-342e-521b-ab00-fb3f0cb348bc,completed_in_time,53.25
b1-p3-fixed-1,infra-smoke-911b1013-a2a1-5392-b50f-2fc29de1ec74,completed_in_time,52.96900000000005
b1-p3-fixed-1,infra-smoke-8139dd57-4c4a-5d3f-b1e0-090645e3827e,completed_in_time,53.89099999999985
b1-p3-fixed-1,infra-smoke-10aca846-d496-5994-9afd-1a7e0d69849a,completed_in_time,53.71900000000005
b1-p3-fixed-1,infra-smoke-055870f7-91c9-54f3-bb3c-84b59c2d8db0,completed_in_time,53.1099999999999
b1-p3-fixed-1,infra-smoke-74d8a5a2-3701-5793-8696-93d6a6a38930,completed_in_time,53.28099999999995
b1-p3-fixed-1,infra-smoke-8297a446-63a0-5c9e-bc49-ba365169ad87,completed_in_time,53.84400000000005
b1-p3-fixed-1,infra-smoke-ca9ccade-3902-53e4-8917-2137115880d2,completed_in_time,53.46900000000005
b1-p3-fixed-1,infra-smoke-d29cb254-5509-5a15-b9bd-271c47ad624c,completed_in_time,53.5
b1-p3-fixed-1,infra-smoke-2976d652-4350-511a-b075-2f61d02a85fe,completed_in_time,53.90599999999995
b1-p3-fixed-1,infra-smoke-1d77aea6-4998-5d28-8cd1-b2b8250264fa,completed_in_time,53.6099999999999
b1-p3-fixed-1,infra-smoke-23e87118-cf5f-548a-a9ca-ab729f87b5cb,completed_in_time,53.797000000000025
b1-p3-fixed-1,infra-smoke-f6d74091-d6d8-5bfe-b69d-78538a663272,completed_in_time,53.70399999999995
b1-p3-fixed-1,infra-smoke-5971b4b0-c8c8-5284-9ef0-fd7adeae59bf,completed_in_time,53.59400000000005
b1-p3-fixed-1,infra-smoke-691964a6-d58b-5917-aa2f-8da6682b828f,completed_in_time,53.5150000000001
b1-p3-fixed-1,infra-smoke-e606d12f-1787-52e9-96e4-3b52ddd70e67,completed_in_time,54.0
b1-p3-fixed-1,infra-smoke-a41c8b19-a4e9-5611-904d-9586b14c38a0,completed_in_time,53.687000000000126
b1-p3-fixed-1,infra-smoke-f79d7c99-dd67-5171-93d0-9a34d52370b7,completed_in_time,54.10900000000015
b1-p3-fixed-1,infra-smoke-bbc3aba2-b972-5d03-b72a-00526a3b0d96,completed_in_time,53.906000000000176
b1-p3-fixed-1,infra-smoke-3f50788a-6b63-54e7-ba35-cb0ac8e22c3c,completed_in_time,53.98400000000015
b1-p3-fixed-1,infra-smoke-4c06bae8-3619-5941-b3a5-eec1d83cd255,completed_in_time,53.6099999999999
b1-p3-fixed-1,infra-smoke-604efb60-3ca3-58d6-b071-2d2efbf51fe0,completed_in_time,53.906999999999925
b1-p3-fixed-1,infra-smoke-72f18f01-5530-50cb-a109-e193c7cce5b5,completed_in_time,53.875
b1-p3-fixed-1,infra-smoke-cb8da6cb-ef86-5535-87e9-cadc3cdd920a,completed_in_time,53.95399999999995
b1-p3-fixed-1,infra-smoke-46c28151-3e2b-5080-b20b-c66fc1ccce38,completed_in_time,53.891000000000076
b1-p3-fixed-1,infra-smoke-cca88647-5c4e-571d-b38f-656e114afeea,completed_in_time,54.10900000000015
b1-p3-fixed-1,infra-smoke-2661695c-51ae-57cf-86a2-0e2a2b431815,completed_in_time,54.077999999999975
b1-p3-fixed-1,infra-smoke-10b2a998-1893-5087-abee-2225b70808d4,completed_in_time,54.03099999999995
b1-p3-fixed-1,infra-smoke-67c17960-90e6-5f97-b764-7015445dd8a2,completed_in_time,54.281000000000176
b1-p3-fixed-1,infra-smoke-7b47a322-ec41-511a-b0df-ec2f5cae138b,completed_in_time,54.077999999999975
b1-p3-fixed-1,infra-smoke-b0eae264-e3da-5a87-9cde-cc05813562b4,completed_in_time,53.8599999999999
b1-p3-fixed-1,infra-smoke-94095c4c-53c9-50c6-a7b8-47112016fa64,completed_in_time,53.9849999999999
b1-p3-fixed-1,infra-smoke-7b466c94-ee5e-55bc-8c61-4482d4f8b5bf,completed_in_time,54.01599999999985
b1-p3-fixed-1,infra-smoke-fd34b0ff-7237-5df1-97ab-f5e8f4719969,completed_in_time,54.10900000000015
b1-p3-fixed-1,infra-smoke-696a03f0-6ae9-510a-ab5a-00680f27db7f,completed_in_time,54.047000000000025
b1-p3-fixed-1,infra-smoke-e280ec90-7b4d-5813-885e-7c81787ca9a7,completed_in_time,54.093999999999824
b1-p3-fixed-1,infra-smoke-06915a63-a445-5664-9298-682db75e8e99,completed_in_time,54.093000000000075
b1-p3-fixed-1,infra-smoke-15a17b05-8758-53e7-97bf-7191849c8802,completed_in_time,54.28099999999995
b1-p3-fixed-1,infra-smoke-3e583805-d3be-5c04-9374-7983dafea301,completed_in_time,54.687000000000126
b1-p3-fixed-1,infra-smoke-456f2fa3-0d14-5344-a1e4-9d069109ba3e,completed_in_time,54.5
b1-p3-fixed-1,infra-smoke-5902026a-509b-5e85-a452-0d21526bd10f,completed_in_time,54.031000000000176
b1-p3-fixed-1,infra-smoke-171b1fc5-8728-5c27-821f-76e9ceb4cb07,completed_in_time,53.73400000000015
b1-p3-fixed-1,infra-smoke-a8607aad-d91a-5868-bb8a-017fe5133d33,completed_in_time,53.8119999999999
b1-p3-fixed-1,infra-smoke-795ad6b5-65ff-5f1d-a3d5-a5bff6c50c89,completed_in_time,54.297000000000025
b1-p3-fixed-1,infra-smoke-05037a9b-52d6-55ee-a058-d341c40c25a0,completed_in_time,54.218000000000075
b1-p3-fixed-1,infra-smoke-fea17028-07fa-58f2-ac92-01bf3b21d1f7,completed_in_time,54.593000000000075
b1-p3-fixed-1,infra-smoke-aab945b0-8a74-5c98-818a-5abb09a61e8c,completed_in_time,54.297000000000025
b1-p3-fixed-1,infra-smoke-ba344109-0985-50db-bcc6-e1465f75d0a3,completed_in_time,54.0
b1-p3-fixed-1,infra-smoke-c3c31417-a51f-5550-b94b-f96b4bb1021c,completed_in_time,54.687000000000126
b1-p3-fixed-1,infra-smoke-5876eb73-c504-55cd-bbdb-4cfa7339057a,completed_in_time,54.21900000000005
b1-p3-fixed-1,infra-smoke-74dcc0fa-d957-5af2-80d0-31352f4d8988,completed_in_time,54.3900000000001
b1-p3-fixed-1,infra-smoke-46d6d437-6749-5295-9869-0afc4568603c,completed_in_time,54.60900000000015
b1-p3-fixed-1,infra-smoke-fb3e13b0-fc4d-5eea-a19e-e52fb6fc0369,completed_in_time,54.297000000000025
b1-p3-fixed-1,infra-smoke-f0ccc707-2e38-5986-a097-ed3d3f4cb5b9,completed_in_time,54.406999999999925
b1-p3-fixed-1,infra-smoke-e242bd63-69dd-5b10-9128-0d8a0ec0b446,completed_in_time,54.718999999999824
b1-p3-fixed-1,infra-smoke-9cfa0ec0-a3b5-553e-8370-7b5b5dda921e,completed_in_time,54.312999999999874
b1-p3-fixed-1,infra-smoke-e2b58005-1dd2-5c53-ac2b-1416855612b5,completed_in_time,54.59400000000005
b1-p3-fixed-1,infra-smoke-ae394256-79de-58c6-918c-dfe581c97e5a,completed_in_time,54.781000000000176
b1-p3-fixed-1,infra-smoke-15f5e638-acd1-5aa3-a58e-7261aa0fcbaf,completed_in_time,54.577999999999975
b1-p3-fixed-1,infra-smoke-c2a0b0c5-aa5c-556c-b9e8-d8f9257e73e9,completed_in_time,55.0
b1-p3-fixed-1,infra-smoke-cf5e7b76-36dd-5352-af7e-a25c6e200c00,completed_in_time,54.812000000000126
b1-p3-fixed-1,infra-smoke-d9e3de54-b5b4-5040-838a-a9c9cd353744,completed_in_time,54.577999999999975
b1-p3-fixed-1,infra-smoke-3e548983-a161-5eb9-b9f0-4569af0b445b,completed_in_time,54.5630000000001
b1-p3-fixed-1,infra-smoke-9477228b-621b-5aec-9cbc-357032f8eed9,completed_in_time,54.5
b1-p3-fixed-1,infra-smoke-49a49068-a3da-5b49-a348-9b3c3c39dde3,completed_in_time,54.21900000000005
b1-p3-fixed-1,infra-smoke-3554723e-1509-5c9a-8546-079ee4278c3d,completed_in_time,54.781000000000176
b1-p3-fixed-1,infra-smoke-a8881d5a-1f4a-52a7-8eb7-a88d0b37470a,completed_in_time,54.797000000000025
b1-p3-fixed-1,infra-smoke-68314bea-ce64-59a5-9946-9ffe5217ab56,completed_in_time,54.797000000000025
b1-p3-fixed-1,infra-smoke-bea322f7-f352-5496-8aad-41f2093e6393,completed_in_time,54.202999999999975
b1-p3-fixed-1,infra-smoke-d7702d00-e439-5dff-84fc-a88e44d18a81,completed_in_time,55.125
b1-p3-fixed-1,infra-smoke-80199ec8-87b0-5f30-8922-48b750ee61ff,completed_in_time,55.0
b1-p3-fixed-1,infra-smoke-ae7ff771-b93d-5a1d-9cf0-81f1045ca7ae,completed_in_time,55.281000000000176
b1-p3-fixed-1,infra-smoke-f5d3e3e4-c7d7-5cc5-8572-e099d044dd29,completed_in_time,55.125
b1-p3-fixed-1,infra-smoke-3b8e4af3-406d-5cfa-97a4-48967a6fedf2,completed_in_time,55.1099999999999
b1-p3-fixed-1,infra-smoke-0eaed7fc-bde4-5201-8744-8f7ba6c8d00d,completed_in_time,55.312999999999874
b1-p3-fixed-1,infra-smoke-ac0b58c2-125f-5557-9c53-02a5be990d25,completed_in_time,55.672000000000025
b1-p3-fixed-1,infra-smoke-59ea51dd-c0d5-5f5b-8284-5641b252db97,completed_in_time,55.422000000000025
b1-p3-fixed-1,infra-smoke-717d459b-02d8-518c-bd7b-13791918a978,completed_in_time,55.406000000000176
b1-p3-fixed-1,infra-smoke-35a5e1aa-0c2c-5d7e-be56-68a5d162eaa7,completed_in_time,55.40599999999995
b1-p3-fixed-1,infra-smoke-42f90c84-9005-5be7-87d6-1192b67c2c34,completed_in_time,55.218000000000075
b1-p3-fixed-1,infra-smoke-8b9046df-6f9b-5f03-9103-00b9aff409d5,completed_in_time,55.422000000000025
b1-p3-fixed-1,infra-smoke-c8cd932e-7840-5034-a218-cea9d17c9e75,completed_in_time,55.406999999999925
b1-p3-fixed-1,infra-smoke-dd50aabf-6230-5f1b-a00c-6756addeae5b,completed_in_time,55.391000000000076
b1-p3-fixed-1,infra-smoke-cbc492d6-477c-5a93-b722-bcfc95b60977,completed_in_time,55.3130000000001
b1-p3-fixed-1,infra-smoke-46a2fef4-f3fb-56bd-9fc1-eab1449cb2b4,completed_in_time,55.2349999999999
b1-p3-fixed-1,infra-smoke-03c6ed85-62a8-574a-a177-bf0ee129482e,completed_in_time,55.46900000000005
b1-p3-fixed-1,infra-smoke-cf312f26-b485-503e-b846-8261eac7296b,completed_in_time,55.391000000000076
b1-p3-fixed-1,infra-smoke-85a9bd00-801e-5734-aca1-84a7c1ae2f5e,completed_in_time,55.406000000000176
b1-p3-fixed-1,infra-smoke-b606355e-28c9-5b5c-b5a9-042bad25ea72,completed_in_time,55.40599999999995
b1-p3-fixed-1,infra-smoke-8c7827fd-a71b-52f4-a0bc-c972bce72321,completed_in_time,55.40599999999995
b1-p3-fixed-1,infra-smoke-4d3cd616-5c49-5b22-a4af-09ae87823e6e,completed_in_time,56.6400000000001
b1-p3-fixed-1,infra-smoke-04fb6524-4e48-5164-acf7-7314274e4964,completed_in_time,56.10900000000015
b1-p3-fixed-1,infra-smoke-1a728bda-b108-52c5-b4b7-ab45c4f9fb12,completed_in_time,56.297000000000025
b1-p3-fixed-1,infra-smoke-35bddbee-8006-519c-8c9a-cfaf3e78adc2,completed_in_time,56.077999999999975
b1-p3-fixed-1,infra-smoke-ff57c8a0-908d-5313-8381-d6423311b841,completed_in_time,56.0
b1-p3-fixed-1,infra-smoke-fffa97f1-e960-54d4-bcab-e250bd019f2f,completed_in_time,56.09400000000005
b1-p3-fixed-1,infra-smoke-13643aed-a59f-5cd7-9a93-7137e2cad989,completed_in_time,56.0
b1-p3-fixed-1,infra-smoke-736dafc6-c885-5507-93e3-e68fd8112b17,completed_in_time,55.78099999999995
b1-p3-fixed-1,infra-smoke-987b65ac-767a-52bf-af97-c6003188c3de,completed_in_time,55.797000000000025
b1-p3-fixed-1,infra-smoke-834ba70c-c83d-588f-9549-04ca9c4febe4,completed_in_time,55.875
b1-p3-fixed-1,infra-smoke-02ec872f-338a-5840-ba6b-77fb531d8ec5,completed_in_time,55.718999999999824
b1-p3-fixed-1,infra-smoke-85240f4e-45dd-5435-96ad-6d0d21c243a8,completed_in_time,55.625
b1-p3-fixed-1,infra-smoke-51b75eb1-1ab5-532f-9845-d07085559e59,completed_in_time,55.0
b1-p3-fixed-1,infra-smoke-09221b81-8f0f-5bbe-bdad-05c59364a5e0,completed_in_time,55.406999999999925
b1-p3-fixed-1,infra-smoke-65f938a4-4e88-50c1-8cf6-823154ba7cd7,completed_in_time,55.3119999999999
b1-p3-fixed-1,infra-smoke-8022972e-1a73-55da-8b92-4a13360081f4,completed_in_time,54.60900000000015
b1-p3-fixed-1,infra-smoke-0117431a-3a31-555f-bf0b-ba20911bfe98,completed_in_time,55.7969999999998
b1-p3-fixed-1,infra-smoke-db6bfd40-ef79-5c9b-bde5-7003eb4a0eff,completed_in_time,56.3900000000001
b1-p3-fixed-1,infra-smoke-77181f6f-b008-546c-b69d-25bb99612872,completed_in_time,56.031999999999925
b1-p3-fixed-1,infra-smoke-6374f19e-4bcb-5631-a4e0-fc88e9c54104,completed_in_time,55.9849999999999
b1-p3-fixed-1,infra-smoke-363ce90b-f5c5-5eb3-ba21-6a5917203284,completed_in_time,55.98400000000015
b1-p3-fixed-1,infra-smoke-eb9efeea-de31-506d-aaf7-7b2c95897a33,completed_in_time,56.093999999999824
b1-p3-fixed-1,infra-smoke-693123f9-e19f-57ef-aeda-7a4c78d19624,completed_in_time,56.03099999999995
b1-p3-fixed-1,infra-smoke-4fe1a726-e49f-5783-9306-6a9ed1bef87b,completed_in_time,56.1400000000001
b1-p3-fixed-1,infra-smoke-c47359cd-b790-52f7-aa02-98ab0bb892d9,completed_in_time,56.0
b1-p3-fixed-1,infra-smoke-d095b82a-521b-588c-84a3-695dcaa9c01a,completed_in_time,56.406999999999925
b1-p3-fixed-1,infra-smoke-84f0f93a-77dd-5113-8bf4-373f3b3937e3,completed_in_time,56.172000000000025
b1-p3-fixed-1,infra-smoke-16c3734e-bd47-5bac-bdf1-560780fdd7be,completed_in_time,55.9849999999999
b1-p3-fixed-1,infra-smoke-c08f7535-e55c-578b-88bc-c469cda453ff,completed_in_time,56.062999999999874
b1-p3-fixed-1,infra-smoke-d155b003-3153-5e5f-bb62-6c56d65232a8,completed_in_time,54.8280000000002
b1-p3-fixed-1,infra-smoke-8d208970-eb70-5d15-ad56-f2f609afd984,completed_in_time,55.812000000000126
b1-p3-fixed-1,infra-smoke-a72306f3-6be9-5255-b52d-fb7b08d83dd3,completed_in_time,55.766000000000076
b1-p3-fixed-1,infra-smoke-edf4d8c8-5346-5920-8a42-1392d96f8a30,completed_in_time,56.1099999999999
b1-p3-fixed-1,infra-smoke-59d43735-d410-5d07-9862-f125aec9bcd2,completed_in_time,56.51599999999985
b1-p3-fixed-1,infra-smoke-7649a1bb-167c-573b-a501-e220162166d5,completed_in_time,56.281000000000176
b1-p3-fixed-1,infra-smoke-af28c81a-2965-550b-8346-5e98265be2c1,completed_in_time,56.297000000000025
b1-p3-fixed-1,infra-smoke-56d42309-aa22-5699-bfa1-26c468c769de,completed_in_time,56.28099999999995
b1-p3-fixed-1,infra-smoke-2722838e-aa7d-54ff-b8be-0f4da7a093ac,completed_in_time,55.937999999999874
b1-p3-fixed-1,infra-smoke-85b3cac3-1b84-5a0c-b0ce-24d0def023b3,completed_in_time,56.1869999999999
b1-p3-fixed-1,infra-smoke-86e63152-8a72-534c-bb61-aba93e8e8967,completed_in_time,56.875
b1-p3-fixed-1,infra-smoke-80ef024b-8f70-59f5-84c3-38f9376c74b9,completed_in_time,56.297000000000025
b1-p3-fixed-1,infra-smoke-dcc430ea-ed6c-59cc-8a65-a7dd13d268eb,completed_in_time,55.98400000000015
b1-p3-fixed-1,infra-smoke-9d811f8a-f5da-5c5e-b570-ade9c3edaafb,completed_in_time,56.28099999999995
b1-p3-fixed-1,infra-smoke-aa87dd79-711c-59c9-999e-d91f58354d12,completed_in_time,55.4849999999999
b1-p3-fixed-1,infra-smoke-5b0f289e-41ce-5789-be97-72789cefe8eb,completed_in_time,56.29600000000005
b1-p3-fixed-1,infra-smoke-b0a93465-cf95-5c9e-bc44-e3b0203ad8ae,completed_in_time,56.187999999999874
b1-p3-fixed-1,infra-smoke-67dc4eb9-d74d-5a3e-a056-5b77dce3cc5d,completed_in_time,56.327999999999975
b1-p3-fixed-1,infra-smoke-17252446-e8a4-5fea-9aa1-75ee22418c0a,completed_in_time,56.266000000000076
b1-p3-fixed-1,infra-smoke-fd92ee8e-3992-5e47-b4bc-5d0480814c66,completed_in_time,56.577999999999975
b1-p3-fixed-1,infra-smoke-f3d904d6-92db-5235-b801-9b2001d754dd,completed_in_time,56.76599999999985
b1-p3-fixed-1,infra-smoke-4dd99854-50bc-5045-97e8-5031372851f9,completed_in_time,56.8900000000001
b1-p3-fixed-1,infra-smoke-67457d27-a05a-5d57-a8b6-d6c69daea1d2,completed_in_time,55.60900000000015
b1-p3-fixed-1,infra-smoke-bcd4b194-f714-5fdb-bb41-d9ffd8410a63,completed_in_time,56.375
b1-p3-fixed-1,infra-smoke-a9b108a9-1672-5e8e-8a15-605ae6053578,completed_in_time,56.5
b1-p3-fixed-1,infra-smoke-f2a4b232-b0a2-5848-8482-263e3883eb78,completed_in_time,56.4849999999999
b1-p3-fixed-1,infra-smoke-4dd2f6e1-8e13-5249-b297-88f194d491b8,completed_in_time,56.672000000000025
b1-p3-fixed-1,infra-smoke-f3069232-633e-5849-b003-5e0f2b4caeba,completed_in_time,56.687000000000126
b1-p3-fixed-1,infra-smoke-f5065e04-d54b-5a09-b0d0-89e6d3675f33,completed_in_time,56.702999999999975
b1-p3-fixed-1,infra-smoke-7e797adf-c641-56a5-914c-712b014f205f,completed_in_time,56.797000000000025
b1-p3-fixed-1,infra-smoke-73d0d5e6-48d7-5fdd-88dd-6224b369e736,completed_in_time,56.781999999999925
b1-p3-fixed-1,infra-smoke-3cfe2fed-4744-58ed-8acf-6642ef3bcdf5,completed_in_time,56.5
b1-p3-fixed-1,infra-smoke-d72021b7-e5ec-51de-b857-b4b53c58b513,completed_in_time,56.7969999999998
b1-p3-fixed-1,infra-smoke-19e84188-acc9-5619-aa02-3f92396ee3cc,completed_in_time,56.4849999999999
b1-p3-fixed-1,infra-smoke-c72b4cc3-5b84-5c3d-a971-dd364420ecb7,completed_in_time,56.202999999999975
b1-p3-fixed-1,infra-smoke-2595e029-77e5-5204-8cdf-bf2a04bfd98e,completed_in_time,56.891000000000076
b1-p3-fixed-1,infra-smoke-2accc5d1-b61a-5040-879a-7e734cb370c3,completed_in_time,56.71900000000005
b1-p3-fixed-1,infra-smoke-e283366d-496f-58ae-ac88-9e4b5d90daea,completed_in_time,57.297000000000025
b1-p3-fixed-1,infra-smoke-67956bc5-ce7b-5bf8-a0d8-6ea0aa810de0,completed_in_time,56.78099999999995
b1-p3-fixed-1,infra-smoke-9cda9bf9-5bba-5187-a9fe-556aec13d23d,completed_in_time,57.077999999999975
b1-p3-fixed-1,infra-smoke-bb88e73f-26cb-57ad-bafd-d7c5f6f96688,completed_in_time,56.968000000000075
b1-p3-fixed-1,infra-smoke-3b1d6074-41f1-59c6-9d55-522d4020f66f,completed_in_time,56.89099999999985
b1-p3-fixed-1,infra-smoke-fb2fd171-fa6e-57f1-9ee7-ccf66c263764,completed_in_time,56.89099999999985
b1-p3-fixed-1,infra-smoke-2ba12e92-3abf-5ecf-bdba-9f58a16fbddc,completed_in_time,57.0150000000001
b1-p3-fixed-1,infra-smoke-2522889a-9263-5233-be2a-ecf2cd42ae43,completed_in_time,56.875
b1-p3-fixed-1,infra-smoke-8a96f5cc-0104-537e-bcbd-27ea781ad1dd,completed_in_time,56.922000000000025
b1-p3-fixed-1,infra-smoke-23baab33-4fe1-5395-ac89-1e6c6af0b4c8,completed_in_time,57.17100000000005
b1-p3-fixed-1,infra-smoke-c7f424a2-c7e6-5865-99fb-f8c09c7a0212,completed_in_time,57.28099999999995
b1-p3-fixed-1,infra-smoke-c9717e1a-a18e-56a2-93ad-6cf3463d5b5e,completed_in_time,56.8119999999999
b1-p3-fixed-1,infra-smoke-fef2584b-c745-59ac-a002-7da02281dab4,completed_in_time,57.0150000000001
b1-p3-fixed-1,infra-smoke-8fc57b7f-5c5b-5555-a3da-90e9e461947a,completed_in_time,56.906999999999925
b1-p3-fixed-1,infra-smoke-1deed1ee-8c5e-5669-89cf-f115f3577809,completed_in_time,57.281000000000176
b1-p3-fixed-1,infra-smoke-3e430292-3182-5693-9afc-33f12b63b0d1,completed_in_time,57.1880000000001
b1-p3-fixed-1,infra-smoke-304a1737-9d61-5922-819e-8153664f5df0,completed_in_time,57.141000000000076
b1-p3-fixed-1,infra-smoke-7121adfd-e851-54c3-b22c-b938ecdb854f,completed_in_time,57.327999999999975
b1-p3-fixed-1,infra-smoke-323603fc-e8ba-50e5-8271-c217a8b321b7,completed_in_time,58.0150000000001
b1-p3-fixed-1,infra-smoke-d9aebe28-da73-5ab3-8610-98f18e69bbff,completed_in_time,57.593999999999824
b1-p3-fixed-1,infra-smoke-2f36db23-82d0-5d31-8fc2-503852056a3b,completed_in_time,57.452999999999975
b1-p3-fixed-1,infra-smoke-b6eaf034-be64-50d2-afab-7bb1cbed206e,completed_in_time,57.702999999999975
b1-p3-fixed-1,infra-smoke-9c96509c-b3c9-538f-b561-47b41d29bdc9,completed_in_time,57.5150000000001
b1-p3-fixed-1,infra-smoke-f3f62d55-7647-5cca-89b7-efe06ce4a57a,completed_in_time,57.53099999999995
b1-p3-fixed-1,infra-smoke-886ec33d-5489-51c2-b74a-72c9c36b484f,completed_in_time,57.593999999999824
b1-p3-fixed-1,infra-smoke-eb4eae95-4d0f-5671-9beb-8b15e60277f2,completed_in_time,57.90599999999995
b1-p3-fixed-1,infra-smoke-0be49a48-7552-52e1-93be-f7c32fd4064c,completed_in_time,57.46900000000005
b1-p3-fixed-1,infra-smoke-c34dca56-27ee-5fdb-a62e-add57b75dc4a,completed_in_time,57.812999999999874
b1-p3-fixed-1,infra-smoke-e33ad232-ac9b-5c06-b0f2-8a6b0ac20591,completed_in_time,57.98400000000015
b1-p3-fixed-1,infra-smoke-42b5c018-6c6e-5bae-b2a3-56b76bfdf13e,completed_in_time,57.8900000000001
b1-p3-fixed-1,infra-smoke-c5deaccb-4e22-5a96-9b84-8e8f12e6c687,completed_in_time,58.125
b1-p3-fixed-1,infra-smoke-e3eb5781-7b4d-5bc9-a3c6-1acad3ff230a,completed_in_time,57.9849999999999
b1-p3-fixed-1,infra-smoke-3aab1de6-1103-5d68-8c65-3c6260e157a1,completed_in_time,57.922000000000025
b1-p3-fixed-1,infra-smoke-f45e8f90-032c-5f3f-b0c3-8e4d917f84a2,completed_in_time,58.01599999999985
b1-p3-fixed-1,infra-smoke-c149e0c8-056e-5c45-baa1-044fe7daba6f,completed_in_time,58.077999999999975
b1-p3-fixed-1,infra-smoke-1fefa62b-109b-5127-b635-002afc7290fc,completed_in_time,58.5
b1-p3-fixed-1,infra-smoke-8698e34e-bb8d-5dbc-839f-15fbb2c0c8ae,completed_in_time,58.327999999999975
b1-p3-fixed-1,infra-smoke-408f8366-35ca-5eed-a869-a5f0f194ac45,completed_in_time,58.797000000000025
b1-p3-fixed-1,infra-smoke-6c8b2cf4-ae59-506b-9f0b-6d3479268c03,completed_in_time,58.187000000000126
b1-p3-fixed-1,infra-smoke-e25ad7e3-2e99-5881-ad4d-0629f1b224ce,completed_in_time,58.125
b1-p3-fixed-1,infra-smoke-d44852a5-909d-568e-8d17-79acdaddd665,completed_in_time,57.90599999999995
b1-p3-fixed-1,infra-smoke-2731fbdc-a283-524e-b1c6-ce2c677f5104,completed_in_time,57.702999999999975
b1-p3-fixed-1,infra-smoke-e1979a85-5ae7-576e-8576-8cf0b80359f6,completed_in_time,58.28099999999995
b1-p3-fixed-1,infra-smoke-4ee49b48-033a-56f9-9648-d9c20c89c3be,completed_in_time,58.01599999999985
b1-p3-fixed-1,infra-smoke-58ce72f1-97e3-5b42-9e3d-6dc0c86736ee,completed_in_time,58.281999999999925
b1-p3-fixed-1,infra-smoke-f213b073-d195-522a-b36b-d84bc467b4ff,completed_in_time,58.422000000000025
b1-p3-fixed-1,infra-smoke-0b4f9c58-a17a-51a4-8824-d513ded4bcc3,completed_in_time,58.39099999999985
b1-p3-fixed-1,infra-smoke-b9a66274-0cce-5828-89a9-97826a944cf4,completed_in_time,58.46900000000005
b1-p3-fixed-1,infra-smoke-7e1bc64e-741a-526d-b77c-2fa6122b0547,completed_in_time,58.108999999999924
b1-p3-fixed-1,infra-smoke-e9d0b7fd-1b34-56a8-9ae7-f660da5be13c,completed_in_time,57.922000000000025
b1-p3-fixed-1,infra-smoke-1715a009-5b68-5fb2-bde9-496adcd472bb,completed_in_time,58.797000000000025
b1-p3-fixed-1,infra-smoke-c8b776eb-2c9b-5d8c-8f6b-a0b6269e5d41,completed_in_time,58.687999999999874
b1-p3-fixed-1,infra-smoke-6288de4b-6b4c-59dc-a3af-c7778789f400,completed_in_time,58.202999999999975
b1-p3-fixed-1,infra-smoke-8ea6b481-eb42-5386-b1d7-8a5d109d5eb4,completed_in_time,58.1719999999998
b1-p3-fixed-1,infra-smoke-fa1c799e-2939-56bb-b196-0f3efd8bc81a,completed_in_time,58.437999999999874
b1-p3-fixed-1,infra-smoke-8f27a624-ce78-5d57-9632-2cd3c318ab1b,completed_in_time,58.28099999999995
b1-p3-fixed-1,infra-smoke-b6a29a86-6f77-58f0-949e-c51ebe5f5967,completed_in_time,58.39099999999985
b1-p3-fixed-1,infra-smoke-af667fef-3c28-57f4-97b9-403c4ea18170,completed_in_time,58.297000000000025
b1-p3-fixed-1,infra-smoke-0e668e1d-4b23-50b4-83c5-df7eaf342fdb,completed_in_time,58.093999999999824
b1-p3-fixed-1,infra-smoke-c67222e4-ced8-585b-8cef-a71841297031,completed_in_time,58.71900000000005
b1-p3-fixed-1,infra-smoke-879c4fd1-5be4-569b-b92c-d3f4e403cc15,completed_in_time,58.218999999999824
b1-p3-fixed-1,infra-smoke-9518f82e-0f9a-5ef7-90d5-82d3a6afdb14,completed_in_time,58.2349999999999
b1-p3-fixed-1,infra-smoke-ba01caae-289a-5553-b939-b2e704c1e948,completed_in_time,58.01599999999985
b1-p3-fixed-1,infra-smoke-05205937-2980-56c0-8930-fe57ffdd0ce8,completed_in_time,58.187999999999874
b1-p3-fixed-1,infra-smoke-82257a20-5992-54c0-a788-8afb243e7eea,completed_in_time,58.718999999999824
b1-p3-fixed-1,infra-smoke-654efa95-6f7c-5907-bd07-8d4a1f3326c1,completed_in_time,58.6099999999999
b1-p3-fixed-1,infra-smoke-5d9572fd-a26f-5bed-be14-c5effefb41d0,completed_in_time,58.4849999999999
b1-p3-fixed-1,infra-smoke-dd8f68df-6d5b-57da-873a-f8e9467f9250,completed_in_time,58.516000000000076
b1-p3-fixed-1,infra-smoke-3d1fa0b8-71f0-5392-911b-b6cd296c157e,completed_in_time,58.468999999999824
b1-p3-fixed-1,infra-smoke-559921ed-d236-54ee-be72-152084677eef,completed_in_time,58.672000000000025
b1-p3-fixed-1,infra-smoke-9963a93e-385b-5cf5-a7a6-7231d6dc1d39,completed_in_time,58.577999999999975
b1-p3-fixed-1,infra-smoke-4f885312-165f-5530-b73c-af41de4e39bd,completed_in_time,58.7349999999999
b1-p3-fixed-1,infra-smoke-e94b778f-4be4-5a8f-ac56-c4fecf6da872,completed_in_time,58.218000000000075
b1-p3-fixed-1,infra-smoke-2bcf375a-2793-5f8e-ad25-4abff0f71588,completed_in_time,58.96900000000005
b1-p3-fixed-1,infra-smoke-9d965d93-2f50-51be-84b8-8e8d29d36142,completed_in_time,59.0
b1-p3-fixed-1,infra-smoke-ff160ec3-d3d8-5118-bf74-df6ba530c9d0,completed_in_time,59.01599999999985
b1-p3-fixed-1,infra-smoke-154c7ef3-c11b-580d-8a3d-40fbafe46ae3,completed_in_time,58.812999999999874
b1-p3-fixed-1,infra-smoke-94f3c6bb-8f06-5072-97c2-757de9d65043,completed_in_time,58.797000000000025
b1-p3-fixed-1,infra-smoke-87c35385-28fe-5a48-aafa-4827d2f1fdb8,completed_in_time,58.843000000000075
b1-p3-fixed-1,infra-smoke-00f67b43-e26a-56de-a13c-a28eff0dc50c,completed_in_time,59.187000000000126
b1-p3-fixed-1,infra-smoke-6c20f803-7820-5a8c-8c4c-5441e7aeac37,completed_in_time,59.233999999999924
b1-p3-fixed-1,infra-smoke-aa60969d-ddb5-55f8-8e09-2a44e88631c9,completed_in_time,59.202999999999975
b1-p3-fixed-1,infra-smoke-9dbf7693-395a-508f-a377-2ff70331ef9a,completed_in_time,59.0
b1-p3-fixed-1,infra-smoke-74628ae8-856c-5fa2-8acb-e1c5cdc67829,completed_in_time,58.312000000000126
b1-p3-fixed-1,infra-smoke-3f9b5708-2f6f-5c7c-aad6-2f8267c3e4d8,completed_in_time,57.922000000000025
b1-p3-fixed-1,infra-smoke-e4942b14-a401-5bc6-b0a3-3b1d4133917d,completed_in_time,57.687999999999874
b1-p3-fixed-1,infra-smoke-6144c88f-bd3d-51c1-8327-58e0b5302419,completed_in_time,57.09400000000005
b1-p3-fixed-1,infra-smoke-8ed402b1-af5d-5607-aec1-4d3adc0ed67e,completed_in_time,56.60900000000015
b1-p3-fixed-1,infra-smoke-96c6e321-d8d2-5a35-ae33-42cdf6b4dd5d,completed_in_time,56.406000000000176
b1-p3-fixed-1,infra-smoke-150b99e9-456c-51c2-a19e-ffc4b6b50734,completed_in_time,56.187999999999874
b1-p3-fixed-1,infra-smoke-ff3baa7c-5dc4-521b-8526-312adf9264c0,completed_in_time,55.593999999999824
b1-p3-fixed-1,infra-smoke-54b32485-76ac-5e7a-8d5f-0e442a346e0e,completed_in_time,55.233999999999924
b1-p3-fixed-1,infra-smoke-b52c96ec-17bb-5f75-a55c-1aabae2bf455,completed_in_time,54.608999999999924
b1-p3-fixed-1,infra-smoke-cb1363b9-84c9-5a20-b65c-f04764366e4e,completed_in_time,54.1869999999999
b1-p3-fixed-1,infra-smoke-95f3b8e6-65cc-550f-97e2-098658e136af,completed_in_time,53.6099999999999
b1-p3-fixed-1,infra-smoke-ac0e035c-9f89-5819-bbdf-1b716c1d8d05,completed_in_time,53.406000000000176
b1-p3-fixed-1,infra-smoke-d8b8672e-095e-58d7-9a70-98619150f3d1,completed_in_time,52.797000000000025
b1-p3-fixed-1,infra-smoke-76a97279-7476-5b48-ae5e-b315238fb783,completed_in_time,52.51599999999985
b1-p3-fixed-1,infra-smoke-82fdc540-7a3c-5931-a0ef-c7db71dd9d86,completed_in_time,52.202999999999975
b1-p3-fixed-1,infra-smoke-4e1d640d-9a77-52ae-b25c-38cf4e7e12b8,completed_in_time,51.718999999999824
b1-p3-fixed-1,infra-smoke-479c426d-3990-564c-8f09-77fcf6703ea7,completed_in_time,51.09400000000005
b1-p3-fixed-1,infra-smoke-69f014b5-6269-5b3b-9d81-a907432612f3,completed_in_time,50.812000000000126
b1-p3-fixed-1,infra-smoke-d586098a-b583-54fe-968d-95bb9f2c4409,completed_in_time,50.625
b1-p3-fixed-1,infra-smoke-749fe7cb-e2e1-5136-8304-e6f46cc1fdbf,completed_in_time,49.968999999999824
b1-p3-fixed-1,infra-smoke-d2f850bc-be10-52bb-aef1-99190907f53c,completed_in_time,49.593999999999824
b1-p3-fixed-1,infra-smoke-a0c1a1a6-a8b9-5a65-b67f-dd3c7339e9e9,completed_in_time,48.8900000000001
b1-p3-fixed-1,infra-smoke-406e7790-d262-5e07-9764-ca774f720c48,completed_in_time,48.297000000000025
b1-p3-fixed-1,infra-smoke-3542d90c-01a2-5486-8a71-44efe673826b,completed_in_time,48.0
b1-p3-fixed-1,infra-smoke-8556e176-a533-56f0-83a1-842ec9a60fcf,completed_in_time,47.531999999999925
b1-p3-fixed-1,infra-smoke-8379c9ab-9ce3-5413-97b1-71e694d0114e,completed_in_time,47.0
b1-p3-fixed-1,infra-smoke-79f52c28-80c7-58e0-a1f0-e0f48c3b46e4,completed_in_time,46.608999999999924
b2-p1-fixed-1,infra-smoke-f3bd558e-556c-5962-abea-bd7d0c9d6d07,completed_in_time,4.858999999999924
b2-p1-fixed-1,infra-smoke-0161fad5-e58e-5bb5-8376-e8f6576444f5,completed_in_time,4.406999999999925
b2-p1-fixed-1,infra-smoke-e5e06ea7-c692-5f1a-a46b-58bd7270ef10,completed_in_time,3.9220000000000255
b2-p1-fixed-1,infra-smoke-b4764a0c-1f6b-5817-baaa-96006113a6dc,completed_in_time,3.4069999999999254
b2-p1-fixed-1,infra-smoke-eb9ef1a8-01d7-515a-aa05-a4decc640115,completed_in_time,2.8910000000000764
b2-p1-fixed-1,infra-smoke-307f3593-c206-5c80-99cb-a2fd697b9ba3,completed_in_time,2.4220000000000255
b2-p1-fixed-1,infra-smoke-e37bbf3c-0177-54f7-ae1e-0a7575b8c5e8,completed_in_time,1.9069999999999254
b2-p1-fixed-1,infra-smoke-0aae68b6-438f-5836-9e0c-e76f9f0b68a4,completed_in_time,6.390999999999849
b2-p1-fixed-1,infra-smoke-7d185dfd-0150-5d00-ba9f-af6eb7ae0053,completed_in_time,5.890999999999849
b2-p1-fixed-1,infra-smoke-ff0a6380-e9ac-580d-959b-cc592b9b7dab,completed_in_time,5.3129999999998745
b2-p1-fixed-1,infra-smoke-ba3dc3f7-8c16-59f7-8764-4c737ce29bc3,completed_in_time,5.0
b2-p1-fixed-1,infra-smoke-fa8d4f0e-bc6b-58b0-8262-b7c57b7569e9,completed_in_time,4.5779999999999745
b2-p1-fixed-1,infra-smoke-0fab97d9-2831-531f-b12a-2e25e4e73149,completed_in_time,4.015999999999849
b2-p1-fixed-1,infra-smoke-f7e17afd-1647-5084-8a7b-e023141311e1,completed_in_time,3.5779999999999745
b2-p1-fixed-1,infra-smoke-439126e2-cf93-5989-911e-58dce8b9fb3b,completed_in_time,3.0
b2-p1-fixed-1,infra-smoke-f70f3ae7-1fd2-50bd-be04-7ad386c283e1,completed_in_time,2.5
b2-p1-fixed-1,infra-smoke-b9ecce2b-d53a-5078-8f5e-17db1611ad55,completed_in_time,1.9689999999998236
b2-p1-fixed-1,infra-smoke-a8f2d465-7b37-5b81-8768-26d641e594a6,completed_in_time,6.4529999999999745
b2-p1-fixed-1,infra-smoke-9652e608-75f3-5f71-a89b-47ecdd5a3aac,completed_in_time,5.891000000000076
b2-p1-fixed-1,infra-smoke-923883dc-32ba-5aa9-9bcc-7bb3fc0ee88b,completed_in_time,5.5
b2-p1-fixed-1,infra-smoke-566a7885-606b-573a-85c6-9ccf07c8a5c8,completed_in_time,5.0470000000000255
b2-p1-fixed-1,infra-smoke-cfb90584-9653-5548-92f2-1a172f0d9380,completed_in_time,4.4849999999999
b2-p1-fixed-1,infra-smoke-6643f6d9-3306-5324-8b3b-3c34562b0243,completed_in_time,4.093999999999824
b2-p1-fixed-1,infra-smoke-dfe2c2f0-18ea-5501-8bca-2890561dde37,completed_in_time,3.5150000000001
b2-p1-fixed-1,infra-smoke-48bf695a-e802-5b49-a296-a0de4dd852d9,completed_in_time,3.0939999999998236
b2-p1-fixed-1,infra-smoke-5236edd8-6112-55ed-9cd8-cbe3019e0994,completed_in_time,2.5939999999998236
b2-p1-fixed-1,infra-smoke-fd725f26-d1a1-5f45-bf9c-3827e596576b,completed_in_time,2.0779999999999745
b2-p1-fixed-1,infra-smoke-f8080b95-66fc-5160-a50b-401b638fbabb,completed_in_time,7.266000000000076
b2-p1-fixed-1,infra-smoke-cb6c4936-e663-51b9-a45c-1f85f6a23ead,completed_in_time,6.968999999999824
b2-p1-fixed-1,infra-smoke-f960a57e-9cfb-52ce-bae2-e2738e899f04,completed_in_time,6.015999999999849
b2-p1-fixed-1,infra-smoke-7dc0df23-4ad7-557c-9c06-fbc611a3c099,completed_in_time,5.984000000000151
b2-p1-fixed-1,infra-smoke-5f17ac9b-f97d-5bdb-901f-e7d39e9dbe79,completed_in_time,5.968000000000075
b2-p1-fixed-1,infra-smoke-189d4557-3d55-5def-aa16-da914e0108c4,completed_in_time,6.125
b2-p1-fixed-1,infra-smoke-974b37d8-5b99-5102-8207-c0a03dfc4fbc,completed_in_time,5.905999999999949
b2-p1-fixed-1,infra-smoke-521eda9f-c15b-50a3-bfeb-429e7e6e236a,completed_in_time,5.625
b2-p1-fixed-1,infra-smoke-78cae365-7f0f-5e3f-99a4-8f71b92afd26,completed_in_time,5.968999999999824
b2-p1-fixed-1,infra-smoke-0cb0c162-a062-50b9-9436-555883b7f845,completed_in_time,5.7970000000000255
b2-p1-fixed-1,infra-smoke-1730b4fb-32f5-57ca-a984-a1039a04f808,completed_in_time,5.734000000000151
b2-p1-fixed-1,infra-smoke-b4280738-15c7-52cb-8813-242d0dd8c24b,completed_in_time,5.875
b2-p1-fixed-1,infra-smoke-8bedb7ea-b93a-5a9d-98c6-89dbc793f454,completed_in_time,5.4379999999998745
b2-p1-fixed-1,infra-smoke-2e3cdebd-3443-5c85-81e3-265fdef30f56,completed_in_time,5.875
b2-p1-fixed-1,infra-smoke-5992b708-2fd8-5f3c-9c10-7b2da908cb12,completed_in_time,5.7029999999999745
b2-p1-fixed-1,infra-smoke-99c6e9e9-98d5-5e79-bc80-453376c7b40d,completed_in_time,5.468000000000075
b2-p1-fixed-1,infra-smoke-52e17a34-984b-56ae-80ac-2126353a86e7,completed_in_time,7.0779999999999745
b2-p1-fixed-1,infra-smoke-00ee9450-5046-55ee-8eab-905888fa7f4f,completed_in_time,7.1099999999999
b2-p1-fixed-1,infra-smoke-c19c6377-6b85-5cd3-a39c-a5853452039a,completed_in_time,7.468999999999824
b2-p1-fixed-1,infra-smoke-2ead0035-ea8d-5af7-a0dc-c2395c762439,completed_in_time,6.8120000000001255
b2-p1-fixed-1,infra-smoke-5298502e-3b91-58cf-a947-2bf4f15cc713,completed_in_time,7.218999999999824
b2-p1-fixed-1,infra-smoke-528ea394-35dd-5f6c-8a9c-27c355f32259,completed_in_time,7.0629999999998745
b2-p1-fixed-1,infra-smoke-4b51a060-6419-5696-8bee-4c78569ba63a,completed_in_time,6.780999999999949
b2-p1-fixed-1,infra-smoke-97f7352e-6645-5035-a453-689ed585ade0,completed_in_time,7.6099999999999
b2-p1-fixed-1,infra-smoke-ea354820-7375-5288-95e7-b58ec124d81c,completed_in_time,6.844000000000051
b2-p1-fixed-1,infra-smoke-a0096c15-488d-539a-b24b-6b5262ec0bcc,completed_in_time,7.4220000000000255
b2-p1-fixed-1,infra-smoke-9d6394f8-b4b9-5d9b-a654-43666399d7cf,completed_in_time,7.0470000000000255
b2-p1-fixed-1,infra-smoke-acac3a28-4abc-5044-9f90-0305f33f743e,completed_in_time,7.015999999999849
b2-p1-fixed-1,infra-smoke-855211af-3353-5122-8084-f1d811c1b309,completed_in_time,6.75
b2-p1-fixed-1,infra-smoke-836c5b4f-e821-52f6-a8b1-d20d77536b32,completed_in_time,7.0629999999998745
b2-p1-fixed-1,infra-smoke-68bb0463-e9ee-573f-8767-8e657a832b6c,completed_in_time,6.875
b2-p1-fixed-1,infra-smoke-cc211939-61f7-50c2-98c6-9bc0faecaae4,completed_in_time,6.7349999999999
b2-p1-fixed-1,infra-smoke-12850d01-bf7f-58b6-b579-834a13107b3d,completed_in_time,8.640999999999849
b2-p1-fixed-1,infra-smoke-96093d32-ba39-54ad-bc8a-f6c3d7e84a95,completed_in_time,8.6400000000001
b2-p1-fixed-1,infra-smoke-240757bd-51a5-56c5-bff0-d9179a7e5d17,completed_in_time,8.7650000000001
b2-p1-fixed-1,infra-smoke-cfe4ec45-aea3-5eff-97d8-3cbd303b9001,completed_in_time,8.375
b2-p1-fixed-1,infra-smoke-f1962619-fe4a-57aa-90e3-175acbc79462,completed_in_time,9.125
b2-p1-fixed-1,infra-smoke-ebc8b284-8a9a-55bc-8a7f-41a7f278e6f4,completed_in_time,9.390999999999849
b2-p1-fixed-1,infra-smoke-ed0a5e1e-ff4e-5e23-9289-d1ee0a67a20a,completed_in_time,8.4849999999999
b2-p1-fixed-1,infra-smoke-8567cf0b-43e7-5dd8-9ae4-d9b167e0dac5,completed_in_time,9.062999999999874
b2-p1-fixed-1,infra-smoke-81bedee4-3e4b-50e0-b952-d169805bb7f4,completed_in_time,9.172000000000025
b2-p1-fixed-1,infra-smoke-36b4386e-2493-58a0-b989-5695e55a6fb5,completed_in_time,8.515999999999849
b2-p1-fixed-1,infra-smoke-f6414817-e32b-5590-9c0d-474b6b5a2c77,completed_in_time,8.469000000000051
b2-p1-fixed-1,infra-smoke-09d3145f-5c06-542a-a446-3aab39284876,completed_in_time,8.781999999999925
b2-p1-fixed-1,infra-smoke-a5bd3e6b-4386-5da3-abc1-01ae083bbf5e,completed_in_time,9.015999999999849
b2-p1-fixed-1,infra-smoke-62e046c7-a598-5a44-8416-fadd55d051f5,completed_in_time,9.047000000000025
b2-p1-fixed-1,infra-smoke-c2a7779f-447e-5ab8-9be3-4e959ecce086,completed_in_time,9.0150000000001
b2-p1-fixed-1,infra-smoke-36b21e1c-cb4d-56ac-99a1-dc8989fcbf47,completed_in_time,8.922000000000025
b2-p1-fixed-1,infra-smoke-941bb1ed-ff5c-51cb-a836-a1a498b798a6,completed_in_time,10.155999999999949
b2-p1-fixed-1,infra-smoke-c797d5fc-8a71-5f33-891e-67b3653c3346,completed_in_time,9.6099999999999
b2-p1-fixed-1,infra-smoke-67cb99de-e95a-525a-87ef-d7017929e4d8,completed_in_time,9.937999999999874
b2-p1-fixed-1,infra-smoke-4892a039-68b9-5773-87dc-46e440d3a83e,completed_in_time,9.797000000000025
b2-p1-fixed-1,infra-smoke-cf403ac3-86f8-5688-afea-b50e626f2275,completed_in_time,10.297000000000025
b2-p1-fixed-1,infra-smoke-5c7f0bca-97a5-5247-b2f3-96d2e5add572,completed_in_time,10.062000000000126
b2-p1-fixed-1,infra-smoke-28826c2d-d741-51f3-badb-1a1d01eec025,completed_in_time,10.484000000000151
b2-p1-fixed-1,infra-smoke-68c61e3b-ffb7-54a6-9393-c29ceceee5a8,completed_in_time,10.702999999999975
b2-p1-fixed-1,infra-smoke-5e1f931c-73b1-5cc0-8cb4-96c1678a49fd,completed_in_time,11.062999999999874
b2-p1-fixed-1,infra-smoke-5cb83b9d-35e1-5033-9314-699c44457242,completed_in_time,10.1099999999999
b2-p1-fixed-1,infra-smoke-78eb69f9-b50f-5a21-8bef-73203085a324,completed_in_time,10.530999999999949
b2-p1-fixed-1,infra-smoke-4151431c-ca0a-5fed-8ef9-f9d419d3cbe7,completed_in_time,10.672000000000025
b2-p1-fixed-1,infra-smoke-dc5909a2-a79f-5207-8f18-cdc48921ee05,completed_in_time,10.281999999999925
b2-p1-fixed-1,infra-smoke-0b503c4d-f668-583c-ba6b-ae9fda2c051b,completed_in_time,10.640999999999849
b2-p1-fixed-1,infra-smoke-9ae3cb90-104c-5309-bb3a-4209254d6c69,completed_in_time,11.422000000000025
b2-p1-fixed-1,infra-smoke-dfd7f159-5421-51d8-8e03-e2792f601d6b,completed_in_time,10.7349999999999
b2-p1-fixed-1,infra-smoke-4efbe3a3-0326-5f90-a71c-583a47112904,completed_in_time,11.280999999999949
b2-p1-fixed-1,infra-smoke-e9471ce5-bb05-59c5-a6b5-06fa11fdde7a,completed_in_time,11.1099999999999
b2-p1-fixed-1,infra-smoke-7a831d40-d8ec-57c2-b88d-5c0fc3cdf8ea,completed_in_time,11.3599999999999
b2-p1-fixed-1,infra-smoke-fc5a2797-0afe-5a16-80ec-3361881fa501,completed_in_time,10.906999999999925
b2-p1-fixed-1,infra-smoke-fb4b092e-575f-51b1-9f40-213dbb8e3f09,completed_in_time,11.1400000000001
b2-p1-fixed-1,infra-smoke-f0169806-63ce-578f-9fd8-7090a91303fb,completed_in_time,11.187999999999874
b2-p1-fixed-1,infra-smoke-85094c0c-dc0b-5220-87fd-e30a5f5234d3,completed_in_time,11.125
b2-p1-fixed-1,infra-smoke-a2f4ad95-ba21-5baf-8224-f99f4268cf06,completed_in_time,11.1400000000001
b2-p1-fixed-1,infra-smoke-ac7ecfcb-7208-5c38-8d31-0f807fd3b2fa,completed_in_time,12.703000000000202
b2-p1-fixed-1,infra-smoke-d710eb31-6ac2-550c-bf5d-ead78b3f43b6,completed_in_time,13.07899999999995
b2-p1-fixed-1,infra-smoke-28d58b19-b05c-538f-97c4-3b3bee1b29d7,completed_in_time,12.437999999999874
b2-p1-fixed-1,infra-smoke-3936789b-5e95-5a36-abf0-b2ee85e38b22,completed_in_time,12.125
b2-p1-fixed-1,infra-smoke-8d96b4b6-a30e-5728-95ad-92e19ec9153a,completed_in_time,12.0
b2-p1-fixed-1,infra-smoke-db4f012e-5e3f-5545-bb26-8b43fa633fd4,completed_in_time,12.594000000000051
b2-p1-fixed-1,infra-smoke-bac2d895-2963-5c51-af0f-3ad33632a58a,completed_in_time,12.297000000000025
b2-p1-fixed-1,infra-smoke-15cfc0b2-6167-5b9f-9eac-6041af50cd46,completed_in_time,12.906999999999925
b2-p1-fixed-1,infra-smoke-4e5ca66d-c3fe-55c0-bd35-9862a13cdba7,completed_in_time,12.141000000000076
b2-p1-fixed-1,infra-smoke-4544712d-fd58-5a4e-89bc-20ef93414c71,completed_in_time,12.516000000000076
b2-p1-fixed-1,infra-smoke-e68653c4-513f-5c0d-b4ed-2f2a0edcf866,completed_in_time,11.8599999999999
b2-p1-fixed-1,infra-smoke-c915ff93-8859-5a95-a511-a8e57fd1bee9,completed_in_time,12.719000000000051
b2-p1-fixed-1,infra-smoke-79a6196b-a404-537e-872b-8d024a6e08c6,completed_in_time,11.5150000000001
b2-p1-fixed-1,infra-smoke-a8f35176-f94a-5138-9c48-2d9bfcd95651,completed_in_time,12.281999999999925
b2-p1-fixed-1,infra-smoke-35e33702-cfcd-50aa-9d9a-eefcbe5176b6,completed_in_time,12.390999999999849
b2-p1-fixed-1,infra-smoke-d9c3bfab-6974-5b7b-a83a-7fbbe640f907,completed_in_time,12.2349999999999
b2-p1-fixed-1,infra-smoke-61bb032b-ea95-55f2-bbe5-abd1bf96eb35,completed_in_time,13.5
b2-p1-fixed-1,infra-smoke-0e7e421a-2d4c-5c62-b96f-0f921c94b9e0,completed_in_time,13.515999999999849
b2-p1-fixed-1,infra-smoke-aaa45bff-3b6c-5fb7-bc88-1955aed31e4c,completed_in_time,14.312999999999874
b2-p1-fixed-1,infra-smoke-62f88d07-7add-5e91-a333-e908eab750ad,completed_in_time,14.280999999999949
b2-p1-fixed-1,infra-smoke-25c5f864-a62b-553e-a745-701e8ae85500,completed_in_time,13.891000000000076
b2-p1-fixed-1,infra-smoke-985590ed-da4d-5644-84a8-0308f7479695,completed_in_time,13.984000000000151
b2-p1-fixed-1,infra-smoke-27ea0b58-55b7-5b6e-94e3-7c1dc1844a25,completed_in_time,13.922000000000025
b2-p1-fixed-1,infra-smoke-a8997750-4df0-51bb-a393-b5e393047123,completed_in_time,14.0
b2-p1-fixed-1,infra-smoke-9c2c8146-bae7-572f-8980-10234e093852,completed_in_time,13.9849999999999
b2-p1-fixed-1,infra-smoke-d47fefbb-160f-5984-bf63-aebe0cfba7c8,completed_in_time,14.015999999999849
b2-p1-fixed-1,infra-smoke-addc61dc-16a4-5d2c-bc85-429a76713d81,completed_in_time,14.031000000000176
b2-p1-fixed-1,infra-smoke-1a75eda3-6daa-5af2-863f-fbe579cc8007,completed_in_time,13.718000000000075
b2-p1-fixed-1,infra-smoke-1041c538-77e4-5c57-a983-d66af571fdeb,completed_in_time,14.422000000000025
b2-p1-fixed-1,infra-smoke-5acbddfc-487c-5fa8-9c2a-a83ffd75ae97,completed_in_time,14.391000000000076
b2-p1-fixed-1,infra-smoke-c18c0a40-9868-55a8-b018-eb557eca6221,completed_in_time,14.016000000000076
b2-p1-fixed-1,infra-smoke-77b2fec7-12b0-5344-8ffd-07cac9580727,completed_in_time,14.1099999999999
b2-p1-fixed-1,infra-smoke-53939d93-32a8-5c7c-ab11-6a1f989d27d9,completed_in_time,15.327999999999975
b2-p1-fixed-1,infra-smoke-2d170926-9e51-58e3-bf9d-616e2bc84a7e,completed_in_time,14.609000000000151
b2-p1-fixed-1,infra-smoke-58e7fcfe-cb62-5cd1-b299-c716ec426e61,completed_in_time,16.077999999999975
b2-p1-fixed-1,infra-smoke-f7b6ba6f-5a48-5c93-841e-a24830737731,completed_in_time,15.530999999999949
b2-p1-fixed-1,infra-smoke-01530415-05d5-50dd-ae17-4074609c8825,completed_in_time,16.047000000000025
b2-p1-fixed-1,infra-smoke-82cc07f1-7bd6-56fa-90c6-f7f1db2de637,completed_in_time,15.344000000000051
b2-p1-fixed-1,infra-smoke-dc4636c8-0986-55ed-9293-c1004e50fb7a,completed_in_time,15.781000000000176
b2-p1-fixed-1,infra-smoke-070b375d-4257-5fa4-832e-3e884a57e777,completed_in_time,16.39099999999985
b2-p1-fixed-1,infra-smoke-13a67d4a-1258-5358-869e-e972e933b5a3,completed_in_time,14.828000000000202
b2-p1-fixed-1,infra-smoke-9078c4cf-4164-5c8f-9d24-febc3f087e74,completed_in_time,16.0
b2-p1-fixed-1,infra-smoke-55c16fad-723c-5d3d-bbf0-4abbc23734ae,completed_in_time,16.0
b2-p1-fixed-1,infra-smoke-58daae93-745c-5a2b-a82e-ee8c2bf351d1,completed_in_time,15.718999999999824
b2-p1-fixed-1,infra-smoke-658cb237-0438-536c-a1d3-6cd91d66f09a,completed_in_time,16.125
b2-p1-fixed-1,infra-smoke-ec6d6303-2e9c-5672-ba1a-683263fedc65,completed_in_time,15.530999999999949
b2-p1-fixed-1,infra-smoke-3fff8677-a25a-5bad-9152-57dbe1fe6540,completed_in_time,16.547000000000025
b2-p1-fixed-1,infra-smoke-296cfcbb-a746-5352-9b42-4807013a1292,completed_in_time,16.0
b2-p1-fixed-1,infra-smoke-034663f5-10b9-5bec-886e-06bd517b76e7,completed_in_time,15.922000000000025
b2-p1-fixed-1,infra-smoke-7776cc94-e376-5209-996b-9cdd8120272d,completed_in_time,16.10900000000015
b2-p1-fixed-1,infra-smoke-34f31c88-2905-5c71-87d6-ab651ba9d001,completed_in_time,16.90599999999995
b2-p1-fixed-1,infra-smoke-5f1ce216-ea45-5bfc-b467-5805a41973e8,completed_in_time,17.202999999999975
b2-p1-fixed-1,infra-smoke-af68af04-05aa-54c8-9515-0f301468494a,completed_in_time,17.281999999999925
b2-p1-fixed-1,infra-smoke-951056cf-649b-546c-8c55-0522910955f7,completed_in_time,17.125
b2-p1-fixed-1,infra-smoke-3d009288-4a18-5966-a278-e11e86f25983,completed_in_time,17.531000000000176
b2-p1-fixed-1,infra-smoke-377463e0-8df1-517a-aa3e-39af766da364,completed_in_time,18.077999999999975
b2-p1-fixed-1,infra-smoke-62a2a897-712a-56f3-a172-af13c01a48a8,completed_in_time,17.4849999999999
b2-p1-fixed-1,infra-smoke-b6c45bc3-f781-559e-80ae-41e13197b39c,completed_in_time,17.202999999999975
b2-p1-fixed-1,infra-smoke-9d3588b0-2115-548c-98f4-833846062dfd,completed_in_time,17.28099999999995
b2-p1-fixed-1,infra-smoke-c67551cd-14e1-55ef-a067-ddb46aab1332,completed_in_time,17.218000000000075
b2-p1-fixed-1,infra-smoke-8ca30f60-2761-5ce4-b124-c2e6e699a53d,completed_in_time,17.5
b2-p1-fixed-1,infra-smoke-392190de-6b26-5c0d-a8b7-86a11b0d75b8,completed_in_time,17.827999999999975
b2-p1-fixed-1,infra-smoke-e867f188-489f-5038-bd4a-1c0bbc3d27d5,completed_in_time,17.6099999999999
b2-p1-fixed-1,infra-smoke-8a9d3bdb-ae2d-5472-8e15-5f696af6a094,completed_in_time,17.53099999999995
b2-p1-fixed-1,infra-smoke-ffab0a01-3e68-558b-ac8c-b9e77f7d5038,completed_in_time,17.796999999999798
b2-p1-fixed-1,infra-smoke-c2c0a598-6cb1-51cd-aaed-c3d2c8875041,completed_in_time,17.625
b2-p1-fixed-1,infra-smoke-1bf8c285-6b72-5a66-8ec2-107eddd6befd,completed_in_time,18.82899999999995
b2-p1-fixed-1,infra-smoke-e2f643f8-d9ac-530c-80f7-f2454135d55e,completed_in_time,18.516000000000076
b2-p1-fixed-1,infra-smoke-6aae4ba9-9304-54c4-9d92-22b9c2def359,completed_in_time,18.327999999999975
b2-p1-fixed-1,infra-smoke-5db5073c-8479-55ec-ac9d-23ae2feff3a7,completed_in_time,18.702999999999975
b2-p1-fixed-1,infra-smoke-e823f568-872f-593d-901a-09146ded9983,completed_in_time,18.297000000000025
b2-p1-fixed-1,infra-smoke-743caa8e-7a1b-5cd3-bd4f-edb03edfa05e,completed_in_time,18.843000000000075
b2-p1-fixed-1,infra-smoke-ebba629a-39c9-5bc0-be0f-69431f471488,completed_in_time,18.78099999999995
b2-p1-fixed-1,infra-smoke-0bd2a415-3976-5083-a732-2f8d0a63850a,completed_in_time,19.062999999999874
b2-p1-fixed-1,infra-smoke-23953fac-46a9-5d44-a15e-af1c87412dad,completed_in_time,18.53099999999995
b2-p1-fixed-1,infra-smoke-750bdc21-3ab5-5eea-88f3-b936ca3ce663,completed_in_time,19.077999999999975
b2-p1-fixed-1,infra-smoke-e1ee8531-8a27-5f50-bd0a-1902ed6086f3,completed_in_time,18.8900000000001
b2-p1-fixed-1,infra-smoke-10db8d60-b04e-5af7-8364-c90f9b19f977,completed_in_time,19.28099999999995
b2-p1-fixed-1,infra-smoke-597173fb-1d53-53bb-b50a-b9dbe8335c03,completed_in_time,19.406000000000176
b2-p1-fixed-1,infra-smoke-4c90eae6-8cc8-5840-a667-1c3b34c815b0,completed_in_time,20.108999999999924
b2-p1-fixed-1,infra-smoke-0849397c-cc2a-5dd0-98ac-df6c6cfb123c,completed_in_time,19.0
b2-p1-fixed-1,infra-smoke-bf40d158-250c-514a-a581-e2f25f6bc1ec,completed_in_time,19.328000000000202
b2-p1-fixed-1,infra-smoke-de5f0c97-cbe5-5c57-b08a-9f4ca126b073,completed_in_time,19.718000000000075
b2-p1-fixed-1,infra-smoke-907070cf-c72d-5b88-81d8-21d5ae89847c,completed_in_time,20.422000000000025
b2-p1-fixed-1,infra-smoke-6f94aa91-7e4e-56e9-b5df-e9a165e80cbb,completed_in_time,21.297000000000025
b2-p1-fixed-1,infra-smoke-7d60b991-37c3-55a4-bd01-d19e0fc3c724,completed_in_time,20.437999999999874
b2-p1-fixed-1,infra-smoke-e5a3ec10-539e-5c0b-82d6-e84a2dff1260,completed_in_time,20.95399999999995
b2-p1-fixed-1,infra-smoke-5288d5e7-1e1d-57e7-83d3-95f78d2a99d6,completed_in_time,21.0150000000001
b2-p1-fixed-1,infra-smoke-5ea5af57-e184-588e-9685-26ca9c190451,completed_in_time,21.3900000000001
b2-p1-fixed-1,infra-smoke-b89aeee6-424b-5135-9787-77ec2c4aebce,completed_in_time,21.437999999999874
b2-p1-fixed-1,infra-smoke-e2ef32c2-6c5a-5021-9576-2525aa1975c6,completed_in_time,20.218000000000075
b2-p1-fixed-1,infra-smoke-eee3e029-d098-591d-b039-b6f5e2ebb923,completed_in_time,20.5
b2-p1-fixed-1,infra-smoke-447fdfaa-0332-5d5c-a6fb-e2c66996778d,completed_in_time,21.125
b2-p1-fixed-1,infra-smoke-fda84df6-18ba-5d99-9d03-8bb3d6e01a56,completed_in_time,21.21900000000005
b2-p1-fixed-1,infra-smoke-accc8f78-a580-5920-b5d3-abaf65b0bf67,completed_in_time,21.09400000000005
b2-p1-fixed-1,infra-smoke-bcd38b09-ff67-53a2-9732-4f9e4a1e8c20,completed_in_time,20.90599999999995
b2-p1-fixed-1,infra-smoke-88943e9b-04b3-576a-bb40-844ab254d981,completed_in_time,21.8900000000001
b2-p1-fixed-1,infra-smoke-a55b8fa6-a51e-513d-94e8-7b1b517be036,completed_in_time,21.2349999999999
b2-p1-fixed-1,infra-smoke-17f33147-d7bd-5c8d-ac05-66f987ac1a07,completed_in_time,21.0
b2-p1-fixed-1,infra-smoke-6a09fccd-87f2-58db-bd1c-e3399d73a54f,completed_in_time,21.531000000000176
b2-p1-fixed-1,infra-smoke-59c142de-c5d3-5396-a03b-1a8a74b2030b,completed_in_time,21.702999999999975
b2-p1-fixed-1,infra-smoke-53477104-4cc1-5f74-9f87-8bedd2873784,completed_in_time,21.702999999999975
b2-p1-fixed-1,infra-smoke-35d4b2d3-690a-56a3-a89c-b5ce3febf95f,completed_in_time,22.28099999999995
b2-p1-fixed-1,infra-smoke-751708eb-e3a1-564a-960f-de874cfb955b,completed_in_time,22.21900000000005
b2-p1-fixed-1,infra-smoke-4601c142-ee40-531d-8e17-c2ad60a1f830,completed_in_time,22.312000000000126
b2-p1-fixed-1,infra-smoke-977fe0b0-e509-54bb-a51c-0ca889e1fb9e,completed_in_time,22.6099999999999
b2-p1-fixed-1,infra-smoke-b3f3affa-2937-5ea5-9a4a-06290a2a816c,completed_in_time,22.577999999999975
b2-p1-fixed-1,infra-smoke-25203a47-69e4-576d-aa28-2a4bb61fee16,completed_in_time,22.781000000000176
b2-p1-fixed-1,infra-smoke-b65e2151-1fc8-5887-8809-82d340496ff6,completed_in_time,23.281000000000176
b2-p1-fixed-1,infra-smoke-d0a5e00a-d80c-5873-8843-4bce0cb9220d,completed_in_time,22.983999999999924
b2-p1-fixed-1,infra-smoke-cfa0c38c-b844-57e9-85fa-8fedf049090a,completed_in_time,23.297000000000025
b2-p1-fixed-1,infra-smoke-76060c88-860e-5c28-bd0a-178cf4d50e82,completed_in_time,22.858999999999924
b2-p1-fixed-1,infra-smoke-4a85a1fa-5a20-5306-a537-2a015ac9e36b,completed_in_time,24.10900000000015
b2-p1-fixed-1,infra-smoke-d31fce87-2cb5-5708-9ea1-23b6db57f199,completed_in_time,23.59400000000005
b2-p1-fixed-1,infra-smoke-61e9d80f-0229-585c-87d8-d636c60bb3ab,completed_in_time,23.20399999999995
b2-p1-fixed-1,infra-smoke-6c2cf7cd-d6c5-50d8-b085-d779bbc5422f,completed_in_time,23.297000000000025
b2-p1-fixed-1,infra-smoke-b6119b01-5f0a-5d4d-92e5-30d96813cc8c,completed_in_time,23.672000000000025
b2-p1-fixed-1,infra-smoke-620b15e6-97cc-55e8-a3d8-a2a628b647b2,completed_in_time,23.4849999999999
b2-p1-fixed-1,infra-smoke-5fc414a6-fe75-522c-a74d-5170112f1c01,completed_in_time,24.5
b2-p1-fixed-1,infra-smoke-4d96e07d-f937-5fe2-bb14-7a5a80789a0a,completed_in_time,24.172000000000025
b2-p1-fixed-1,infra-smoke-1c6ed7c3-2513-5213-a047-bf6fb5e99df3,completed_in_time,23.608999999999924
b2-p1-fixed-1,infra-smoke-ffd08a87-1450-5abb-a3ea-cae1e4536153,completed_in_time,24.0
b2-p1-fixed-1,infra-smoke-bd926c13-4b3e-5566-85d9-421785415b48,completed_in_time,24.093000000000075
b2-p1-fixed-1,infra-smoke-0ebc6d79-f437-5c87-ae9b-850b5109023c,completed_in_time,24.125
b2-p1-fixed-1,infra-smoke-37523211-c97c-5314-afcb-c37e29a82110,completed_in_time,25.187999999999874
b2-p1-fixed-1,infra-smoke-242721ab-df54-5c6c-af4b-f433301d9097,completed_in_time,24.578000000000202
b2-p1-fixed-1,infra-smoke-6c5ba679-dbe7-5624-a84e-b887c9eba8d6,completed_in_time,24.625
b2-p1-fixed-1,infra-smoke-358c778b-2f13-5b3a-87b9-71c1a95652cb,completed_in_time,24.593999999999824
b2-p1-fixed-1,infra-smoke-7850767d-23f5-5c99-bc58-53fcc664961d,completed_in_time,25.202999999999975
b2-p1-fixed-1,infra-smoke-6483b4a9-3e8f-5639-bb2e-a7221334ae51,completed_in_time,24.827999999999975
b2-p1-fixed-1,infra-smoke-e39af44d-ca74-5cb8-8eca-c36754e713bf,completed_in_time,25.2349999999999
b2-p1-fixed-1,infra-smoke-545951f3-e7fb-5551-9983-40b70645cb26,completed_in_time,25.25
b2-p1-fixed-1,infra-smoke-be057506-6542-54cb-8eaa-f75aa1a83026,completed_in_time,25.187999999999874
b2-p1-fixed-1,infra-smoke-6aa4189d-ff80-50a1-9670-20c77a85e0c8,completed_in_time,25.40599999999995
b2-p1-fixed-1,infra-smoke-16689774-c083-5758-a4c5-bbc4f57d41a6,completed_in_time,25.797000000000025
b2-p1-fixed-1,infra-smoke-d6136b25-1e50-5c40-98c1-6005a597bba7,completed_in_time,25.312000000000126
b2-p1-fixed-1,infra-smoke-ff05de23-e79d-5e9d-be8c-029b4814fd5e,completed_in_time,26.421999999999798
b2-p1-fixed-1,infra-smoke-36a2943a-ed68-581c-bbed-b0f8d289a480,completed_in_time,25.218999999999824
b2-p1-fixed-1,infra-smoke-c6e2d4e0-64ef-54c9-b845-75c02f920c5e,completed_in_time,25.093000000000075
b2-p1-fixed-1,infra-smoke-99a8a274-deae-5650-b461-981faa0d2d4f,completed_in_time,26.391000000000076
b2-p1-fixed-1,infra-smoke-36af9ad3-a81f-509a-9fb4-cfaf0ee7151a,completed_in_time,26.5
b2-p1-fixed-1,infra-smoke-846221c9-01cd-5674-b115-0d9bff52f940,completed_in_time,26.03099999999995
b2-p1-fixed-1,infra-smoke-dd80d48f-2042-57f0-a9ca-a0892cb3ca86,completed_in_time,26.422000000000025
b2-p1-fixed-1,infra-smoke-225c3c76-b3a0-54d4-92b0-af8d9ee70ea7,completed_in_time,26.48400000000015
b2-p1-fixed-1,infra-smoke-15fa1c68-9abd-554a-9a30-e35bce3c8ee2,completed_in_time,26.46900000000005
b2-p1-fixed-1,infra-smoke-217aba86-3487-50a2-9936-a7767c3ad686,completed_in_time,26.53099999999995
b2-p1-fixed-1,infra-smoke-7f09fcb7-a01a-5d56-8dd7-fef08d2650b8,completed_in_time,26.5
b2-p1-fixed-1,infra-smoke-dfafda2b-e90a-5f54-999b-8efe4ec9c059,completed_in_time,26.983999999999924
b2-p1-fixed-1,infra-smoke-4c764f74-880f-55aa-9824-7675f2ce4f76,completed_in_time,27.90599999999995
b2-p1-fixed-1,infra-smoke-54cf8e81-6a7c-5d4a-8c96-b9bea0533ad7,completed_in_time,27.0
b2-p1-fixed-1,infra-smoke-7b20c119-8b4d-582e-a5a4-42905b86dc31,completed_in_time,27.2650000000001
b2-p1-fixed-1,infra-smoke-6567c99d-2933-5e2c-aaa7-5f8deb0dc557,completed_in_time,27.51599999999985
b2-p1-fixed-1,infra-smoke-311c1957-3d3b-58aa-8698-66ec254cd4b6,completed_in_time,27.406000000000176
b2-p1-fixed-1,infra-smoke-0f0f3490-97fd-5d8b-b866-2f164098a4c2,completed_in_time,27.313000000000102
b2-p1-fixed-1,infra-smoke-1e5fe210-a407-5f2d-a4bd-3669e21a61c7,completed_in_time,28.21900000000005
b2-p1-fixed-1,infra-smoke-4682f1b8-f4b1-5f6f-9f2c-71a4b245520b,completed_in_time,28.172000000000025
b2-p1-fixed-1,infra-smoke-93b39ab2-9195-559f-b29f-16c8aa1df307,completed_in_time,27.813000000000102
b2-p1-fixed-1,infra-smoke-a1812ef0-53ba-5f62-a691-387b7f1c0d49,completed_in_time,28.906999999999925
b2-p1-fixed-1,infra-smoke-56368036-dc32-5b9f-ae55-7cef96903d60,completed_in_time,28.391000000000076
b2-p1-fixed-1,infra-smoke-31251f45-de66-5c74-ac2e-0b5d4a1ae288,completed_in_time,28.516000000000076
b2-p1-fixed-1,infra-smoke-b086a0d6-01a4-590b-a4fe-b9d5620e1313,completed_in_time,28.686999999999898
b2-p1-fixed-1,infra-smoke-7a760a97-6350-5197-9c4f-f023cec79979,completed_in_time,28.9849999999999
b2-p1-fixed-1,infra-smoke-b70a490e-da94-5f12-b59f-5c1693a5ea0d,completed_in_time,28.312999999999874
b2-p1-fixed-1,infra-smoke-a6e2fa30-2add-59b0-9413-99b22c1f989f,completed_in_time,28.797000000000025
b2-p1-fixed-1,infra-smoke-03b4ba4f-d9cc-59b3-8a55-059db7f89d94,completed_in_time,29.23400000000015
b2-p1-fixed-1,infra-smoke-7b1326eb-1ca7-5bea-8f1c-e67ebf0eb460,completed_in_time,29.077999999999975
b2-p1-fixed-1,infra-smoke-5beaf239-bac9-5401-8926-4c95ef204360,completed_in_time,29.1400000000001
b2-p1-fixed-1,infra-smoke-2a049d41-dbcf-5e91-b77a-3cf8aa0baf6e,completed_in_time,29.40599999999995
b2-p1-fixed-1,infra-smoke-34cd44b8-c8b9-5dcf-81ad-9ca09acdd0c4,completed_in_time,28.78099999999995
b2-p1-fixed-1,infra-smoke-796d987c-5a0b-5afb-8660-7532332de596,completed_in_time,28.921999999999798
b2-p1-fixed-1,infra-smoke-0f299e6a-c937-5729-b545-fa8b5892c79f,completed_in_time,29.796999999999798
b2-p1-fixed-1,infra-smoke-35df1555-f533-52a7-a140-41fdd3d9dfe9,completed_in_time,29.702999999999975
b2-p1-fixed-1,infra-smoke-be639ee7-e10a-5799-bf23-b6c2e648c30c,completed_in_time,29.781999999999925
b2-p1-fixed-1,infra-smoke-4ecdad66-e4be-590b-b5ba-a5a5b42d739d,completed_in_time,29.702999999999975
b2-p1-fixed-1,infra-smoke-fa043fee-132c-5e3f-bdaa-7fef1154f289,completed_in_time,29.797000000000025
b2-p1-fixed-1,infra-smoke-520fda9a-22b9-5cfd-b6e3-76c7b85df6e3,completed_in_time,29.733999999999924
b2-p1-fixed-1,infra-smoke-c95e1eb2-c532-5dd5-9e98-b62b08ea22e3,completed_in_time,29.766000000000076
b2-p1-fixed-1,infra-smoke-979f2475-b4e3-55e5-8fd7-6af27f1803b7,completed_in_time,31.812000000000126
b2-p1-fixed-1,infra-smoke-c2143438-908c-5a1e-b57d-1221ab6d911d,completed_in_time,30.702999999999975
b2-p1-fixed-1,infra-smoke-f0d66dc2-5e6b-5f09-8a31-28017e18a07d,completed_in_time,32.29600000000005
b2-p1-fixed-1,infra-smoke-901570cb-be6b-5d29-8a1f-953c330e5ea8,completed_in_time,31.5
b2-p1-fixed-1,infra-smoke-e6c9dfb3-3ce5-53c2-9c14-a129dd07d2d2,completed_in_time,30.9849999999999
b2-p1-fixed-1,infra-smoke-50c094c1-0a2f-57fa-b43f-15642ca493d5,completed_in_time,31.60900000000015
b2-p1-fixed-1,infra-smoke-e361d547-a082-51b5-a6ce-69e61a3ba7ca,completed_in_time,31.40599999999995
b2-p1-fixed-1,infra-smoke-e96a049c-28f2-5252-a7d9-125ea153f2c6,completed_in_time,31.577999999999975
b2-p1-fixed-1,infra-smoke-34726690-8ff5-5932-acd2-b139f006f26c,completed_in_time,30.922000000000025
b2-p1-fixed-1,infra-smoke-13226936-4e58-51ee-81df-3fcef10e604e,completed_in_time,30.593999999999824
b2-p1-fixed-1,infra-smoke-d59b9e95-a03c-5a5a-90e8-602ec57f7c3e,completed_in_time,31.46900000000005
b2-p1-fixed-1,infra-smoke-3836cb72-ffcf-59db-91b3-e97fff835a4c,completed_in_time,30.516000000000076
b2-p1-fixed-1,infra-smoke-d3a39aa8-c7f6-5a42-9bc1-4188ad02d322,completed_in_time,30.797000000000025
b2-p1-fixed-1,infra-smoke-247d028f-a07d-5e18-847d-ee347546b716,completed_in_time,30.34400000000005
b2-p1-fixed-1,infra-smoke-e3f424ad-504f-50c4-8587-73fd842bf4f3,completed_in_time,30.311999999999898
b2-p1-fixed-1,infra-smoke-119716bc-5944-5250-80f5-13d8ad5aa400,completed_in_time,30.702999999999975
b2-p1-fixed-1,infra-smoke-b9d8471f-5ed5-5230-bcf5-80c563be6d9e,completed_in_time,32.125
b2-p1-fixed-1,infra-smoke-796105c5-72f4-59ae-b7f9-f6a9b67d2f85,completed_in_time,31.78099999999995
b2-p1-fixed-1,infra-smoke-3a2b037f-458c-5459-9b8c-58af161aad36,completed_in_time,32.875
b2-p1-fixed-1,infra-smoke-9d8c4944-1886-5fe6-b421-4ffd69c4ff67,completed_in_time,32.312000000000126
b2-p1-fixed-1,infra-smoke-a223e18e-6fdb-5fdb-bcbf-e8b8eeffea49,completed_in_time,31.78099999999995
b2-p1-fixed-1,infra-smoke-d36a1239-26ec-57a3-9ad8-b7a4466b5a09,completed_in_time,32.187999999999874
b2-p1-fixed-1,infra-smoke-da3f7898-147b-5812-a74c-2d65096ab2d8,completed_in_time,32.702999999999975
b2-p1-fixed-1,infra-smoke-0991271e-8643-5ec4-aa30-8db56d01bd92,completed_in_time,32.687000000000126
b2-p1-fixed-1,infra-smoke-da7953b8-e9f7-5c7b-a9c5-d290508748b6,completed_in_time,33.1099999999999
b2-p1-fixed-1,infra-smoke-b3e1019c-2451-54cc-a3e3-210f233083df,completed_in_time,32.797000000000025
b2-p1-fixed-1,infra-smoke-f1041531-3bfa-5314-b6ee-2c92d4a8049a,completed_in_time,32.125
b2-p1-fixed-1,infra-smoke-d75c8c50-9303-52ab-aa05-997d778fff11,completed_in_time,33.202999999999975
b2-p1-fixed-1,infra-smoke-803ee682-c8bb-5809-83db-fdea45fd2011,completed_in_time,32.108999999999924
b2-p1-fixed-1,infra-smoke-64d14059-8796-512b-89f5-1efa406d3829,completed_in_time,32.797000000000025
b2-p1-fixed-1,infra-smoke-5f65fc76-eeff-5747-a45a-b6bcc8a6ed81,completed_in_time,32.672000000000025
b2-p1-fixed-1,infra-smoke-5af44d8b-4c91-55d6-a482-20480d6bf1e2,completed_in_time,33.2030000000002
b2-p1-fixed-1,infra-smoke-2adb2f2c-a091-5290-a37f-74c1b202059f,completed_in_time,34.266000000000076
b2-p1-fixed-1,infra-smoke-d82aecb9-5464-52b0-af9f-a44c0caeba8e,completed_in_time,34.2030000000002
b2-p1-fixed-1,infra-smoke-75a42c2c-ceab-57c1-9ac6-776e438d1549,completed_in_time,33.78099999999995
b2-p1-fixed-1,infra-smoke-6ede819c-003a-5acd-b6c3-5f504d3c4bee,completed_in_time,33.40599999999995
b2-p1-fixed-1,infra-smoke-15f4da6a-bb03-5e53-b745-f4c36b805e81,completed_in_time,34.70399999999995
b2-p1-fixed-1,infra-smoke-09b0bcae-c771-585a-b6b4-f0bbe5c3b33a,completed_in_time,35.21900000000005
b2-p1-fixed-1,infra-smoke-ce4fb9b1-8134-5128-8343-25094d8e8e53,completed_in_time,34.406999999999925
b2-p1-fixed-1,infra-smoke-57824e4c-9957-58bb-8b55-4b4c0a424697,completed_in_time,34.718999999999824
b2-p1-fixed-1,infra-smoke-46a1c13f-1829-5164-b85d-fac5f9bdd9fd,completed_in_time,33.125
b2-p1-fixed-1,infra-smoke-4857a05e-4bfe-5e5d-8505-2463fca89fd1,completed_in_time,34.1099999999999
b2-p1-fixed-1,infra-smoke-644fd4bc-5196-57ee-bcde-a26b5d4d161a,completed_in_time,34.093000000000075
b2-p1-fixed-1,infra-smoke-20b2a67e-6ce5-5455-9a01-4c860d99f200,completed_in_time,34.093999999999824
b2-p1-fixed-1,infra-smoke-0d57ef72-2349-5bfa-938c-6e8250cf3636,completed_in_time,34.5
b2-p1-fixed-1,infra-smoke-025835b9-ea18-5dda-9398-a164bc084cb0,completed_in_time,35.23400000000015
b2-p1-fixed-1,infra-smoke-f4d41c6a-de67-5eb7-be85-2262070c58c7,completed_in_time,35.5150000000001
b2-p1-fixed-1,infra-smoke-ee0f04d3-a4da-5cc0-9b98-77b51b235a12,completed_in_time,35.0
b2-p1-fixed-1,infra-smoke-d661d15e-2013-5563-a235-2df5c0736543,completed_in_time,35.593999999999824
b2-p1-fixed-1,infra-smoke-e6bebfb5-4703-545f-bb2f-0617cf1628f9,completed_in_time,35.125
b2-p1-fixed-1,infra-smoke-1c20bcd4-e653-5ea5-8560-79425999bc2c,completed_in_time,35.71900000000005
b2-p1-fixed-1,infra-smoke-9ff64fd4-c00c-5a5f-ac84-61b4307a655a,completed_in_time,35.468000000000075
b2-p1-fixed-1,infra-smoke-37853b82-548d-53ec-9ad3-3dc719fa10fe,completed_in_time,36.01599999999985
b2-p1-fixed-1,infra-smoke-604059f7-2b5a-5de7-b86c-cbd2b89e4b0f,completed_in_time,36.3599999999999
b2-p1-fixed-1,infra-smoke-2ad3eacf-2fe4-55d9-95cc-e3f411a736d6,completed_in_time,36.452999999999975
b2-p1-fixed-1,infra-smoke-8891b8b5-769c-5843-97aa-b91636944a89,completed_in_time,36.187999999999874
b2-p1-fixed-1,infra-smoke-4e25fd5b-95fd-509f-94fd-5e69a71d8154,completed_in_time,36.312999999999874
b2-p1-fixed-1,infra-smoke-6acef44d-b6f3-5673-aac5-f6699b8034e1,completed_in_time,36.35900000000015
b2-p1-fixed-1,infra-smoke-4f1e90a6-1051-5d9a-89dd-dee75ecc837c,completed_in_time,36.781000000000176
b2-p1-fixed-1,infra-smoke-9df47457-1e42-5b76-8550-53223414d2e8,completed_in_time,36.312000000000126
b2-p1-fixed-1,infra-smoke-c84dfe25-3c3a-571b-9567-32a18169ad46,completed_in_time,36.8119999999999
b2-p1-fixed-1,infra-smoke-c5a729f1-9d20-5a37-b0fa-5dea32490a45,completed_in_time,36.6099999999999
b2-p1-fixed-1,infra-smoke-4f00cbf2-e909-5c76-a608-eeaacc527e7f,completed_in_time,36.312000000000126
b2-p1-fixed-1,infra-smoke-41a200ef-51c4-5e19-a23b-7de618e7617d,completed_in_time,36.5
b2-p1-fixed-1,infra-smoke-aeee59c5-c01e-5f73-8c3b-f98e80095491,completed_in_time,36.812000000000126
b2-p1-fixed-1,infra-smoke-5bd582ce-87f7-56fb-b86c-68021ca399cb,completed_in_time,37.593999999999824
b2-p1-fixed-1,infra-smoke-c5ee0c60-9850-5ea7-8330-fe563c7c09fc,completed_in_time,36.875
b2-p1-fixed-1,infra-smoke-8e078175-01fe-574a-a8cb-785c831ee649,completed_in_time,37.0
b2-p1-fixed-1,infra-smoke-38494f29-585b-54d2-bcac-e5217ca5ec42,completed_in_time,37.202999999999975
b2-p1-fixed-1,infra-smoke-c4c4fdef-c6f6-5685-9aa5-c2088b57c59e,completed_in_time,37.10900000000015
b2-p1-fixed-1,infra-smoke-c1f599ba-9a6b-5db1-ace6-36dd11ed16f9,completed_in_time,37.358999999999924
b2-p1-fixed-1,infra-smoke-2e56c0bc-d324-54a5-b484-cc5a625cadb3,completed_in_time,37.422000000000025
b2-p1-fixed-1,infra-smoke-9f1d09be-152c-5a6a-9b21-1136960685f1,completed_in_time,37.59400000000005
b2-p1-fixed-1,infra-smoke-b599eaff-747d-52db-844e-ccee9a560b83,completed_in_time,37.437999999999874
b2-p1-fixed-1,infra-smoke-8c655ade-a522-5d5a-8d67-0d599cbd64f1,completed_in_time,38.32899999999995
b2-p1-fixed-1,infra-smoke-1b608bfb-d6b9-5493-b734-6395bc3670b0,completed_in_time,38.28099999999995
b2-p1-fixed-1,infra-smoke-4a757169-a581-5eb3-9fd7-5c7bbf77b5f9,completed_in_time,38.71900000000005
b2-p1-fixed-1,infra-smoke-70649310-7868-5662-8058-b0126c824ef8,completed_in_time,38.281000000000176
b2-p1-fixed-1,infra-smoke-b6278f88-686b-5c22-b5cf-fbca2d05aaf2,completed_in_time,37.406999999999925
b2-p1-fixed-1,infra-smoke-2a0da794-782f-53f9-924a-d159742954ce,completed_in_time,38.687999999999874
b2-p1-fixed-1,infra-smoke-0a659bd4-b1c2-5664-890c-9da584e79b07,completed_in_time,39.031999999999925
b2-p1-fixed-1,infra-smoke-0f788ccd-ef8b-5a63-be70-6a3c4184a7dc,completed_in_time,39.125
b2-p1-fixed-1,infra-smoke-e866789e-a767-59f9-ae50-32ebdf27a4ca,completed_in_time,38.1099999999999
b2-p1-fixed-1,infra-smoke-35499b9d-1dfb-50ef-ad00-d7e591589ade,completed_in_time,38.6099999999999
b2-p1-fixed-1,infra-smoke-1531baf5-c324-52cf-a642-dd8697fe0e75,completed_in_time,39.672000000000025
b2-p1-fixed-1,infra-smoke-0c9f6c89-ac05-592b-91d7-1f51aac38227,completed_in_time,39.39099999999985
b2-p1-fixed-1,infra-smoke-2328a285-01f5-53d9-bd04-e38b0ad9baf2,completed_in_time,38.89099999999985
b2-p1-fixed-1,infra-smoke-6bfb4742-e623-5e1f-973c-cd3503fb4599,completed_in_time,38.827999999999975
b2-p1-fixed-1,infra-smoke-eb69b6aa-eb72-58f4-a2a2-04daf0173327,completed_in_time,39.21900000000005
b2-p1-fixed-1,infra-smoke-3c367cb6-5f1b-560b-a2bd-6ea8e8602c0e,completed_in_time,39.297000000000025
b2-p1-fixed-1,infra-smoke-90cb07a6-556d-5298-aa75-2db426cb780a,completed_in_time,39.9849999999999
b2-p1-fixed-1,infra-smoke-9f1d0d6d-03b5-525a-8779-68358ba7b4b4,completed_in_time,40.03099999999995
b2-p1-fixed-1,infra-smoke-768d4bf0-999e-5988-b1f4-05260f02b81f,completed_in_time,40.09400000000005
b2-p1-fixed-1,infra-smoke-092cebff-4448-5629-ae1f-f7b3fe662a52,completed_in_time,39.672000000000025
b2-p1-fixed-1,infra-smoke-0f955712-e96d-54ef-9c8d-1ba87697fd7f,completed_in_time,39.8900000000001
b2-p1-fixed-1,infra-smoke-8f1ed06a-41f3-520c-94bd-94e1f5f6cb26,completed_in_time,39.202999999999975
b2-p1-fixed-1,infra-smoke-8e5203ee-48d4-51d7-88d4-4795dd63e3f8,completed_in_time,40.077999999999975
b2-p1-fixed-1,infra-smoke-100daf23-9801-5665-8664-cac77ae1b26f,completed_in_time,39.422000000000025
b2-p1-fixed-1,infra-smoke-4162f571-ad73-56f0-99a6-5e8d5c3e9c32,completed_in_time,39.375
b2-p1-fixed-1,infra-smoke-3c5131c5-59e6-59c9-9832-8810f38eb773,completed_in_time,40.516000000000076
b2-p1-fixed-1,infra-smoke-a32fec76-63df-50cc-9681-3b3a8b431c09,completed_in_time,39.90599999999995
b2-p1-fixed-1,infra-smoke-7221ae5a-fbd7-5b31-af21-5f3871d88a39,completed_in_time,40.2969999999998
b2-p1-fixed-1,infra-smoke-9a8bd2d4-1909-54e7-a8f2-1949403b907e,completed_in_time,40.28099999999995
b2-p1-fixed-1,infra-smoke-9c24c56e-aa45-5dfb-8550-6d6fcdc7bbf5,completed_in_time,40.21900000000005
b2-p1-fixed-1,infra-smoke-acb2fd7b-6783-53ac-8a03-88e3d57b8d82,completed_in_time,40.28099999999995
b2-p1-fixed-1,infra-smoke-e54ad64e-9b61-5ebb-af9c-9e30fb4938ce,completed_in_time,40.10900000000015
b2-p1-fixed-1,infra-smoke-6252ae37-28f0-59e7-8fb2-747df19bd8fb,completed_in_time,40.375
b2-p1-fixed-1,infra-smoke-c2f3ad3e-fa16-5319-b4ad-13c451d9345d,completed_in_time,40.21900000000005
b2-p1-fixed-1,infra-smoke-4409aad9-3146-59e7-849a-361bbb9194cc,completed_in_time,40.593999999999824
b2-p1-fixed-1,infra-smoke-86a1bf98-b45e-5a33-852a-695d5c76ace5,completed_in_time,40.187999999999874
b2-p1-fixed-1,infra-smoke-a6075b80-87b1-59d6-8171-16b3522de863,completed_in_time,40.687999999999874
b2-p1-fixed-1,infra-smoke-59ebca73-d341-566a-9405-00cacfb5043a,completed_in_time,40.76499999999987
b2-p1-fixed-1,infra-smoke-6cdbedda-bb92-5302-a391-9cfc612dee3d,completed_in_time,40.577999999999975
b2-p1-fixed-1,infra-smoke-8adb5ab9-c77e-5032-ae89-301a82860cbb,completed_in_time,40.827999999999975
b2-p1-fixed-1,infra-smoke-acefff10-143f-51a9-af81-373fc93ec76a,completed_in_time,41.01599999999985
b2-p1-fixed-1,infra-smoke-1909a194-5e20-5e73-82ca-8991add35c3d,completed_in_time,40.812999999999874
b2-p1-fixed-1,infra-smoke-b2ae53e2-0530-5b42-a5aa-c22ba842e8ad,completed_in_time,41.01499999999987
b2-p1-fixed-1,infra-smoke-0d174fdb-fa3c-5a81-8f11-03de04a93afa,completed_in_time,41.187999999999874
b2-p1-fixed-1,infra-smoke-a5ecca55-3d1b-5e13-8040-999ba196257e,completed_in_time,41.4219999999998
b2-p1-fixed-1,infra-smoke-09cd3e65-f91d-5bac-9a1e-006737b56b47,completed_in_time,40.906999999999925
b2-p1-fixed-1,infra-smoke-6642238f-4ea8-51d1-ac76-96b9fea878ac,completed_in_time,40.937999999999874
b2-p1-fixed-1,infra-smoke-2f073a0c-34e4-590f-819f-bd1434e16d77,completed_in_time,41.375
b2-p1-fixed-1,infra-smoke-3d02331c-2663-5750-9b3d-ea84cd472fce,completed_in_time,41.01499999999987
b2-p1-fixed-1,infra-smoke-d6a059c5-765d-54d3-a1be-8f7ca8d34017,completed_in_time,41.28099999999995
b2-p1-fixed-1,infra-smoke-640e86df-6710-5e69-94d7-f62e4ff53948,completed_in_time,42.031999999999925
b2-p1-fixed-1,infra-smoke-6fe5cafc-0432-54df-8406-47c4871fe918,completed_in_time,40.827999999999975
b2-p1-fixed-1,infra-smoke-714fe423-ca30-5c58-a3f4-9233a53a970a,completed_in_time,41.577999999999975
b2-p1-fixed-1,infra-smoke-e8a00697-ed9d-5542-bfb2-432561b53c1c,completed_in_time,41.28099999999995
b2-p1-fixed-1,infra-smoke-18495a5f-dffa-56a4-a170-238b49062319,completed_in_time,41.5619999999999
b2-p1-fixed-1,infra-smoke-f4e693b0-54b5-5d35-8e95-86b8297cae2c,completed_in_time,41.608999999999924
b2-p1-fixed-1,infra-smoke-95514840-67dd-52a9-b9f6-018ba1783d0c,completed_in_time,42.077999999999975
b2-p1-fixed-1,infra-smoke-7d3eddd4-2a42-5d82-969a-e997e119660d,completed_in_time,41.6869999999999
b2-p1-fixed-1,infra-smoke-8086127f-7f1d-5cc1-870a-bd8a47390d34,completed_in_time,41.88999999999987
b2-p1-fixed-1,infra-smoke-eb59f2a0-efed-57b9-b76c-b4db4fc27982,completed_in_time,41.7969999999998
b2-p1-fixed-1,infra-smoke-4df14f6c-aa6d-519f-9678-baecd6177893,completed_in_time,41.78099999999995
b2-p1-fixed-1,infra-smoke-e60f1c02-c8aa-5777-a9d6-c7a31ea0e6a0,completed_in_time,41.88999999999987
b2-p1-fixed-1,infra-smoke-89d7b99b-1e9a-57a4-ae91-8fffadce30e6,completed_in_time,41.718999999999824
b2-p1-fixed-1,infra-smoke-c93860d5-8116-5c45-a292-08cf0aa7e567,completed_in_time,41.8119999999999
b2-p1-fixed-1,infra-smoke-7d85ec69-9e66-546a-bf92-b9d9bd7e3549,completed_in_time,42.483999999999924
b2-p1-fixed-1,infra-smoke-ad6ff86d-76e9-51bd-a91a-36b2cb1f6919,completed_in_time,42.062999999999874
b2-p1-fixed-1,infra-smoke-6115e55b-e920-56ef-b044-ce1e8666e56e,completed_in_time,41.702999999999975
b2-p1-fixed-1,infra-smoke-3120d801-3eb8-5335-b7ff-df8d4255ca2f,completed_in_time,41.39099999999985
b2-p1-fixed-1,infra-smoke-d40c0d85-a466-50a3-b03b-949ef581b9ff,completed_in_time,41.983999999999924
b2-p1-fixed-1,infra-smoke-7dffa69a-dc81-5758-a244-ac1ddf8faa82,completed_in_time,41.76599999999985
b2-p1-fixed-1,infra-smoke-4e5d6fb9-4ff9-534c-bf4f-6d8ce648560c,completed_in_time,41.983999999999924
b2-p1-fixed-1,infra-smoke-536f2587-4f63-57b4-bba3-8c4d437acffb,completed_in_time,42.13999999999987
b2-p1-fixed-1,infra-smoke-af619706-79f9-580a-9756-af4ec8c810fc,completed_in_time,42.312999999999874
b2-p1-fixed-1,infra-smoke-3557a53a-65e3-54b2-b322-a897ba17c5de,completed_in_time,42.20399999999995
b2-p1-fixed-1,infra-smoke-af270716-86e4-59ef-9a70-995d4ba0f201,completed_in_time,42.49999999999977
b2-p1-fixed-1,infra-smoke-2cded73b-2926-50b5-9f6a-125592451226,completed_in_time,42.37499999999977
b2-p1-fixed-1,infra-smoke-601e9d77-f255-59f8-adf5-f9ed06539a2d,completed_in_time,42.483999999999924
b2-p1-fixed-1,infra-smoke-bdac6aea-758e-59f4-8a30-57e15385f9fb,completed_in_time,42.21799999999985
b2-p1-fixed-1,infra-smoke-900ee36d-f12e-5771-a93b-553f0beeacce,completed_in_time,42.6099999999999
b2-p1-fixed-1,infra-smoke-0f24453c-3a6d-51c8-b378-6a9b0892b9ad,completed_in_time,42.53099999999995
b2-p1-fixed-1,infra-smoke-340f0960-472d-5cd2-a85f-e28e34bf717e,completed_in_time,42.4219999999998
b2-p1-fixed-1,infra-smoke-fa0c21fd-0db7-5ff0-a58a-dc653fea1586,completed_in_time,42.59400000000005
b2-p1-fixed-1,infra-smoke-285f5006-4ddf-567b-a665-d262a7fb767a,completed_in_time,43.016000000000076
b2-p1-fixed-1,infra-smoke-49cf8077-b374-5581-b3d2-9f111aa2703d,completed_in_time,42.49999999999977
b2-p1-fixed-1,infra-smoke-f12bf75f-b105-5f38-a982-9240fefef826,completed_in_time,42.6869999999999
b2-p1-fixed-1,infra-smoke-fe5c0e39-b66b-5b77-91e4-f9eba6076275,completed_in_time,42.625
b2-p1-fixed-1,infra-smoke-a97a0720-b7b6-5009-b6d9-887fc52e616d,completed_in_time,42.90599999999995
b2-p1-fixed-1,infra-smoke-c48ed426-332f-5012-87f2-a19cae96889d,completed_in_time,43.281999999999925
b2-p1-fixed-1,infra-smoke-97bbed02-1118-5175-9590-34ad03f15ad5,completed_in_time,42.781999999999925
b2-p1-fixed-1,infra-smoke-7944df4d-832a-52b5-ace0-b4502e49f867,completed_in_time,42.9219999999998
b2-p1-fixed-1,infra-smoke-597ae903-fe40-545f-9fb4-beb24c7f7ede,completed_in_time,42.53099999999995
b2-p1-fixed-1,infra-smoke-30eccdae-f753-5e6a-ad07-e906557597a7,completed_in_time,43.202999999999975
b2-p1-fixed-1,infra-smoke-7203f12c-2298-5598-8762-e360fbe4ad96,completed_in_time,43.40599999999995
b2-p1-fixed-1,infra-smoke-9027e86e-feaf-55dd-b82c-44ee8f374099,completed_in_time,42.88999999999987
b2-p1-fixed-1,infra-smoke-d3494c01-bcf8-583a-83ef-e922b658c02c,completed_in_time,43.20299999999975
b2-p1-fixed-1,infra-smoke-9f8f0e7b-9518-510b-a60a-05713d4820cb,completed_in_time,43.422000000000025
b2-p1-fixed-1,infra-smoke-5e968f70-6ea1-5705-8eff-c56e7a223642,completed_in_time,43.28099999999995
b2-p1-fixed-1,infra-smoke-bee56432-8e68-545b-89ef-bc1e191ff357,completed_in_time,43.047000000000025
b2-p1-fixed-1,infra-smoke-93a25e44-459f-5571-b5cb-0323a36132a8,completed_in_time,43.281999999999925
b2-p1-fixed-1,infra-smoke-8383c6f9-b1dc-5f97-a360-0755a51b10d7,completed_in_time,43.687999999999874
b2-p1-fixed-1,infra-smoke-c0714dab-bb61-55e0-a12a-f3ce08ae6c94,completed_in_time,43.5
b2-p1-fixed-1,infra-smoke-28460b2a-6bd2-582a-9277-89e4cce82eda,completed_in_time,43.7969999999998
b2-p1-fixed-1,infra-smoke-d3349868-750b-5ffe-ab3d-46ae37dd5d31,completed_in_time,43.906999999999925
b2-p1-fixed-1,infra-smoke-39c4be8e-1d98-5853-8706-fdb7d38d41cd,completed_in_time,44.1869999999999
b2-p1-fixed-1,infra-smoke-173e9782-7b5d-5500-8183-102bea5add85,completed_in_time,43.422000000000025
b2-p1-fixed-1,infra-smoke-93051031-e08b-5d16-b18f-b05784ade15d,completed_in_time,43.59400000000005
b2-p1-fixed-1,infra-smoke-677b147b-bd55-5c98-8976-d0fe78537c7f,completed_in_time,43.8119999999999
b2-p1-fixed-1,infra-smoke-54ac1ee1-1a19-5998-a50b-53fee12974a8,completed_in_time,43.63999999999987
b2-p1-fixed-1,infra-smoke-407b4255-af0f-5e7a-819e-b8515d5702b7,completed_in_time,43.577999999999975
b2-p1-fixed-1,infra-smoke-f7a8bb99-cc61-5f40-9048-55427cd9ca76,completed_in_time,43.79599999999982
b2-p1-fixed-1,infra-smoke-b38f2889-3445-5859-9b36-9fb9db14a77b,completed_in_time,43.6869999999999
b2-p1-fixed-1,infra-smoke-da21a823-9d21-55bf-81b3-f6978d56957a,completed_in_time,44.1869999999999
b2-p1-fixed-1,infra-smoke-f99a5510-ad59-5a9c-be6e-c177c96ae83c,completed_in_time,44.59299999999985
b2-p1-fixed-1,infra-smoke-818d0de5-0d10-56fe-bdaf-cdc5ff4573c6,completed_in_time,44.09400000000005
b2-p1-fixed-1,infra-smoke-7390f878-fe27-552d-ba97-1f66d0e57dd2,completed_in_time,44.1880000000001
b2-p1-fixed-1,infra-smoke-ca4c5cda-50bb-5203-8ca6-4c09393b3620,completed_in_time,43.8119999999999
b2-p1-fixed-1,infra-smoke-76e6b7a6-f63f-53b0-9b5d-2554deeef112,completed_in_time,44.87499999999977
b2-p1-fixed-1,infra-smoke-ab2774d2-90b3-5b96-94df-3d4a25d39f0c,completed_in_time,44.468999999999824
b2-p1-fixed-1,infra-smoke-52cec26d-71b2-50bf-9fae-83dfb4fdb32f,completed_in_time,44.531999999999925
b2-p1-fixed-1,infra-smoke-d021bd79-d44b-5179-8a83-8f41e456d5b6,completed_in_time,44.577999999999975
b2-p1-fixed-1,infra-smoke-ea2a1028-f73d-5955-9863-22640a4c034c,completed_in_time,44.8119999999999
b2-p1-fixed-1,infra-smoke-d58232fe-fc3e-5e41-9612-23ac8d7fc5c8,completed_in_time,44.6099999999999
b2-p1-fixed-1,infra-smoke-c71020e7-853d-527e-be16-64b67078e710,completed_in_time,44.2349999999999
b2-p1-fixed-1,infra-smoke-f26de28a-6689-59be-b08b-a7951a286313,completed_in_time,44.608999999999924
b2-p1-fixed-1,infra-smoke-787cea0c-80e7-5f9f-830d-7cd178184da4,completed_in_time,44.57799999999975
b2-p1-fixed-1,infra-smoke-6032b78b-7446-5205-9c92-afc97aebd3bd,completed_in_time,44.406999999999925
b2-p1-fixed-1,infra-smoke-c64648fe-5411-54f7-8d0c-bb02170769b4,completed_in_time,44.891000000000076
b2-p1-fixed-1,infra-smoke-cfd4c823-92c5-52bc-bc18-6ebef2bdbcff,completed_in_time,44.88999999999987
b2-p1-fixed-1,infra-smoke-b379f156-935a-526e-9d57-58f253b46ef1,completed_in_time,44.62499999999977
b2-p1-fixed-1,infra-smoke-5db8d082-e544-52bc-ac64-f4956b659287,completed_in_time,44.891000000000076
b2-p1-fixed-1,infra-smoke-a4fe4ecb-fe77-507c-a267-8512ea8ed6eb,completed_in_time,44.702999999999975
b2-p1-fixed-1,infra-smoke-69d68408-51d1-58ca-a231-17530edefdc8,completed_in_time,44.6099999999999
b2-p1-fixed-1,infra-smoke-0d65c59b-976c-5074-bce4-8932db34280e,completed_in_time,44.9849999999999
b2-p1-fixed-1,infra-smoke-66531945-486c-592b-8ce4-517a0723079a,completed_in_time,45.125
b2-p1-fixed-1,infra-smoke-ca3ca1f2-8c6d-50db-ad56-524aa1f14b01,completed_in_time,45.21900000000005
b2-p1-fixed-1,infra-smoke-795e4f5b-5574-5a34-9cc4-bd59516cc00c,completed_in_time,44.702999999999975
b2-p1-fixed-1,infra-smoke-3d957315-5f43-58ca-8673-ba9ee93eb3b0,completed_in_time,45.327999999999975
b2-p1-fixed-1,infra-smoke-c42558a3-5a54-5176-864d-6ef51d33fb18,completed_in_time,44.672000000000025
b2-p1-fixed-1,infra-smoke-6b3843a4-5b91-56c9-ba58-c37c40770b8d,completed_in_time,44.9380000000001
b2-p1-fixed-1,infra-smoke-e94fc140-6bb1-5d6b-9fb3-01bbcea18320,completed_in_time,45.40599999999995
b2-p1-fixed-1,infra-smoke-118cccc7-874e-5d90-b4f7-e73000b65c0d,completed_in_time,45.2969999999998
b2-p1-fixed-1,infra-smoke-382d7a8a-5fae-5813-b2b8-5ad45e05c27e,completed_in_time,45.4849999999999
b2-p1-fixed-1,infra-smoke-b3ade55c-10f4-5a20-826a-e697d114240a,completed_in_time,45.49999999999977
b2-p1-fixed-1,infra-smoke-94dc9043-7ca4-5767-a842-240f00706599,completed_in_time,45.4369999999999
b2-p1-fixed-1,infra-smoke-5047c03d-7ae6-5dfb-8761-9b3745cbc6ea,completed_in_time,45.9369999999999
b2-p1-fixed-1,infra-smoke-dea7ff5a-f40c-5a71-9570-59025f17a12c,completed_in_time,45.702999999999975
b2-p1-fixed-1,infra-smoke-65973168-33f4-5626-8cb9-aad4cee5177e,completed_in_time,45.53099999999995
b2-p1-fixed-1,infra-smoke-d2a77c84-c16b-5264-9a44-1d15e4b981d8,completed_in_time,46.09299999999985
b2-p1-fixed-1,infra-smoke-55426901-11af-5bce-a91d-f787209b0c69,completed_in_time,45.46900000000005
b2-p1-fixed-1,infra-smoke-14001932-9f90-5f95-81c6-d46d27ac7297,completed_in_time,45.09400000000005
b2-p1-fixed-1,infra-smoke-53333ed1-b358-5ca8-96da-08a8e8ba2ec7,completed_in_time,45.87499999999977
b2-p1-fixed-1,infra-smoke-87497d14-ba7e-55b3-998e-db12672aaf1a,completed_in_time,46.2969999999998
b2-p1-fixed-1,infra-smoke-b2ea1829-b69e-5743-9233-6d6fe01429d7,completed_in_time,45.90599999999972
b2-p1-fixed-1,infra-smoke-dac26140-eea2-524b-9b00-fc9e9042b83d,completed_in_time,45.6869999999999
b2-p1-fixed-1,infra-smoke-703542ab-b978-5e62-a00a-7d8810242e1f,completed_in_time,45.71900000000005
b2-p1-fixed-1,infra-smoke-3644e4e8-58cd-5fb4-960a-9dc19ec69566,completed_in_time,45.577999999999975
b2-p1-fixed-1,infra-smoke-f61b516b-081f-511c-81f1-b166f91334f5,completed_in_time,45.84299999999985
b2-p1-fixed-1,infra-smoke-d9816b24-bbdf-5159-a9c7-9fee7576d4a8,completed_in_time,45.49999999999977
b2-p1-fixed-1,infra-smoke-f256960a-3349-5b09-85b0-9bde5ac06ea6,completed_in_time,46.03099999999995
b2-p1-fixed-1,infra-smoke-5fcea130-e2ef-5167-a3b8-9bcbd831519b,completed_in_time,46.375
b2-p1-fixed-1,infra-smoke-9d28766e-627e-5c32-8a05-acd697844542,completed_in_time,46.20299999999975
b2-p1-fixed-1,infra-smoke-6ced9af0-2133-57e9-b405-293a9280e0a1,completed_in_time,46.281999999999925
b2-p1-fixed-1,infra-smoke-980b99fe-724c-511c-957e-2c342847b406,completed_in_time,45.90599999999995
b2-p1-fixed-1,infra-smoke-3a0ddb8f-9ac8-5925-aefa-c57706b8810b,completed_in_time,46.49999999999977
b2-p1-fixed-1,infra-smoke-a6f14890-fc95-5979-a76c-c46cf56d5208,completed_in_time,46.016000000000076
b2-p1-fixed-1,infra-smoke-5c1cb3f3-7181-5c73-86c8-010d0d0613ec,completed_in_time,46.24999999999977
b2-p1-fixed-1,infra-smoke-724a627f-314f-5eef-963f-fa97ef66cc07,completed_in_time,46.406999999999925
b2-p1-fixed-1,infra-smoke-ec084184-8f38-578a-9ae0-409e31f1eac5,completed_in_time,46.4849999999999
b2-p1-fixed-1,infra-smoke-91bdf1ed-7a4e-577e-8a8d-ffaa71ef2d77,completed_in_time,46.4219999999998
b2-p1-fixed-1,infra-smoke-d4a97600-f295-5a13-872d-6870b03fa5aa,completed_in_time,46.14099999999985
b2-p1-fixed-1,infra-smoke-30f9b24a-9be9-5074-82f9-2cea2fcbb264,completed_in_time,46.38999999999987
b2-p1-fixed-1,infra-smoke-7646ba52-d2a0-5d99-9bf0-6b0cdc128763,completed_in_time,46.593999999999824
b2-p1-fixed-1,infra-smoke-569b14c4-15d5-5644-885a-2cd9c80520b6,completed_in_time,46.625
b2-p1-fixed-1,infra-smoke-484a7bea-dc74-5d72-8e7b-fa06e4d8013f,completed_in_time,46.437999999999874
b2-p1-fixed-1,infra-smoke-1caf3c98-6bc2-5138-9e02-c48defb16813,completed_in_time,46.59400000000005
b2-p1-fixed-1,infra-smoke-1861a80f-28a3-5bc3-bf1d-7a0e61c2119e,completed_in_time,46.28099999999995
b2-p1-fixed-1,infra-smoke-515b6c80-c62e-5173-9294-9eebc251e445,completed_in_time,45.96900000000005
b2-p1-fixed-1,infra-smoke-9af513fe-ab21-5a22-9d62-6f2d087a0369,completed_in_time,46.625
b2-p1-fixed-1,infra-smoke-c54f9be1-b982-509b-9428-a26e09833636,completed_in_time,46.8119999999999
b2-p1-fixed-1,infra-smoke-07ed6b43-0ecd-57d6-afbc-12353d9cda15,completed_in_time,46.468999999999824
b2-p1-fixed-1,infra-smoke-bf39600e-c8cd-5bc9-88b0-6f1361949ae3,completed_in_time,46.51499999999987
b2-p1-fixed-1,infra-smoke-5dff665f-9d75-59f1-9447-2ce4b409e9aa,completed_in_time,46.9849999999999
b2-p1-fixed-1,infra-smoke-8d0db453-4fdf-5f8d-b1cf-cffd067d46e8,completed_in_time,46.891000000000076
b2-p1-fixed-1,infra-smoke-e9c0053e-eaae-52cb-a596-2693955b82ca,completed_in_time,46.702999999999975
b2-p1-fixed-1,infra-smoke-d7546477-8ddd-57e7-8273-f5444cac233e,completed_in_time,47.3119999999999
b2-p1-fixed-1,infra-smoke-db85a681-69ab-5c3f-b1ca-6549ae199376,completed_in_time,46.84299999999985
b2-p1-fixed-1,infra-smoke-b2a419f1-f88d-53b0-a1cd-19b843ded609,completed_in_time,46.672000000000025
b2-p1-fixed-1,infra-smoke-027c4175-2352-5b56-b693-5b4ac9c6357b,completed_in_time,47.406999999999925
b2-p1-fixed-1,infra-smoke-60768528-6025-5614-8733-b1b29e092cbc,completed_in_time,47.297000000000025
b2-p1-fixed-1,infra-smoke-d5f4104e-4f11-5ec0-a187-5a9885a2a972,completed_in_time,46.9369999999999
b2-p1-fixed-1,infra-smoke-a797eaa4-8449-519d-96b9-2306bad96b0b,completed_in_time,46.90599999999995
b2-p1-fixed-1,infra-smoke-05e6f714-3e4d-5f76-bd7a-aca151d0cbb4,completed_in_time,47.031999999999925
b2-p1-fixed-1,infra-smoke-6c407c77-561f-5004-9403-4d6a67e7a83a,completed_in_time,47.483999999999924
b2-p1-fixed-1,infra-smoke-9446b1ef-fb51-5926-9a80-1f1f7cda0e40,completed_in_time,47.40599999999995
b2-p1-fixed-1,infra-smoke-197abbd9-2664-54ad-b85f-35281fa7e6cc,completed_in_time,47.78099999999995
b2-p1-fixed-1,infra-smoke-03300954-3d04-5d69-9d08-c1a81e19abfb,completed_in_time,47.76599999999985
b2-p1-fixed-1,infra-smoke-c1cbb9c3-e7e1-51e0-b118-fe60c6e8e375,completed_in_time,47.39099999999985
b2-p1-fixed-1,infra-smoke-0ca5712c-a9b5-55df-becb-29ae89824c27,completed_in_time,47.218999999999824
b2-p1-fixed-1,infra-smoke-ce8f12b1-331e-5cc3-82cb-393d1d1e8a99,completed_in_time,47.40599999999995
b2-p1-fixed-1,infra-smoke-0a369eb1-8e4f-568f-8956-d646dd85314c,completed_in_time,47.09400000000005
b2-p1-fixed-1,infra-smoke-7ea44411-4191-5caa-8b32-4f387ca9e90b,completed_in_time,47.49999999999977
b2-p1-fixed-1,infra-smoke-3b3c5f9b-4212-5af3-8cfc-37ed3932a27a,completed_in_time,47.593999999999824
b2-p1-fixed-1,infra-smoke-25ccf302-293c-5c1c-8e9a-61d96fec1a2e,completed_in_time,47.53099999999972
b2-p1-fixed-1,infra-smoke-60b2a654-8d7e-525e-850b-cb6df01101d5,completed_in_time,47.76599999999985
b2-p1-fixed-1,infra-smoke-80ecbe4e-ce8b-515e-9550-e8d767831660,completed_in_time,47.577999999999975
b2-p1-fixed-1,infra-smoke-1e0cc1f8-2393-5b52-bad7-9bd3f5b19220,completed_in_time,47.76599999999985
b2-p1-fixed-1,infra-smoke-d8a1527d-571b-59e8-a6f3-8505d361ae7d,completed_in_time,48.093999999999824
b2-p1-fixed-1,infra-smoke-259572d2-191d-5bf0-b03c-9045900a28fd,completed_in_time,47.78099999999995
b2-p1-fixed-1,infra-smoke-f85bbec4-a822-5791-a7b4-d9d575c97ba6,completed_in_time,47.90599999999995
b2-p1-fixed-1,infra-smoke-f263ef38-de53-5d10-8a0a-cab41af1737f,completed_in_time,48.03099999999995
b2-p1-fixed-1,infra-smoke-e0d24735-c315-51af-b3a5-6050330b0629,completed_in_time,48.03099999999972
b2-p1-fixed-1,infra-smoke-ea40242e-c097-50e1-a562-8f53501fed24,completed_in_time,48.01599999999985
b2-p1-fixed-1,infra-smoke-53017504-fa6a-5cc8-bb63-8775b4c2163f,completed_in_time,47.87499999999977
b2-p1-fixed-1,infra-smoke-3179e75e-0995-5a6f-b9c7-7990f0ca80f5,completed_in_time,48.297000000000025
b2-p1-fixed-1,infra-smoke-b3b39443-00dd-5dff-b36e-17cf07b2454f,completed_in_time,47.88999999999987
b2-p1-fixed-1,infra-smoke-f5432e7f-c717-5f83-aec6-8d7600d202ca,completed_in_time,47.90599999999995
b2-p1-fixed-1,infra-smoke-4b806b41-de0d-5044-ad7d-7823632765ca,completed_in_time,47.89099999999985
b2-p1-fixed-1,infra-smoke-98d931d6-8225-55a8-af19-112f96a240fc,completed_in_time,47.797000000000025
b2-p1-fixed-1,infra-smoke-b49f79eb-753c-5c19-9c4b-a4ec1bc3be6c,completed_in_time,48.0
b2-p1-fixed-1,infra-smoke-15f31689-44c4-525c-817c-eab406f34be8,completed_in_time,47.92099999999982
b2-p1-fixed-1,infra-smoke-853f5376-4469-5ad0-bb03-ff383c278d1f,completed_in_time,47.983999999999924
b2-p1-fixed-1,infra-smoke-5566df42-77df-5651-a5af-06d26815b67f,completed_in_time,47.6869999999999
b2-p1-fixed-1,infra-smoke-ac649c06-2a2a-53dc-b6e1-931ac37e3bc4,completed_in_time,47.9849999999999
b2-p1-fixed-1,infra-smoke-c07b3b97-de8b-5665-9372-6e6bc995d842,completed_in_time,48.3119999999999
b2-p1-fixed-1,infra-smoke-dd71bbf8-ab28-5d5d-aaff-993a4418a6b5,completed_in_time,47.90599999999995
b2-p1-fixed-1,infra-smoke-c1f6dd13-5dc1-51b4-b968-35f79c3aa767,completed_in_time,48.562999999999874
b2-p1-fixed-1,infra-smoke-6b138d66-b74c-545a-a533-6f0acc392c9b,completed_in_time,48.20299999999975
b2-p1-fixed-1,infra-smoke-09d9dd83-4618-57ec-8b93-3941e7b6a6d1,completed_in_time,48.187999999999874
b2-p1-fixed-1,infra-smoke-02db39e4-f83b-5e82-803d-b2351d9aa117,completed_in_time,48.01499999999987
b2-p1-fixed-1,infra-smoke-5f60cf5e-fbf9-57b6-95c0-7bf2080f76be,completed_in_time,47.57799999999975
b2-p1-fixed-1,infra-smoke-c64165ab-97fc-5849-9dc9-379d95fd502b,completed_in_time,48.608999999999924
b2-p1-fixed-1,infra-smoke-d2d2dc8d-c244-5e2d-8de0-e2d3f08c7a43,completed_in_time,48.218999999999824
b2-p1-fixed-1,infra-smoke-6d7041a5-c715-5c98-b66f-2b5bc3ad6f1d,completed_in_time,48.40599999999972
b2-p1-fixed-1,infra-smoke-db43414b-c0ef-5121-a569-61fba1c38c86,completed_in_time,48.327999999999975
b2-p1-fixed-1,infra-smoke-5d0891f0-347f-533a-9eaa-0e9412ea06d4,completed_in_time,48.202999999999975
b2-p1-fixed-1,infra-smoke-fde90982-b2af-57ab-8720-d9f0e2b60be0,completed_in_time,48.141000000000076
b2-p1-fixed-1,infra-smoke-1563e3df-91a6-5eab-a9b2-7b8a8ee60bf0,completed_in_time,48.57799999999975
b2-p1-fixed-1,infra-smoke-d255cf41-4785-5b00-8c87-5db5df80a64a,completed_in_time,48.6099999999999
b2-p1-fixed-1,infra-smoke-5fc2be1f-c418-5acc-b181-cf7f204658e0,completed_in_time,48.71900000000005
b2-p1-fixed-1,infra-smoke-713c91ca-ccfd-5ca1-9161-78fc6815e42c,completed_in_time,48.99999999999977
b2-p1-fixed-1,infra-smoke-e5f4af47-6244-577d-9f08-4ace679a6bed,completed_in_time,48.90599999999995
b2-p1-fixed-1,infra-smoke-78c48b16-b8cd-58ac-be4e-ecf0ea9fe9e0,completed_in_time,48.9849999999999
b2-p1-fixed-1,infra-smoke-3c2f21d0-5fdb-5499-9d44-0bab9a3ee434,completed_in_time,48.608999999999924
b2-p1-fixed-1,infra-smoke-77455e69-a87f-5094-83c8-5afb78505e8a,completed_in_time,48.952999999999975
b2-p1-fixed-1,infra-smoke-ea29c7fb-3dc0-5f15-a096-45f310fcaa77,completed_in_time,48.593999999999824
b2-p1-fixed-1,infra-smoke-cfa4a03b-3865-5725-83ab-448fad2447d1,completed_in_time,48.89099999999985
b2-p1-fixed-1,infra-smoke-286f4355-ad40-58ae-96e9-b9cf39261920,completed_in_time,49.108999999999924
b2-p1-fixed-1,infra-smoke-292115b0-92e4-5301-9c73-ad48b5a53848,completed_in_time,49.1880000000001
b2-p1-fixed-1,infra-smoke-9fd605ae-338e-53a2-abb4-1c5df0879872,completed_in_time,48.968999999999824
b2-p1-fixed-1,infra-smoke-9c535d66-44b7-5255-8dcb-b25f4afee932,completed_in_time,49.01499999999987
b2-p1-fixed-1,infra-smoke-a2d1b6e0-2f2c-5a2a-8a31-770a4c7e10ca,completed_in_time,48.891000000000076
b2-p1-fixed-1,infra-smoke-53678805-c144-57e7-92db-86a1f9da547a,completed_in_time,49.01599999999985
b2-p1-fixed-1,infra-smoke-b66aca73-d5e0-5846-bb55-0f4b02a1dcb1,completed_in_time,48.797000000000025
b2-p1-fixed-1,infra-smoke-3f7734bc-203b-52b0-9b78-1d1e8719ddfb,completed_in_time,49.202999999999975
b2-p1-fixed-1,infra-smoke-16ba656c-1921-549b-abdc-981d96ac0497,completed_in_time,49.26499999999987
b2-p1-fixed-1,infra-smoke-62783341-37e4-5b25-8d49-105454f5fd0e,completed_in_time,49.2349999999999
b2-p1-fixed-1,infra-smoke-f361f38f-eb45-554e-a953-90024cb19064,completed_in_time,48.968999999999824
b2-p1-fixed-1,infra-smoke-9c2f6245-a652-51af-a8b9-1e7b8d62527e,completed_in_time,49.483999999999924
b2-p1-fixed-1,infra-smoke-8220a25b-e0c7-5adc-92bc-93c71d942f55,completed_in_time,49.218999999999824
b2-p1-fixed-1,infra-smoke-3c6ce6e7-2781-51d3-bfb6-3b746dcb2fae,completed_in_time,49.2969999999998
b2-p1-fixed-1,infra-smoke-cc5d3d26-6f19-5fd4-89f8-cd5e8b324c95,completed_in_time,49.29599999999982
b2-p1-fixed-1,infra-smoke-46e22706-e3ce-5891-9f13-77781a06d91a,completed_in_time,49.093999999999824
b2-p1-fixed-1,infra-smoke-23ef2a8b-0009-5ba0-96b6-454e092f2a47,completed_in_time,49.625
b2-p1-fixed-1,infra-smoke-633dbf6c-80d6-5c67-8322-76702aed2ff7,completed_in_time,49.3130000000001
b2-p1-fixed-1,infra-smoke-bc568246-bc06-57eb-bcfa-aecb9ba852e4,completed_in_time,49.125
b2-p1-fixed-1,infra-smoke-68339698-e00f-5024-80b8-9b558d13f371,completed_in_time,49.39099999999985
b2-p1-fixed-1,infra-smoke-5a4a212f-2f5f-5a4e-a00d-422add04fd3f,completed_in_time,49.40599999999972
b2-p1-fixed-1,infra-smoke-b5922a1a-769e-5b5b-93e6-316455445a55,completed_in_time,49.202999999999975
b2-p1-fixed-1,infra-smoke-75ca60e8-7a93-5622-89f3-eb4062ec9f9a,completed_in_time,49.141000000000076
b2-p1-fixed-1,infra-smoke-790b3b65-4148-52a6-9677-64485a097a81,completed_in_time,49.172000000000025
b2-p1-fixed-1,infra-smoke-77f49df6-2fd6-54c7-be9b-4b4e3108aa59,completed_in_time,49.702999999999975
b2-p1-fixed-1,infra-smoke-92c587ca-f850-502d-9d1a-478d90c75124,completed_in_time,49.483999999999924
b2-p1-fixed-1,infra-smoke-88873f24-9c8c-5b13-b5c3-5edb2b2d1311,completed_in_time,49.59299999999985
b2-p1-fixed-1,infra-smoke-cebf0a22-09e0-5f7e-9439-2e3cb738bfb2,completed_in_time,49.827999999999975
b2-p1-fixed-1,infra-smoke-3347149b-cfff-54c7-a7e8-72c6a3b8b5b9,completed_in_time,49.70299999999975
b2-p1-fixed-1,infra-smoke-978da31a-aac3-5422-aec0-51fc3659fd1f,completed_in_time,49.20399999999995
b2-p1-fixed-1,infra-smoke-8fe39711-4767-521d-9703-624b170c711f,completed_in_time,49.63999999999987
b2-p1-fixed-1,infra-smoke-e4ef9da7-e5fa-59e5-b8a1-ae7e1cde8744,completed_in_time,49.577999999999975
b2-p1-fixed-1,infra-smoke-746e03df-88e9-57ea-97c8-bc6d0b32b69d,completed_in_time,49.6869999999999
b2-p1-fixed-1,infra-smoke-8a856b80-65bf-5a52-ba52-832b560d4d10,completed_in_time,49.90599999999995
b2-p1-fixed-1,infra-smoke-f63d18db-5dd5-564e-a1ff-2b737caa3fd9,completed_in_time,49.9219999999998
b2-p1-fixed-1,infra-smoke-9245f19d-b661-5a79-a72c-5eb89d66f8bf,completed_in_time,49.9849999999999
b2-p1-fixed-1,infra-smoke-0bed4771-e5c2-52d7-9bb6-d956c7dbb36f,completed_in_time,50.03099999999972
b2-p1-fixed-1,infra-smoke-40c820a3-d45e-5cd3-b7f2-21f8998af0e0,completed_in_time,49.34400000000005
b2-p1-fixed-1,infra-smoke-775cb232-e76d-557a-bc52-cc563e4b97e6,completed_in_time,49.88999999999987
b2-p1-fixed-1,infra-smoke-91bc1868-06c1-5340-bbcf-f1f83c1a3230,completed_in_time,49.812999999999874
b2-p1-fixed-1,infra-smoke-b0822423-8950-555d-b3cb-9ce8a1550459,completed_in_time,49.906999999999925
b2-p1-fixed-1,infra-smoke-73bfb102-49e6-5347-88fe-60049f1b2f28,completed_in_time,50.0
b2-p1-fixed-1,infra-smoke-69b750ea-672d-5bfc-924c-a55daa062630,completed_in_time,49.88999999999987
b2-p1-fixed-1,infra-smoke-73c54275-8a1f-5a98-ac8a-3974e965095b,completed_in_time,50.09299999999985
b2-p1-fixed-1,infra-smoke-6e2e81de-05bb-5582-b211-c0244153b6c3,completed_in_time,50.26499999999987
b2-p1-fixed-1,infra-smoke-82a305e7-3d4a-5876-a79b-d950269e6dc2,completed_in_time,50.281999999999925
b2-p1-fixed-1,infra-smoke-26360f54-b152-5aae-a329-3503a18db043,completed_in_time,50.1869999999999
b2-p1-fixed-1,infra-smoke-4a6e4af6-5f6e-52f0-bcc4-c9391c79bf59,completed_in_time,50.57799999999975
b2-p1-fixed-1,infra-smoke-f41992d5-eced-5a91-8f95-69b47f56415f,completed_in_time,50.187999999999874
b2-p1-fixed-1,infra-smoke-a9757fd6-352a-50a6-b44a-34f6fb1df69c,completed_in_time,50.577999999999975
b2-p1-fixed-1,infra-smoke-8e247b0e-453f-573e-b97f-fccba57ef827,completed_in_time,50.37499999999977
b2-p1-fixed-1,infra-smoke-d107d46c-b400-537c-a88f-f098e76fc137,completed_in_time,50.702999999999975
b2-p1-fixed-1,infra-smoke-1c669bd5-d7b6-5d9f-832c-5c3e36e0dc6f,completed_in_time,49.40599999999995
b2-p1-fixed-1,infra-smoke-a911297c-65b8-5b55-8fcb-538a2f56ff5a,completed_in_time,50.1719999999998
b2-p1-fixed-1,infra-smoke-3923206b-d4b4-5fa5-9930-3bb888db23f6,completed_in_time,50.983999999999924
b2-p1-fixed-1,infra-smoke-c904ca71-5d84-576e-abf9-c9dd3c202bc8,completed_in_time,50.0
b2-p1-fixed-1,infra-smoke-de63fcf9-10d9-53d0-811d-55ef78452de4,completed_in_time,50.422000000000025
b2-p1-fixed-1,infra-smoke-cdb4eb79-034a-5cd7-b46b-e876ccfb7846,completed_in_time,50.187999999999874
b2-p1-fixed-1,infra-smoke-6d9f5d05-1006-5ff5-a06a-3dfa3673bcdb,completed_in_time,50.7349999999999
b2-p1-fixed-1,infra-smoke-b804d7fb-2d0c-52f9-8120-ef2ca3d3fb1d,completed_in_time,49.6869999999999
b2-p1-fixed-1,infra-smoke-13189098-6d5a-515a-bca7-9113f35cc712,completed_in_time,50.20399999999995
b2-p1-fixed-1,infra-smoke-be9652df-9b92-51af-aa73-39cc7f523868,completed_in_time,50.13999999999987
b2-p1-fixed-1,infra-smoke-56bb01f6-9530-5d1c-9678-0e0cdf357ede,completed_in_time,50.327999999999975
b2-p1-fixed-1,infra-smoke-a3856f9b-d347-5126-badb-cb9de6bcb847,completed_in_time,50.483999999999924
b2-p1-fixed-1,infra-smoke-f59c45a0-0d46-5bb9-9782-2169683e9834,completed_in_time,51.0619999999999
b2-p1-fixed-1,infra-smoke-7288dcd4-3938-59fd-bc76-2dbf41d2425e,completed_in_time,50.608999999999924
b2-p1-fixed-1,infra-smoke-094166c1-6703-5e70-bcea-1c697bf2a844,completed_in_time,50.42099999999982
b2-p1-fixed-1,infra-smoke-da77499b-77a2-5fe1-9115-3ed4b5df1e0d,completed_in_time,50.28099999999995
b2-p1-fixed-1,infra-smoke-f12b183f-837e-5754-938d-ec2f476c6f12,completed_in_time,50.5
b2-p1-fixed-1,infra-smoke-92003ab4-bc39-5f15-a55e-e660d8a709a7,completed_in_time,50.608999999999924
b2-p1-fixed-1,infra-smoke-40bb9750-4bbc-5cac-abdd-89b10a40bde3,completed_in_time,50.8119999999999
b2-p1-fixed-1,infra-smoke-8994da35-d1b4-5c68-88ec-60483b7b79cf,completed_in_time,50.891000000000076
b2-p1-fixed-1,infra-smoke-035e182a-81e3-5c44-9cf8-4c7403f3666d,completed_in_time,51.03099999999995
b2-p1-fixed-1,infra-smoke-b00dd81f-dfb2-52a8-aa76-1a8595611d3a,completed_in_time,51.093999999999824
b2-p1-fixed-1,infra-smoke-cb3641e8-05fd-5ffd-98f8-dbe7a888f747,completed_in_time,51.09400000000005
b2-p1-fixed-1,infra-smoke-864d81ea-c5cb-5900-863a-1cee9b61d539,completed_in_time,51.01599999999985
b2-p1-fixed-1,infra-smoke-f07ec285-28ff-5d88-a7c1-1a7ab783544d,completed_in_time,51.0
b2-p1-fixed-1,infra-smoke-571f387a-a9c0-5b19-9ba9-5733ae9b43e2,completed_in_time,50.90599999999995
b2-p1-fixed-1,infra-smoke-5cba8836-800e-5c14-b303-c31d89427652,completed_in_time,50.78099999999995
b2-p1-fixed-1,infra-smoke-fdb96b96-8972-5922-9124-117ae782b64a,completed_in_time,50.797000000000025
b2-p1-fixed-1,infra-smoke-bc8dbace-9af2-5564-8241-ddf5536ea4a2,completed_in_time,50.96799999999985
b2-p1-fixed-1,infra-smoke-285cb661-ebe9-5666-a5f7-375b9d47d160,completed_in_time,50.718999999999824
b2-p1-fixed-1,infra-smoke-8fdad31b-d670-5db2-9a09-4fccc3f74bec,completed_in_time,51.59400000000005
b2-p1-fixed-1,infra-smoke-d3a28898-d40e-554a-9a93-cf6ec4d663e7,completed_in_time,51.1880000000001
b2-p1-fixed-1,infra-smoke-ada80817-b3e0-5a33-b393-88bb29fb43b5,completed_in_time,50.922000000000025
b2-p1-fixed-1,infra-smoke-261f6cee-c2a0-50c9-bcbf-891c5465631f,completed_in_time,51.6869999999999
b2-p1-fixed-1,infra-smoke-94acef3a-49f3-55b5-9259-d8342953f28d,completed_in_time,51.03099999999995
b2-p1-fixed-1,infra-smoke-c8d17061-d8e3-52f6-9cf0-b3371353c6cc,completed_in_time,51.312999999999874
b2-p1-fixed-1,infra-smoke-69343fc6-9482-50e3-a5b9-3394949b25d7,completed_in_time,50.9369999999999
b2-p1-fixed-1,infra-smoke-35d41178-dbb1-542b-92b9-68d31777a852,completed_in_time,51.49999999999977
b2-p1-fixed-1,infra-smoke-9e1c1118-3799-5db6-99ca-a422f7647035,completed_in_time,51.71900000000005
b2-p1-fixed-1,infra-smoke-a81e1bb0-a1db-5b34-abc8-ab9e9972ad22,completed_in_time,51.5
b2-p1-fixed-1,infra-smoke-b1f273ec-535b-5e6f-b2e8-d9070aa5bce0,completed_in_time,51.125
b2-p1-fixed-1,infra-smoke-c5aee0d2-7acd-5974-948d-692aa59c9af9,completed_in_time,51.6869999999999
b2-p1-fixed-1,infra-smoke-478f9b44-ce4d-5db0-ad96-0617dae2ecde,completed_in_time,51.218999999999824
b2-p1-fixed-1,infra-smoke-ee61a7b8-074c-5dd2-b181-e4da9264c0c9,completed_in_time,51.12499999999977
b2-p1-fixed-1,infra-smoke-0c71d466-0718-56a5-a171-d6e79b55d966,completed_in_time,50.92099999999982
b2-p1-fixed-1,infra-smoke-c1ae4954-312d-5997-a76a-a5ea13b9eb7d,completed_in_time,51.26599999999985
b2-p1-fixed-1,infra-smoke-9f9ee6d7-1df4-5728-93ab-27c65bff63ec,completed_in_time,51.46900000000005
b2-p1-fixed-1,infra-smoke-2222d65a-2cef-5e17-aa6a-3410164474dc,completed_in_time,51.875
b2-p1-fixed-1,infra-smoke-0e129f48-7dcf-564f-befc-1b98170651d8,completed_in_time,51.01599999999985
b2-p1-fixed-1,infra-smoke-1f7d475b-f849-52dc-90e0-73cd94c1770b,completed_in_time,51.108999999999924
b2-p1-fixed-1,infra-smoke-712a1f88-4c54-57e1-8b95-3b95b7b355f9,completed_in_time,51.375
b2-p1-fixed-1,infra-smoke-40f6fa42-49e1-5d6f-87ac-0ea155c87595,completed_in_time,51.202999999999975
b2-p1-fixed-1,infra-smoke-acfc189b-e9c0-5171-bc15-210a7bd8b1a1,completed_in_time,51.187999999999874
b2-p1-fixed-1,infra-smoke-b8aecba7-c758-518c-9fee-bec233c3d55f,completed_in_time,51.718999999999824
b2-p1-fixed-1,infra-smoke-750e05f5-767a-557d-9e25-7389e820d997,completed_in_time,52.141000000000076
b2-p1-fixed-1,infra-smoke-2c3faa5b-16c3-5e6d-87d6-671a3e8a35b4,completed_in_time,51.96900000000005
b2-p1-fixed-1,infra-smoke-8c3ced51-0d64-518f-8061-6dc71f1ac82b,completed_in_time,51.8119999999999
b2-p1-fixed-1,infra-smoke-55afb4d9-895c-5968-91db-b6b5ba00c495,completed_in_time,52.01499999999987
b2-p1-fixed-1,infra-smoke-2f341023-7c9c-5c58-9c3a-70e2dc341ae4,completed_in_time,51.641000000000076
b2-p1-fixed-1,infra-smoke-ec8c8918-7125-57a1-8d7f-3969b2ed6824,completed_in_time,52.233999999999924
b2-p1-fixed-1,infra-smoke-aa1c968a-360a-5a7a-955d-1a218c4805cf,completed_in_time,52.297000000000025
b2-p1-fixed-1,infra-smoke-6e633028-2287-585c-af95-56b61147e16c,completed_in_time,51.5
b2-p1-fixed-1,infra-smoke-52f444e3-2196-572d-93aa-0306ac25c1ec,completed_in_time,52.1869999999999
b2-p1-fixed-1,infra-smoke-49fc6593-cddd-5980-85df-4f709bb429be,completed_in_time,51.89099999999985
b2-p1-fixed-1,infra-smoke-016ff77f-e1d9-548e-8aa2-21783889f4ad,completed_in_time,51.89099999999985
b2-p1-fixed-1,infra-smoke-68afbb05-7ba4-5b97-a07b-531586160230,completed_in_time,52.077999999999975
b2-p1-fixed-1,infra-smoke-72a93ab2-59ee-57c3-9f63-b7bfd44fc666,completed_in_time,51.702999999999975
b2-p1-fixed-1,infra-smoke-84c52932-a1e4-5443-b36b-0b46584b4514,completed_in_time,51.88999999999987
b2-p1-fixed-1,infra-smoke-b4f5fd70-54bc-5fbf-902f-a6129f1d5a8c,completed_in_time,51.797000000000025
b2-p1-fixed-1,infra-smoke-41451297-8bc1-552b-bf21-280f6438c0ea,completed_in_time,52.0
b2-p1-fixed-1,infra-smoke-0a3a02d2-004b-598f-a818-5939416dc209,completed_in_time,52.108999999999924
b2-p1-fixed-1,infra-smoke-06d0b05d-c2fc-5839-af50-60a0e777a479,completed_in_time,52.12499999999977
b2-p1-fixed-1,infra-smoke-c59e2206-d6a5-5110-be2f-202617c75a50,completed_in_time,51.327999999999975
b2-p1-fixed-1,infra-smoke-6282f3b9-1d97-5564-b554-2849bb9afb65,completed_in_time,52.233999999999924
b2-p1-fixed-1,infra-smoke-abbce5e3-fcf1-59f4-9978-243b80b8bca4,completed_in_time,52.187999999999874
b2-p1-fixed-1,infra-smoke-789f2ad7-cf70-5d29-8ebe-67318f2f97e4,completed_in_time,51.797000000000025
b2-p1-fixed-1,infra-smoke-158c1e71-d958-5bc6-a37e-4078e385b29a,completed_in_time,52.281999999999925
b2-p1-fixed-1,infra-smoke-2afe6ca0-2e83-5265-a818-d14e86ae8035,completed_in_time,52.172000000000025
b2-p1-fixed-1,infra-smoke-c4611725-1464-5a48-abaf-217ebc7eee5e,completed_in_time,52.89099999999985
b2-p1-fixed-1,infra-smoke-da8955af-115c-5b55-96b9-1a1df0cd7124,completed_in_time,52.608999999999924
b2-p1-fixed-1,infra-smoke-8481fd8e-8049-5f80-b647-b3864d2c65aa,completed_in_time,52.1719999999998
b2-p1-fixed-1,infra-smoke-79b55776-961f-51d3-8f1c-662c04923a4f,completed_in_time,52.297000000000025
b2-p1-fixed-1,infra-smoke-e395073a-6dbd-5fe9-8439-1bf61e5dca5c,completed_in_time,52.40599999999995
b2-p1-fixed-1,infra-smoke-a4220f36-b079-5a64-9283-e3c822fa2ded,completed_in_time,52.406999999999925
b2-p1-fixed-1,infra-smoke-399b4c7b-0afb-5b64-9245-29200cc9c4f7,completed_in_time,52.172000000000025
b2-p1-fixed-1,infra-smoke-637814ff-0cda-517e-933e-3811fdddc65e,completed_in_time,52.922000000000025
b2-p1-fixed-1,infra-smoke-50305430-92dc-5244-8365-b74eafed7d74,completed_in_time,52.608999999999924
b2-p1-fixed-1,infra-smoke-b91f4f32-59be-5aba-bf88-747252ae3cf6,completed_in_time,52.39099999999985
b2-p1-fixed-1,infra-smoke-d3d5eb69-5199-5536-a156-58fd2026c855,completed_in_time,52.49999999999977
b2-p1-fixed-1,infra-smoke-2f6cc962-9959-5148-9ce3-8a25602956a6,completed_in_time,52.952999999999975
b2-p1-fixed-1,infra-smoke-eafa0dab-3d5e-5b9e-9f65-f9ef7ad275e9,completed_in_time,52.718999999999824
b2-p1-fixed-1,infra-smoke-c6e6f032-2f70-5467-828a-cffa5d25444a,completed_in_time,52.40599999999995
b2-p1-fixed-1,infra-smoke-21fccdbb-efbf-5d67-8b32-fa3699af6eb8,completed_in_time,52.84299999999985
b2-p1-fixed-1,infra-smoke-6684bd5a-4d6d-5c71-a46a-717a73a54283,completed_in_time,52.9849999999999
b2-p1-fixed-1,infra-smoke-93302e3d-b44b-5ce0-8fd2-88f7e722dfb9,completed_in_time,52.71799999999985
b2-p1-fixed-1,infra-smoke-2f771e4d-06d9-55f9-9fbf-5f2a9e0f3b49,completed_in_time,52.99999999999977
b2-p1-fixed-1,infra-smoke-29250bc8-80ba-5891-b441-65b368b9b022,completed_in_time,52.891000000000076
b2-p1-fixed-1,infra-smoke-4b56f6df-cdd6-50b9-9c16-baeb01600ab0,completed_in_time,52.937999999999874
b2-p1-fixed-1,infra-smoke-7c9a587b-af95-5a06-b9f0-3d3557cd60ba,completed_in_time,52.88999999999987
b2-p1-fixed-1,infra-smoke-7646d82e-dc99-5fca-b337-9ea0607f664a,completed_in_time,52.7969999999998
b2-p1-fixed-1,infra-smoke-e151f0eb-0d33-52f3-b643-aad719cbaa06,completed_in_time,52.827999999999975
b2-p1-fixed-1,infra-smoke-0e3c33ca-ade4-5f7c-95f0-fb18d6e2b726,completed_in_time,52.8130000000001
b2-p1-fixed-1,infra-smoke-86ec5520-5291-5019-aa30-dfeb8bd297cc,completed_in_time,52.78099999999995
b2-p1-fixed-1,infra-smoke-c3eb5c09-bc4c-513a-8c1e-51d9f0546cd6,completed_in_time,52.8119999999999
b2-p1-fixed-1,infra-smoke-4141cfc9-b503-50fa-966c-669efbb1fadd,completed_in_time,53.53099999999972
b2-p1-fixed-1,infra-smoke-a5676a69-342e-521b-ab00-fb3f0cb348bc,completed_in_time,53.766000000000076
b2-p1-fixed-1,infra-smoke-911b1013-a2a1-5392-b50f-2fc29de1ec74,completed_in_time,52.9219999999998
b2-p1-fixed-1,infra-smoke-8139dd57-4c4a-5d3f-b1e0-090645e3827e,completed_in_time,53.59400000000005
b2-p1-fixed-1,infra-smoke-10aca846-d496-5994-9afd-1a7e0d69849a,completed_in_time,53.625
b2-p1-fixed-1,infra-smoke-055870f7-91c9-54f3-bb3c-84b59c2d8db0,completed_in_time,53.78099999999972
b2-p1-fixed-1,infra-smoke-74d8a5a2-3701-5793-8696-93d6a6a38930,completed_in_time,53.51499999999987
b2-p1-fixed-1,infra-smoke-8297a446-63a0-5c9e-bc49-ba365169ad87,completed_in_time,53.3119999999999
b2-p1-fixed-1,infra-smoke-ca9ccade-3902-53e4-8917-2137115880d2,completed_in_time,53.03099999999995
b2-p1-fixed-1,infra-smoke-d29cb254-5509-5a15-b9bd-271c47ad624c,completed_in_time,53.297000000000025
b2-p1-fixed-1,infra-smoke-2976d652-4350-511a-b075-2f61d02a85fe,completed_in_time,53.108999999999924
b2-p1-fixed-1,infra-smoke-1d77aea6-4998-5d28-8cd1-b2b8250264fa,completed_in_time,52.90599999999995
b2-p1-fixed-1,infra-smoke-23e87118-cf5f-548a-a9ca-ab729f87b5cb,completed_in_time,53.391000000000076
b2-p1-fixed-1,infra-smoke-f6d74091-d6d8-5bfe-b69d-78538a663272,completed_in_time,53.593999999999824
b2-p1-fixed-1,infra-smoke-5971b4b0-c8c8-5284-9ef0-fd7adeae59bf,completed_in_time,52.983999999999924
b2-p1-fixed-1,infra-smoke-691964a6-d58b-5917-aa2f-8da6682b828f,completed_in_time,52.84400000000005
b2-p1-fixed-1,infra-smoke-e606d12f-1787-52e9-96e4-3b52ddd70e67,completed_in_time,53.718999999999824
b2-p1-fixed-1,infra-smoke-a41c8b19-a4e9-5611-904d-9586b14c38a0,completed_in_time,53.49999999999977
b2-p1-fixed-1,infra-smoke-f79d7c99-dd67-5171-93d0-9a34d52370b7,completed_in_time,53.812999999999874
b2-p1-fixed-1,infra-smoke-bbc3aba2-b972-5d03-b72a-00526a3b0d96,completed_in_time,53.077999999999975
b2-p1-fixed-1,infra-smoke-3f50788a-6b63-54e7-ba35-cb0ac8e22c3c,completed_in_time,53.59400000000005
b2-p1-fixed-1,infra-smoke-4c06bae8-3619-5941-b3a5-eec1d83cd255,completed_in_time,53.82899999999995
b2-p1-fixed-1,infra-smoke-604efb60-3ca3-58d6-b071-2d2efbf51fe0,completed_in_time,53.875
b2-p1-fixed-1,infra-smoke-72f18f01-5530-50cb-a109-e193c7cce5b5,completed_in_time,53.75
b2-p1-fixed-1,infra-smoke-cb8da6cb-ef86-5535-87e9-cadc3cdd920a,completed_in_time,53.4369999999999
b2-p1-fixed-1,infra-smoke-46c28151-3e2b-5080-b20b-c66fc1ccce38,completed_in_time,53.6719999999998
b2-p1-fixed-1,infra-smoke-cca88647-5c4e-571d-b38f-656e114afeea,completed_in_time,53.608999999999924
b2-p1-fixed-1,infra-smoke-2661695c-51ae-57cf-86a2-0e2a2b431815,completed_in_time,53.8119999999999
b2-p1-fixed-1,infra-smoke-10b2a998-1893-5087-abee-2225b70808d4,completed_in_time,53.577999999999975
b2-p1-fixed-1,infra-smoke-67c17960-90e6-5f97-b764-7015445dd8a2,completed_in_time,53.093999999999824
b2-p1-fixed-1,infra-smoke-7b47a322-ec41-511a-b0df-ec2f5cae138b,completed_in_time,53.21799999999985
b2-p1-fixed-1,infra-smoke-b0eae264-e3da-5a87-9cde-cc05813562b4,completed_in_time,53.2349999999999
b2-p1-fixed-1,infra-smoke-94095c4c-53c9-50c6-a7b8-47112016fa64,completed_in_time,53.59299999999985
b2-p1-fixed-1,infra-smoke-7b466c94-ee5e-55bc-8c61-4482d4f8b5bf,completed_in_time,53.687999999999874
b2-p1-fixed-1,infra-smoke-fd34b0ff-7237-5df1-97ab-f5e8f4719969,completed_in_time,54.01599999999985
b2-p1-fixed-1,infra-smoke-696a03f0-6ae9-510a-ab5a-00680f27db7f,completed_in_time,54.01599999999985
b2-p1-fixed-1,infra-smoke-e280ec90-7b4d-5813-885e-7c81787ca9a7,completed_in_time,54.172000000000025
b2-p1-fixed-1,infra-smoke-06915a63-a445-5664-9298-682db75e8e99,completed_in_time,54.218999999999824
b2-p1-fixed-1,infra-smoke-15a17b05-8758-53e7-97bf-7191849c8802,completed_in_time,54.40599999999995
b2-p1-fixed-1,infra-smoke-3e583805-d3be-5c04-9374-7983dafea301,completed_in_time,53.99999999999977
b2-p1-fixed-1,infra-smoke-456f2fa3-0d14-5344-a1e4-9d069109ba3e,completed_in_time,54.12499999999977
b2-p1-fixed-1,infra-smoke-5902026a-509b-5e85-a452-0d21526bd10f,completed_in_time,54.20299999999975
b2-p1-fixed-1,infra-smoke-171b1fc5-8728-5c27-821f-76e9ceb4cb07,completed_in_time,54.108999999999924
b2-p1-fixed-1,infra-smoke-a8607aad-d91a-5868-bb8a-017fe5133d33,completed_in_time,54.1719999999998
b2-p1-fixed-1,infra-smoke-795ad6b5-65ff-5f1d-a3d5-a5bff6c50c89,completed_in_time,53.90599999999972
b2-p1-fixed-1,infra-smoke-05037a9b-52d6-55ee-a058-d341c40c25a0,completed_in_time,54.09299999999985
b2-p1-fixed-1,infra-smoke-fea17028-07fa-58f2-ac92-01bf3b21d1f7,completed_in_time,54.062999999999874
b2-p1-fixed-1,infra-smoke-aab945b0-8a74-5c98-818a-5abb09a61e8c,completed_in_time,54.312999999999874
b2-p1-fixed-1,infra-smoke-ba344109-0985-50db-bcc6-e1465f75d0a3,completed_in_time,54.4849999999999
b2-p1-fixed-1,infra-smoke-c3c31417-a51f-5550-b94b-f96b4bb1021c,completed_in_time,54.375
b2-p1-fixed-1,infra-smoke-5876eb73-c504-55cd-bbdb-4cfa7339057a,completed_in_time,54.5
b2-p1-fixed-1,infra-smoke-74dcc0fa-d957-5af2-80d0-31352f4d8988,completed_in_time,54.797000000000025
b2-p1-fixed-1,infra-smoke-46d6d437-6749-5295-9869-0afc4568603c,completed_in_time,54.577999999999975
b2-p1-fixed-1,infra-smoke-fb3e13b0-fc4d-5eea-a19e-e52fb6fc0369,completed_in_time,54.40599999999995
b2-p1-fixed-1,infra-smoke-f0ccc707-2e38-5986-a097-ed3d3f4cb5b9,completed_in_time,54.45399999999995
b2-p1-fixed-1,infra-smoke-e242bd63-69dd-5b10-9128-0d8a0ec0b446,completed_in_time,54.687999999999874
b2-p1-fixed-1,infra-smoke-9cfa0ec0-a3b5-553e-8370-7b5b5dda921e,completed_in_time,54.202999999999975
b2-p1-fixed-1,infra-smoke-e2b58005-1dd2-5c53-ac2b-1416855612b5,completed_in_time,54.297000000000025
b2-p1-fixed-1,infra-smoke-ae394256-79de-58c6-918c-dfe581c97e5a,completed_in_time,54.0
b2-p1-fixed-1,infra-smoke-15f5e638-acd1-5aa3-a58e-7261aa0fcbaf,completed_in_time,54.1099999999999
b2-p1-fixed-1,infra-smoke-c2a0b0c5-aa5c-556c-b9e8-d8f9257e73e9,completed_in_time,54.09400000000005
b2-p1-fixed-1,infra-smoke-cf5e7b76-36dd-5352-af7e-a25c6e200c00,completed_in_time,54.5
b2-p1-fixed-1,infra-smoke-d9e3de54-b5b4-5040-838a-a9c9cd353744,completed_in_time,54.125
b2-p1-fixed-1,infra-smoke-3e548983-a161-5eb9-b9f0-4569af0b445b,completed_in_time,54.34299999999985
b2-p1-fixed-1,infra-smoke-9477228b-621b-5aec-9cbc-357032f8eed9,completed_in_time,54.218999999999824
b2-p1-fixed-1,infra-smoke-49a49068-a3da-5b49-a348-9b3c3c39dde3,completed_in_time,54.5619999999999
b2-p1-fixed-1,infra-smoke-3554723e-1509-5c9a-8546-079ee4278c3d,completed_in_time,54.577999999999975
b2-p1-fixed-1,infra-smoke-a8881d5a-1f4a-52a7-8eb7-a88d0b37470a,completed_in_time,54.8599999999999
b2-p1-fixed-1,infra-smoke-68314bea-ce64-59a5-9946-9ffe5217ab56,completed_in_time,54.70399999999995
b2-p1-fixed-1,infra-smoke-bea322f7-f352-5496-8aad-41f2093e6393,completed_in_time,54.702999999999975
b2-p1-fixed-1,infra-smoke-d7702d00-e439-5dff-84fc-a88e44d18a81,completed_in_time,54.74999999999977
b2-p1-fixed-1,infra-smoke-80199ec8-87b0-5f30-8922-48b750ee61ff,completed_in_time,54.82799999999975
b2-p1-fixed-1,infra-smoke-ae7ff771-b93d-5a1d-9cf0-81f1045ca7ae,completed_in_time,54.20299999999975
b2-p1-fixed-1,infra-smoke-f5d3e3e4-c7d7-5cc5-8572-e099d044dd29,completed_in_time,55.07799999999975
b2-p1-fixed-1,infra-smoke-3b8e4af3-406d-5cfa-97a4-48967a6fedf2,completed_in_time,54.906999999999925
b2-p1-fixed-1,infra-smoke-0eaed7fc-bde4-5201-8744-8f7ba6c8d00d,completed_in_time,54.858999999999924
b2-p1-fixed-1,infra-smoke-ac0b58c2-125f-5557-9c53-02a5be990d25,completed_in_time,55.1880000000001
b2-p1-fixed-1,infra-smoke-59ea51dd-c0d5-5f5b-8284-5641b252db97,completed_in_time,55.01499999999987
b2-p1-fixed-1,infra-smoke-717d459b-02d8-518c-bd7b-13791918a978,completed_in_time,55.1869999999999
b2-p1-fixed-1,infra-smoke-35a5e1aa-0c2c-5d7e-be56-68a5d162eaa7,completed_in_time,54.9219999999998
b2-p1-fixed-1,infra-smoke-42f90c84-9005-5be7-87d6-1192b67c2c34,completed_in_time,54.827999999999975
b2-p1-fixed-1,infra-smoke-8b9046df-6f9b-5f03-9103-00b9aff409d5,completed_in_time,55.062999999999874
b2-p1-fixed-1,infra-smoke-c8cd932e-7840-5034-a218-cea9d17c9e75,completed_in_time,55.0
b2-p1-fixed-1,infra-smoke-dd50aabf-6230-5f1b-a00c-6756addeae5b,completed_in_time,54.82799999999975
b2-p1-fixed-1,infra-smoke-cbc492d6-477c-5a93-b722-bcfc95b60977,completed_in_time,55.3130000000001
b2-p1-fixed-1,infra-smoke-46a2fef4-f3fb-56bd-9fc1-eab1449cb2b4,completed_in_time,54.9849999999999
b2-p1-fixed-1,infra-smoke-03c6ed85-62a8-574a-a177-bf0ee129482e,completed_in_time,54.59400000000005
b2-p1-fixed-1,infra-smoke-cf312f26-b485-503e-b846-8261eac7296b,completed_in_time,55.358999999999924
b2-p1-fixed-1,infra-smoke-85a9bd00-801e-5734-aca1-84a7c1ae2f5e,completed_in_time,55.718999999999824
b2-p1-fixed-1,infra-smoke-b606355e-28c9-5b5c-b5a9-042bad25ea72,completed_in_time,55.39099999999985
b2-p1-fixed-1,infra-smoke-8c7827fd-a71b-52f4-a0bc-c972bce72321,completed_in_time,55.1869999999999
b2-p1-fixed-1,infra-smoke-4d3cd616-5c49-5b22-a4af-09ae87823e6e,completed_in_time,55.1099999999999
b2-p1-fixed-1,infra-smoke-04fb6524-4e48-5164-acf7-7314274e4964,completed_in_time,55.17099999999982
b2-p1-fixed-1,infra-smoke-1a728bda-b108-52c5-b4b7-ab45c4f9fb12,completed_in_time,55.25
b2-p1-fixed-1,infra-smoke-35bddbee-8006-519c-8c9a-cfaf3e78adc2,completed_in_time,55.14099999999985
b2-p1-fixed-1,infra-smoke-ff57c8a0-908d-5313-8381-d6423311b841,completed_in_time,55.21799999999985
b2-p1-fixed-1,infra-smoke-fffa97f1-e960-54d4-bcab-e250bd019f2f,completed_in_time,55.03099999999995
b2-p1-fixed-1,infra-smoke-13643aed-a59f-5cd7-9a93-7137e2cad989,completed_in_time,55.17099999999982
b2-p1-fixed-1,infra-smoke-736dafc6-c885-5507-93e3-e68fd8112b17,completed_in_time,55.172000000000025
b2-p1-fixed-1,infra-smoke-987b65ac-767a-52bf-af97-c6003188c3de,completed_in_time,55.4219999999998
b2-p1-fixed-1,infra-smoke-834ba70c-c83d-588f-9549-04ca9c4febe4,completed_in_time,55.20299999999975
b2-p1-fixed-1,infra-smoke-02ec872f-338a-5840-ba6b-77fb531d8ec5,completed_in_time,55.233999999999924
b2-p1-fixed-1,infra-smoke-85240f4e-45dd-5435-96ad-6d0d21c243a8,completed_in_time,55.90599999999995
b2-p1-fixed-1,infra-smoke-51b75eb1-1ab5-532f-9845-d07085559e59,completed_in_time,55.59400000000005
b2-p1-fixed-1,infra-smoke-09221b81-8f0f-5bbe-bdad-05c59364a5e0,completed_in_time,55.108999999999924
b2-p1-fixed-1,infra-smoke-65f938a4-4e88-50c1-8cf6-823154ba7cd7,completed_in_time,55.562999999999874
b2-p1-fixed-1,infra-smoke-8022972e-1a73-55da-8b92-4a13360081f4,completed_in_time,55.875
b2-p1-fixed-1,infra-smoke-0117431a-3a31-555f-bf0b-ba20911bfe98,completed_in_time,55.3119999999999
b2-p1-fixed-1,infra-smoke-db6bfd40-ef79-5c9b-bde5-7003eb4a0eff,completed_in_time,55.8119999999999
b2-p1-fixed-1,infra-smoke-77181f6f-b008-546c-b69d-25bb99612872,completed_in_time,55.8599999999999
b2-p1-fixed-1,infra-smoke-6374f19e-4bcb-5631-a4e0-fc88e9c54104,completed_in_time,55.875
b2-p1-fixed-1,infra-smoke-363ce90b-f5c5-5eb3-ba21-6a5917203284,completed_in_time,55.797000000000025
b2-p1-fixed-1,infra-smoke-eb9efeea-de31-506d-aaf7-7b2c95897a33,completed_in_time,55.375
b2-p1-fixed-1,infra-smoke-693123f9-e19f-57ef-aeda-7a4c78d19624,completed_in_time,55.516000000000076
b2-p1-fixed-1,infra-smoke-4fe1a726-e49f-5783-9306-6a9ed1bef87b,completed_in_time,55.625
b2-p1-fixed-1,infra-smoke-c47359cd-b790-52f7-aa02-98ab0bb892d9,completed_in_time,56.09400000000005
b2-p1-fixed-1,infra-smoke-d095b82a-521b-588c-84a3-695dcaa9c01a,completed_in_time,55.6869999999999
b2-p1-fixed-1,infra-smoke-84f0f93a-77dd-5113-8bf4-373f3b3937e3,completed_in_time,55.9219999999998
b2-p1-fixed-1,infra-smoke-16c3734e-bd47-5bac-bdf1-560780fdd7be,completed_in_time,56.20399999999995
b2-p1-fixed-1,infra-smoke-c08f7535-e55c-578b-88bc-c469cda453ff,completed_in_time,55.99999999999977
b2-p1-fixed-1,infra-smoke-d155b003-3153-5e5f-bb62-6c56d65232a8,completed_in_time,55.78099999999995
b2-p1-fixed-1,infra-smoke-8d208970-eb70-5d15-ad56-f2f609afd984,completed_in_time,55.9849999999999
b2-p1-fixed-1,infra-smoke-a72306f3-6be9-5255-b52d-fb7b08d83dd3,completed_in_time,56.12499999999977
b2-p1-fixed-1,infra-smoke-edf4d8c8-5346-5920-8a42-1392d96f8a30,completed_in_time,55.9219999999998
b2-p1-fixed-1,infra-smoke-59d43735-d410-5d07-9862-f125aec9bcd2,completed_in_time,56.125
b2-p1-fixed-1,infra-smoke-7649a1bb-167c-573b-a501-e220162166d5,completed_in_time,56.40599999999995
b2-p1-fixed-1,infra-smoke-af28c81a-2965-550b-8346-5e98265be2c1,completed_in_time,56.5
b2-p1-fixed-1,infra-smoke-56d42309-aa22-5699-bfa1-26c468c769de,completed_in_time,56.49999999999977
b2-p1-fixed-1,infra-smoke-2722838e-aa7d-54ff-b8be-0f4da7a093ac,completed_in_time,56.4219999999998
b2-p1-fixed-1,infra-smoke-85b3cac3-1b84-5a0c-b0ce-24d0def023b3,completed_in_time,56.1869999999999
b2-p1-fixed-1,infra-smoke-86e63152-8a72-534c-bb61-aba93e8e8967,completed_in_time,56.422000000000025
b2-p1-fixed-1,infra-smoke-80ef024b-8f70-59f5-84c3-38f9376c74b9,completed_in_time,55.983999999999924
b2-p1-fixed-1,infra-smoke-dcc430ea-ed6c-59cc-8a65-a7dd13d268eb,completed_in_time,56.577999999999975
b2-p1-fixed-1,infra-smoke-9d811f8a-f5da-5c5e-b570-ade9c3edaafb,completed_in_time,56.5
b2-p1-fixed-1,infra-smoke-aa87dd79-711c-59c9-999e-d91f58354d12,completed_in_time,56.20399999999995
b2-p1-fixed-1,infra-smoke-5b0f289e-41ce-5789-be97-72789cefe8eb,completed_in_time,56.40599999999995
b2-p1-fixed-1,infra-smoke-b0a93465-cf95-5c9e-bc44-e3b0203ad8ae,completed_in_time,55.96900000000005
b2-p1-fixed-1,infra-smoke-67dc4eb9-d74d-5a3e-a056-5b77dce3cc5d,completed_in_time,55.82799999999975
b2-p1-fixed-1,infra-smoke-17252446-e8a4-5fea-9aa1-75ee22418c0a,completed_in_time,56.2349999999999
b2-p1-fixed-1,infra-smoke-fd92ee8e-3992-5e47-b4bc-5d0480814c66,completed_in_time,55.968999999999824
b2-p1-fixed-1,infra-smoke-f3d904d6-92db-5235-b801-9b2001d754dd,completed_in_time,56.1880000000001
b2-p1-fixed-1,infra-smoke-4dd99854-50bc-5045-97e8-5031372851f9,completed_in_time,56.593999999999824
b2-p1-fixed-1,infra-smoke-67457d27-a05a-5d57-a8b6-d6c69daea1d2,completed_in_time,56.28099999999995
b2-p1-fixed-1,infra-smoke-bcd4b194-f714-5fdb-bb41-d9ffd8410a63,completed_in_time,56.608999999999924
b2-p1-fixed-1,infra-smoke-a9b108a9-1672-5e8e-8a15-605ae6053578,completed_in_time,56.51599999999985
b2-p1-fixed-1,infra-smoke-f2a4b232-b0a2-5848-8482-263e3883eb78,completed_in_time,56.906999999999925
b2-p1-fixed-1,infra-smoke-4dd2f6e1-8e13-5249-b297-88f194d491b8,completed_in_time,57.093999999999824
b2-p1-fixed-1,infra-smoke-f3069232-633e-5849-b003-5e0f2b4caeba,completed_in_time,57.312999999999874
b2-p1-fixed-1,infra-smoke-f5065e04-d54b-5a09-b0d0-89e6d3675f33,completed_in_time,56.593999999999824
b2-p1-fixed-1,infra-smoke-7e797adf-c641-56a5-914c-712b014f205f,completed_in_time,56.983999999999924
b2-p1-fixed-1,infra-smoke-73d0d5e6-48d7-5fdd-88dd-6224b369e736,completed_in_time,56.718999999999824
b2-p1-fixed-1,infra-smoke-3cfe2fed-4744-58ed-8acf-6642ef3bcdf5,completed_in_time,56.62499999999977
b2-p1-fixed-1,infra-smoke-d72021b7-e5ec-51de-b857-b4b53c58b513,completed_in_time,56.67099999999982
b2-p1-fixed-1,infra-smoke-19e84188-acc9-5619-aa02-3f92396ee3cc,completed_in_time,56.875
b2-p1-fixed-1,infra-smoke-c72b4cc3-5b84-5c3d-a971-dd364420ecb7,completed_in_time,56.71900000000005
b2-p1-fixed-1,infra-smoke-2595e029-77e5-5204-8cdf-bf2a04bfd98e,completed_in_time,56.7969999999998
b2-p1-fixed-1,infra-smoke-2accc5d1-b61a-5040-879a-7e734cb370c3,completed_in_time,56.906999999999925
b2-p1-fixed-1,infra-smoke-e283366d-496f-58ae-ac88-9e4b5d90daea,completed_in_time,57.202999999999975
b2-p1-fixed-1,infra-smoke-67956bc5-ce7b-5bf8-a0d8-6ea0aa810de0,completed_in_time,57.172000000000025
b2-p1-fixed-1,infra-smoke-9cda9bf9-5bba-5187-a9fe-556aec13d23d,completed_in_time,57.12499999999977
b2-p1-fixed-1,infra-smoke-bb88e73f-26cb-57ad-bafd-d7c5f6f96688,completed_in_time,56.922000000000025
b2-p1-fixed-1,infra-smoke-3b1d6074-41f1-59c6-9d55-522d4020f66f,completed_in_time,57.29599999999982
b2-p1-fixed-1,infra-smoke-fb2fd171-fa6e-57f1-9ee7-ccf66c263764,completed_in_time,57.1719999999998
b2-p1-fixed-1,infra-smoke-2ba12e92-3abf-5ecf-bdba-9f58a16fbddc,completed_in_time,57.6719999999998
b2-p1-fixed-1,infra-smoke-2522889a-9263-5233-be2a-ecf2cd42ae43,completed_in_time,57.297000000000025
b2-p1-fixed-1,infra-smoke-8a96f5cc-0104-537e-bcbd-27ea781ad1dd,completed_in_time,57.5
b2-p1-fixed-1,infra-smoke-23baab33-4fe1-5395-ac89-1e6c6af0b4c8,completed_in_time,57.297000000000025
b2-p1-fixed-1,infra-smoke-c7f424a2-c7e6-5865-99fb-f8c09c7a0212,completed_in_time,57.1719999999998
b2-p1-fixed-1,infra-smoke-c9717e1a-a18e-56a2-93ad-6cf3463d5b5e,completed_in_time,57.20299999999975
b2-p1-fixed-1,infra-smoke-fef2584b-c745-59ac-a002-7da02281dab4,completed_in_time,57.218999999999824
b2-p1-fixed-1,infra-smoke-8fc57b7f-5c5b-5555-a3da-90e9e461947a,completed_in_time,57.202999999999975
b2-p1-fixed-1,infra-smoke-1deed1ee-8c5e-5669-89cf-f115f3577809,completed_in_time,57.21900000000005
b2-p1-fixed-1,infra-smoke-3e430292-3182-5693-9afc-33f12b63b0d1,completed_in_time,57.327999999999975
b2-p1-fixed-1,infra-smoke-304a1737-9d61-5922-819e-8153664f5df0,completed_in_time,57.4849999999999
b2-p1-fixed-1,infra-smoke-7121adfd-e851-54c3-b22c-b938ecdb854f,completed_in_time,57.593999999999824
b2-p1-fixed-1,infra-smoke-323603fc-e8ba-50e5-8271-c217a8b321b7,completed_in_time,57.218999999999824
b2-p1-fixed-1,infra-smoke-d9aebe28-da73-5ab3-8610-98f18e69bbff,completed_in_time,57.375
b2-p1-fixed-1,infra-smoke-2f36db23-82d0-5d31-8fc2-503852056a3b,completed_in_time,57.38999999999987
b2-p1-fixed-1,infra-smoke-b6eaf034-be64-50d2-afab-7bb1cbed206e,completed_in_time,57.593999999999824
b2-p1-fixed-1,infra-smoke-9c96509c-b3c9-538f-b561-47b41d29bdc9,completed_in_time,57.733999999999924
b2-p1-fixed-1,infra-smoke-f3f62d55-7647-5cca-89b7-efe06ce4a57a,completed_in_time,57.82799999999975
b2-p1-fixed-1,infra-smoke-886ec33d-5489-51c2-b74a-72c9c36b484f,completed_in_time,57.687999999999874
b2-p1-fixed-1,infra-smoke-eb4eae95-4d0f-5671-9beb-8b15e60277f2,completed_in_time,57.687999999999874
b2-p1-fixed-1,infra-smoke-0be49a48-7552-52e1-93be-f7c32fd4064c,completed_in_time,57.781999999999925
b2-p1-fixed-1,infra-smoke-c34dca56-27ee-5fdb-a62e-add57b75dc4a,completed_in_time,57.858999999999924
b2-p1-fixed-1,infra-smoke-e33ad232-ac9b-5c06-b0f2-8a6b0ac20591,completed_in_time,57.62499999999977
b2-p1-fixed-1,infra-smoke-42b5c018-6c6e-5bae-b2a3-56b76bfdf13e,completed_in_time,57.922000000000025
b2-p1-fixed-1,infra-smoke-c5deaccb-4e22-5a96-9b84-8e8f12e6c687,completed_in_time,57.40599999999995
b2-p1-fixed-1,infra-smoke-e3eb5781-7b4d-5bc9-a3c6-1acad3ff230a,completed_in_time,58.108999999999924
b2-p1-fixed-1,infra-smoke-3aab1de6-1103-5d68-8c65-3c6260e157a1,completed_in_time,58.108999999999924
b2-p1-fixed-1,infra-smoke-f45e8f90-032c-5f3f-b0c3-8e4d917f84a2,completed_in_time,57.562999999999874
b2-p1-fixed-1,infra-smoke-c149e0c8-056e-5c45-baa1-044fe7daba6f,completed_in_time,58.01499999999987
b2-p1-fixed-1,infra-smoke-1fefa62b-109b-5127-b635-002afc7290fc,completed_in_time,57.718999999999824
b2-p1-fixed-1,infra-smoke-8698e34e-bb8d-5dbc-839f-15fbb2c0c8ae,completed_in_time,57.3119999999999
b2-p1-fixed-1,infra-smoke-408f8366-35ca-5eed-a869-a5f0f194ac45,completed_in_time,58.03099999999995
b2-p1-fixed-1,infra-smoke-6c8b2cf4-ae59-506b-9f0b-6d3479268c03,completed_in_time,58.1869999999999
b2-p1-fixed-1,infra-smoke-e25ad7e3-2e99-5881-ad4d-0629f1b224ce,completed_in_time,58.1869999999999
b2-p1-fixed-1,infra-smoke-d44852a5-909d-568e-8d17-79acdaddd665,completed_in_time,57.906999999999925
b2-p1-fixed-1,infra-smoke-2731fbdc-a283-524e-b1c6-ce2c677f5104,completed_in_time,57.90599999999995
b2-p1-fixed-1,infra-smoke-e1979a85-5ae7-576e-8576-8cf0b80359f6,completed_in_time,58.20399999999995
b2-p1-fixed-1,infra-smoke-4ee49b48-033a-56f9-9648-d9c20c89c3be,completed_in_time,57.96900000000005
b2-p1-fixed-1,infra-smoke-58ce72f1-97e3-5b42-9e3d-6dc0c86736ee,completed_in_time,57.983999999999924
b2-p1-fixed-1,infra-smoke-f213b073-d195-522a-b36b-d84bc467b4ff,completed_in_time,58.3119999999999
b2-p1-fixed-1,infra-smoke-0b4f9c58-a17a-51a4-8824-d513ded4bcc3,completed_in_time,58.01599999999985
b2-p1-fixed-1,infra-smoke-b9a66274-0cce-5828-89a9-97826a944cf4,completed_in_time,58.20299999999975
b2-p1-fixed-1,infra-smoke-7e1bc64e-741a-526d-b77c-2fa6122b0547,completed_in_time,58.312999999999874
b2-p1-fixed-1,infra-smoke-e9d0b7fd-1b34-56a8-9ae7-f660da5be13c,completed_in_time,58.047000000000025
b2-p1-fixed-1,infra-smoke-1715a009-5b68-5fb2-bde9-496adcd472bb,completed_in_time,58.202999999999975
b2-p1-fixed-1,infra-smoke-c8b776eb-2c9b-5d8c-8f6b-a0b6269e5d41,completed_in_time,58.125
b2-p1-fixed-1,infra-smoke-6288de4b-6b4c-59dc-a3af-c7778789f400,completed_in_time,58.49999999999977
b2-p1-fixed-1,infra-smoke-8ea6b481-eb42-5386-b1d7-8a5d109d5eb4,completed_in_time,58.53099999999972
b2-p1-fixed-1,infra-smoke-fa1c799e-2939-56bb-b196-0f3efd8bc81a,completed_in_time,58.608999999999924
b2-p1-fixed-1,infra-smoke-8f27a624-ce78-5d57-9632-2cd3c318ab1b,completed_in_time,57.797000000000025
b2-p1-fixed-1,infra-smoke-b6a29a86-6f77-58f0-949e-c51ebe5f5967,completed_in_time,58.71799999999985
b2-p1-fixed-1,infra-smoke-af667fef-3c28-57f4-97b9-403c4ea18170,completed_in_time,58.108999999999924
b2-p1-fixed-1,infra-smoke-0e668e1d-4b23-50b4-83c5-df7eaf342fdb,completed_in_time,58.46900000000005
b2-p1-fixed-1,infra-smoke-c67222e4-ced8-585b-8cef-a71841297031,completed_in_time,58.21799999999985
b2-p1-fixed-1,infra-smoke-879c4fd1-5be4-569b-b92c-d3f4e403cc15,completed_in_time,58.577999999999975
b2-p1-fixed-1,infra-smoke-9518f82e-0f9a-5ef7-90d5-82d3a6afdb14,completed_in_time,58.6099999999999
b2-p1-fixed-1,infra-smoke-ba01caae-289a-5553-b939-b2e704c1e948,completed_in_time,57.875
b2-p1-fixed-1,infra-smoke-05205937-2980-56c0-8930-fe57ffdd0ce8,completed_in_time,58.312999999999874
b2-p1-fixed-1,infra-smoke-82257a20-5992-54c0-a788-8afb243e7eea,completed_in_time,58.297000000000025
b2-p1-fixed-1,infra-smoke-654efa95-6f7c-5907-bd07-8d4a1f3326c1,completed_in_time,58.21799999999985
b2-p1-fixed-1,infra-smoke-5d9572fd-a26f-5bed-be14-c5effefb41d0,completed_in_time,58.281999999999925
b2-p1-fixed-1,infra-smoke-dd8f68df-6d5b-57da-873a-f8e9467f9250,completed_in_time,58.218999999999824
b2-p1-fixed-1,infra-smoke-3d1fa0b8-71f0-5392-911b-b6cd296c157e,completed_in_time,58.5619999999999
b2-p1-fixed-1,infra-smoke-559921ed-d236-54ee-be72-152084677eef,completed_in_time,58.577999999999975
b2-p1-fixed-1,infra-smoke-9963a93e-385b-5cf5-a7a6-7231d6dc1d39,completed_in_time,58.187999999999874
b2-p1-fixed-1,infra-smoke-4f885312-165f-5530-b73c-af41de4e39bd,completed_in_time,58.468999999999824
b2-p1-fixed-1,infra-smoke-e94b778f-4be4-5a8f-ac56-c4fecf6da872,completed_in_time,58.593999999999824
b2-p1-fixed-1,infra-smoke-2bcf375a-2793-5f8e-ad25-4abff0f71588,completed_in_time,58.82799999999975
b2-p1-fixed-1,infra-smoke-9d965d93-2f50-51be-84b8-8e8d29d36142,completed_in_time,58.687999999999874
b2-p1-fixed-1,infra-smoke-ff160ec3-d3d8-5118-bf74-df6ba530c9d0,completed_in_time,58.625
b2-p1-fixed-1,infra-smoke-154c7ef3-c11b-580d-8a3d-40fbafe46ae3,completed_in_time,58.6099999999999
b2-p1-fixed-1,infra-smoke-94f3c6bb-8f06-5072-97c2-757de9d65043,completed_in_time,58.8119999999999
b2-p1-fixed-1,infra-smoke-87c35385-28fe-5a48-aafa-4827d2f1fdb8,completed_in_time,58.7349999999999
b2-p1-fixed-1,infra-smoke-00f67b43-e26a-56de-a13c-a28eff0dc50c,completed_in_time,58.96900000000005
b2-p1-fixed-1,infra-smoke-6c20f803-7820-5a8c-8c4c-5441e7aeac37,completed_in_time,58.71900000000005
b2-p1-fixed-1,infra-smoke-aa60969d-ddb5-55f8-8e09-2a44e88631c9,completed_in_time,58.625
b2-p1-fixed-1,infra-smoke-9dbf7693-395a-508f-a377-2ff70331ef9a,completed_in_time,58.422000000000025
b2-p1-fixed-1,infra-smoke-74628ae8-856c-5fa2-8acb-e1c5cdc67829,completed_in_time,58.218999999999824
b2-p1-fixed-1,infra-smoke-3f9b5708-2f6f-5c7c-aad6-2f8267c3e4d8,completed_in_time,58.233999999999924
b2-p1-fixed-1,infra-smoke-e4942b14-a401-5bc6-b0a3-3b1d4133917d,completed_in_time,56.8130000000001
b2-p1-fixed-1,infra-smoke-6144c88f-bd3d-51c1-8327-58e0b5302419,completed_in_time,56.875
b2-p1-fixed-1,infra-smoke-8ed402b1-af5d-5607-aec1-4d3adc0ed67e,completed_in_time,57.108999999999924
b2-p1-fixed-1,infra-smoke-96c6e321-d8d2-5a35-ae33-42cdf6b4dd5d,completed_in_time,56.297000000000025
b2-p1-fixed-1,infra-smoke-150b99e9-456c-51c2-a19e-ffc4b6b50734,completed_in_time,56.0
b2-p1-fixed-1,infra-smoke-ff3baa7c-5dc4-521b-8526-312adf9264c0,completed_in_time,55.61000000000013
b2-p1-fixed-1,infra-smoke-54b32485-76ac-5e7a-8d5f-0e442a346e0e,completed_in_time,55.01499999999987
b2-p1-fixed-1,infra-smoke-b52c96ec-17bb-5f75-a55c-1aabae2bf455,completed_in_time,55.125
b2-p1-fixed-1,infra-smoke-cb1363b9-84c9-5a20-b65c-f04764366e4e,completed_in_time,54.422000000000025
b2-p1-fixed-1,infra-smoke-95f3b8e6-65cc-550f-97e2-098658e136af,completed_in_time,54.125
b2-p1-fixed-1,infra-smoke-ac0e035c-9f89-5819-bbdf-1b716c1d8d05,completed_in_time,53.297000000000025
b2-p1-fixed-1,infra-smoke-d8b8672e-095e-58d7-9a70-98619150f3d1,completed_in_time,53.21799999999985
b2-p1-fixed-1,infra-smoke-76a97279-7476-5b48-ae5e-b315238fb783,completed_in_time,52.641000000000076
b2-p1-fixed-1,infra-smoke-82fdc540-7a3c-5931-a0ef-c7db71dd9d86,completed_in_time,51.9380000000001
b2-p1-fixed-1,infra-smoke-4e1d640d-9a77-52ae-b25c-38cf4e7e12b8,completed_in_time,51.702999999999975
b2-p1-fixed-1,infra-smoke-479c426d-3990-564c-8f09-77fcf6703ea7,completed_in_time,51.516000000000076
b2-p1-fixed-1,infra-smoke-69f014b5-6269-5b3b-9d81-a907432612f3,completed_in_time,50.88999999999987
b2-p1-fixed-1,infra-smoke-d586098a-b583-54fe-968d-95bb9f2c4409,completed_in_time,50.61000000000013
b2-p1-fixed-1,infra-smoke-749fe7cb-e2e1-5136-8304-e6f46cc1fdbf,completed_in_time,50.03099999999995
b2-p1-fixed-1,infra-smoke-d2f850bc-be10-52bb-aef1-99190907f53c,completed_in_time,49.625
b2-p1-fixed-1,infra-smoke-a0c1a1a6-a8b9-5a65-b67f-dd3c7339e9e9,completed_in_time,49.1880000000001
b2-p1-fixed-1,infra-smoke-406e7790-d262-5e07-9764-ca774f720c48,completed_in_time,48.63999999999987
b2-p1-fixed-1,infra-smoke-3542d90c-01a2-5486-8a71-44efe673826b,completed_in_time,48.3130000000001
b2-p1-fixed-1,infra-smoke-8556e176-a533-56f0-83a1-842ec9a60fcf,completed_in_time,47.71900000000005
b2-p1-fixed-1,infra-smoke-8379c9ab-9ce3-5413-97b1-71e694d0114e,completed_in_time,47.327999999999975
b2-p1-fixed-1,infra-smoke-79f52c28-80c7-58e0-a1f0-e0f48c3b46e4,completed_in_time,46.672000000000025
b2-p2-adaptive,infra-smoke-f3bd558e-556c-5962-abea-bd7d0c9d6d07,completed_in_time,4.75
b2-p2-adaptive,infra-smoke-0161fad5-e58e-5bb5-8376-e8f6576444f5,completed_in_time,4.280999999999949
b2-p2-adaptive,infra-smoke-e5e06ea7-c692-5f1a-a46b-58bd7270ef10,completed_in_time,3.7970000000000255
b2-p2-adaptive,infra-smoke-b4764a0c-1f6b-5817-baaa-96006113a6dc,completed_in_time,3.2970000000000255
b2-p2-adaptive,infra-smoke-eb9ef1a8-01d7-515a-aa05-a4decc640115,completed_in_time,2.7970000000000255
b2-p2-adaptive,infra-smoke-307f3593-c206-5c80-99cb-a2fd697b9ba3,completed_in_time,2.311999999999898
b2-p2-adaptive,infra-smoke-e37bbf3c-0177-54f7-ae1e-0a7575b8c5e8,completed_in_time,1.8119999999998981
b2-p2-adaptive,infra-smoke-0aae68b6-438f-5836-9e0c-e76f9f0b68a4,completed_in_time,6.391000000000076
b2-p2-adaptive,infra-smoke-7d185dfd-0150-5d00-ba9f-af6eb7ae0053,completed_in_time,5.9220000000000255
b2-p2-adaptive,infra-smoke-ff0a6380-e9ac-580d-959b-cc592b9b7dab,completed_in_time,5.2029999999999745
b2-p2-adaptive,infra-smoke-ba3dc3f7-8c16-59f7-8764-4c737ce29bc3,completed_in_time,4.905999999999949
b2-p2-adaptive,infra-smoke-fa8d4f0e-bc6b-58b0-8262-b7c57b7569e9,completed_in_time,4.4220000000000255
b2-p2-adaptive,infra-smoke-0fab97d9-2831-531f-b12a-2e25e4e73149,completed_in_time,3.9839999999999236
b2-p2-adaptive,infra-smoke-f7e17afd-1647-5084-8a7b-e023141311e1,completed_in_time,3.5
b2-p2-adaptive,infra-smoke-439126e2-cf93-5989-911e-58dce8b9fb3b,completed_in_time,2.905999999999949
b2-p2-adaptive,infra-smoke-f70f3ae7-1fd2-50bd-be04-7ad386c283e1,completed_in_time,2.5
b2-p2-adaptive,infra-smoke-b9ecce2b-d53a-5078-8f5e-17db1611ad55,completed_in_time,7.0
b2-p2-adaptive,infra-smoke-a8f2d465-7b37-5b81-8768-26d641e594a6,completed_in_time,6.594000000000051
b2-p2-adaptive,infra-smoke-9652e608-75f3-5f71-a89b-47ecdd5a3aac,completed_in_time,6.233999999999924
b2-p2-adaptive,infra-smoke-923883dc-32ba-5aa9-9bcc-7bb3fc0ee88b,completed_in_time,5.375
b2-p2-adaptive,infra-smoke-566a7885-606b-573a-85c6-9ccf07c8a5c8,completed_in_time,5.264999999999873
b2-p2-adaptive,infra-smoke-cfb90584-9653-5548-92f2-1a172f0d9380,completed_in_time,4.764999999999873
b2-p2-adaptive,infra-smoke-6643f6d9-3306-5324-8b3b-3c34562b0243,completed_in_time,4.217999999999847
b2-p2-adaptive,infra-smoke-dfe2c2f0-18ea-5501-8bca-2890561dde37,completed_in_time,3.7029999999999745
b2-p2-adaptive,infra-smoke-48bf695a-e802-5b49-a296-a0de4dd852d9,completed_in_time,3.2029999999999745
b2-p2-adaptive,infra-smoke-5236edd8-6112-55ed-9cd8-cbe3019e0994,completed_in_time,2.719000000000051
b2-p2-adaptive,infra-smoke-fd725f26-d1a1-5f45-bf9c-3827e596576b,completed_in_time,2.094000000000051
b2-p2-adaptive,infra-smoke-f8080b95-66fc-5160-a50b-401b638fbabb,completed_in_time,1.5929999999998472
b2-p2-adaptive,infra-smoke-cb6c4936-e663-51b9-a45c-1f85f6a23ead,completed_in_time,6.405999999999949
b2-p2-adaptive,infra-smoke-f960a57e-9cfb-52ce-bae2-e2738e899f04,completed_in_time,6.592999999999847
b2-p2-adaptive,infra-smoke-7dc0df23-4ad7-557c-9c06-fbc611a3c099,completed_in_time,5.829000000000178
b2-p2-adaptive,infra-smoke-5f17ac9b-f97d-5bdb-901f-e7d39e9dbe79,completed_in_time,6.141000000000076
b2-p2-adaptive,infra-smoke-189d4557-3d55-5def-aa16-da914e0108c4,completed_in_time,5.4220000000000255
b2-p2-adaptive,infra-smoke-974b37d8-5b99-5102-8207-c0a03dfc4fbc,completed_in_time,5.3279999999999745
b2-p2-adaptive,infra-smoke-521eda9f-c15b-50a3-bfeb-429e7e6e236a,completed_in_time,6.608999999999924
b2-p2-adaptive,infra-smoke-78cae365-7f0f-5e3f-99a4-8f71b92afd26,completed_in_time,5.375
b2-p2-adaptive,infra-smoke-0cb0c162-a062-50b9-9436-555883b7f845,completed_in_time,5.735000000000127
b2-p2-adaptive,infra-smoke-1730b4fb-32f5-57ca-a984-a1039a04f808,completed_in_time,5.483999999999924
b2-p2-adaptive,infra-smoke-b4280738-15c7-52cb-8813-242d0dd8c24b,completed_in_time,5.780999999999949
b2-p2-adaptive,infra-smoke-8bedb7ea-b93a-5a9d-98c6-89dbc793f454,completed_in_time,5.860000000000127
b2-p2-adaptive,infra-smoke-2e3cdebd-3443-5c85-81e3-265fdef30f56,completed_in_time,5.358999999999924
b2-p2-adaptive,infra-smoke-5992b708-2fd8-5f3c-9c10-7b2da908cb12,completed_in_time,6.030999999999949
b2-p2-adaptive,infra-smoke-99c6e9e9-98d5-5e79-bc80-453376c7b40d,completed_in_time,5.920999999999822
b2-p2-adaptive,infra-smoke-52e17a34-984b-56ae-80ac-2126353a86e7,completed_in_time,5.704000000000178
b2-p2-adaptive,infra-smoke-00ee9450-5046-55ee-8eab-905888fa7f4f,completed_in_time,6.717999999999847
b2-p2-adaptive,infra-smoke-c19c6377-6b85-5cd3-a39c-a5853452039a,completed_in_time,6.266000000000076
b2-p2-adaptive,infra-smoke-2ead0035-ea8d-5af7-a0dc-c2395c762439,completed_in_time,6.7970000000000255
b2-p2-adaptive,infra-smoke-5298502e-3b91-58cf-a947-2bf4f15cc713,completed_in_time,7.4529999999999745
b2-p2-adaptive,infra-smoke-528ea394-35dd-5f6c-8a9c-27c355f32259,completed_in_time,7.6720000000000255
b2-p2-adaptive,infra-smoke-4b51a060-6419-5696-8bee-4c78569ba63a,completed_in_time,6.655999999999949
b2-p2-adaptive,infra-smoke-97f7352e-6645-5035-a453-689ed585ade0,completed_in_time,6.436999999999898
b2-p2-adaptive,infra-smoke-ea354820-7375-5288-95e7-b58ec124d81c,completed_in_time,6.766000000000076
b2-p2-adaptive,infra-smoke-a0096c15-488d-539a-b24b-6b5262ec0bcc,completed_in_time,8.514999999999873
b2-p2-adaptive,infra-smoke-9d6394f8-b4b9-5d9b-a654-43666399d7cf,completed_in_time,7.764999999999873
b2-p2-adaptive,infra-smoke-acac3a28-4abc-5044-9f90-0305f33f743e,completed_in_time,8.202999999999975
b2-p2-adaptive,infra-smoke-855211af-3353-5122-8084-f1d811c1b309,completed_in_time,7.063000000000102
b2-p2-adaptive,infra-smoke-836c5b4f-e821-52f6-a8b1-d20d77536b32,completed_in_time,6.6720000000000255
b2-p2-adaptive,infra-smoke-68bb0463-e9ee-573f-8767-8e657a832b6c,completed_in_time,7.719000000000051
b2-p2-adaptive,infra-smoke-cc211939-61f7-50c2-98c6-9bc0faecaae4,completed_in_time,7.969000000000051
b2-p2-adaptive,infra-smoke-12850d01-bf7f-58b6-b579-834a13107b3d,completed_in_time,7.219000000000051
b2-p2-adaptive,infra-smoke-96093d32-ba39-54ad-bc8a-f6c3d7e84a95,completed_in_time,6.844000000000051
b2-p2-adaptive,infra-smoke-240757bd-51a5-56c5-bff0-d9179a7e5d17,completed_in_time,7.344000000000051
b2-p2-adaptive,infra-smoke-cfe4ec45-aea3-5eff-97d8-3cbd303b9001,completed_in_time,8.5
b2-p2-adaptive,infra-smoke-f1962619-fe4a-57aa-90e3-175acbc79462,completed_in_time,8.264999999999873
b2-p2-adaptive,infra-smoke-ebc8b284-8a9a-55bc-8a7f-41a7f278e6f4,completed_in_time,8.264999999999873
b2-p2-adaptive,infra-smoke-ed0a5e1e-ff4e-5e23-9289-d1ee0a67a20a,completed_in_time,7.891000000000076
b2-p2-adaptive,infra-smoke-8567cf0b-43e7-5dd8-9ae4-d9b167e0dac5,completed_in_time,8.655999999999949
b2-p2-adaptive,infra-smoke-81bedee4-3e4b-50e0-b952-d169805bb7f4,completed_in_time,8.688000000000102
b2-p2-adaptive,infra-smoke-36b4386e-2493-58a0-b989-5695e55a6fb5,completed_in_time,9.436999999999898
b2-p2-adaptive,infra-smoke-f6414817-e32b-5590-9c0d-474b6b5a2c77,completed_in_time,8.782000000000153
b2-p2-adaptive,infra-smoke-09d3145f-5c06-542a-a446-3aab39284876,completed_in_time,8.280999999999949
b2-p2-adaptive,infra-smoke-a5bd3e6b-4386-5da3-abc1-01ae083bbf5e,completed_in_time,8.922000000000025
b2-p2-adaptive,infra-smoke-62e046c7-a598-5a44-8416-fadd55d051f5,completed_in_time,8.75
b2-p2-adaptive,infra-smoke-c2a7779f-447e-5ab8-9be3-4e959ecce086,completed_in_time,8.983999999999924
b2-p2-adaptive,infra-smoke-36b21e1c-cb4d-56ac-99a1-dc8989fcbf47,completed_in_time,8.672000000000025
b2-p2-adaptive,infra-smoke-941bb1ed-ff5c-51cb-a836-a1a498b798a6,completed_in_time,9.5
b2-p2-adaptive,infra-smoke-c797d5fc-8a71-5f33-891e-67b3653c3346,completed_in_time,9.327999999999975
b2-p2-adaptive,infra-smoke-67cb99de-e95a-525a-87ef-d7017929e4d8,completed_in_time,9.327999999999975
b2-p2-adaptive,infra-smoke-4892a039-68b9-5773-87dc-46e440d3a83e,completed_in_time,9.217999999999847
b2-p2-adaptive,infra-smoke-cf403ac3-86f8-5688-afea-b50e626f2275,completed_in_time,9.860000000000127
b2-p2-adaptive,infra-smoke-5c7f0bca-97a5-5247-b2f3-96d2e5add572,completed_in_time,9.375
b2-p2-adaptive,infra-smoke-28826c2d-d741-51f3-badb-1a1d01eec025,completed_in_time,9.108999999999924
b2-p2-adaptive,infra-smoke-68c61e3b-ffb7-54a6-9393-c29ceceee5a8,completed_in_time,9.858999999999924
b2-p2-adaptive,infra-smoke-5e1f931c-73b1-5cc0-8cb4-96c1678a49fd,completed_in_time,9.688000000000102
b2-p2-adaptive,infra-smoke-5cb83b9d-35e1-5033-9314-699c44457242,completed_in_time,9.780999999999949
b2-p2-adaptive,infra-smoke-78eb69f9-b50f-5a21-8bef-73203085a324,completed_in_time,10.733999999999924
b2-p2-adaptive,infra-smoke-4151431c-ca0a-5fed-8ef9-f9d419d3cbe7,completed_in_time,10.702999999999975
b2-p2-adaptive,infra-smoke-dc5909a2-a79f-5207-8f18-cdc48921ee05,completed_in_time,10.297000000000025
b2-p2-adaptive,infra-smoke-0b503c4d-f668-583c-ba6b-ae9fda2c051b,completed_in_time,10.655999999999949
b2-p2-adaptive,infra-smoke-9ae3cb90-104c-5309-bb3a-4209254d6c69,completed_in_time,10.922000000000025
b2-p2-adaptive,infra-smoke-dfd7f159-5421-51d8-8e03-e2792f601d6b,completed_in_time,10.655999999999949
b2-p2-adaptive,infra-smoke-4efbe3a3-0326-5f90-a71c-583a47112904,completed_in_time,10.702999999999975
b2-p2-adaptive,infra-smoke-e9471ce5-bb05-59c5-a6b5-06fa11fdde7a,completed_in_time,10.702999999999975
b2-p2-adaptive,infra-smoke-7a831d40-d8ec-57c2-b88d-5c0fc3cdf8ea,completed_in_time,10.75
b2-p2-adaptive,infra-smoke-fc5a2797-0afe-5a16-80ec-3361881fa501,completed_in_time,10.702999999999975
b2-p2-adaptive,infra-smoke-fb4b092e-575f-51b1-9f40-213dbb8e3f09,completed_in_time,10.719000000000051
b2-p2-adaptive,infra-smoke-f0169806-63ce-578f-9fd8-7090a91303fb,completed_in_time,10.483999999999924
b2-p2-adaptive,infra-smoke-85094c0c-dc0b-5220-87fd-e30a5f5234d3,completed_in_time,13.061999999999898
b2-p2-adaptive,infra-smoke-a2f4ad95-ba21-5baf-8224-f99f4268cf06,completed_in_time,12.813000000000102
b2-p2-adaptive,infra-smoke-ac7ecfcb-7208-5c38-8d31-0f807fd3b2fa,completed_in_time,11.688000000000102
b2-p2-adaptive,infra-smoke-d710eb31-6ac2-550c-bf5d-ead78b3f43b6,completed_in_time,12.485000000000127
b2-p2-adaptive,infra-smoke-28d58b19-b05c-538f-97c4-3b3bee1b29d7,completed_in_time,12.108999999999924
b2-p2-adaptive,infra-smoke-3936789b-5e95-5a36-abf0-b2ee85e38b22,completed_in_time,12.016000000000076
b2-p2-adaptive,infra-smoke-8d96b4b6-a30e-5728-95ad-92e19ec9153a,completed_in_time,12.297000000000025
b2-p2-adaptive,infra-smoke-db4f012e-5e3f-5545-bb26-8b43fa633fd4,completed_in_time,12.032000000000153
b2-p2-adaptive,infra-smoke-bac2d895-2963-5c51-af0f-3ad33632a58a,completed_in_time,12.483999999999924
b2-p2-adaptive,infra-smoke-15cfc0b2-6167-5b9f-9eac-6041af50cd46,completed_in_time,12.077999999999975
b2-p2-adaptive,infra-smoke-4e5ca66d-c3fe-55c0-bd35-9862a13cdba7,completed_in_time,12.014999999999873
b2-p2-adaptive,infra-smoke-4544712d-fd58-5a4e-89bc-20ef93414c71,completed_in_time,11.844000000000051
b2-p2-adaptive,infra-smoke-e68653c4-513f-5c0d-b4ed-2f2a0edcf866,completed_in_time,12.469000000000051
b2-p2-adaptive,infra-smoke-c915ff93-8859-5a95-a511-a8e57fd1bee9,completed_in_time,11.702999999999975
b2-p2-adaptive,infra-smoke-79a6196b-a404-537e-872b-8d024a6e08c6,completed_in_time,11.844000000000051
b2-p2-adaptive,infra-smoke-a8f35176-f94a-5138-9c48-2d9bfcd95651,completed_in_time,11.358999999999924
b2-p2-adaptive,infra-smoke-35e33702-cfcd-50aa-9d9a-eefcbe5176b6,completed_in_time,13.0
b2-p2-adaptive,infra-smoke-d9c3bfab-6974-5b7b-a83a-7fbbe640f907,completed_in_time,14.235000000000127
b2-p2-adaptive,infra-smoke-61bb032b-ea95-55f2-bbe5-abd1bf96eb35,completed_in_time,13.577999999999975
b2-p2-adaptive,infra-smoke-0e7e421a-2d4c-5c62-b96f-0f921c94b9e0,completed_in_time,13.108999999999924
b2-p2-adaptive,infra-smoke-aaa45bff-3b6c-5fb7-bc88-1955aed31e4c,completed_in_time,14.141000000000076
b2-p2-adaptive,infra-smoke-62f88d07-7add-5e91-a333-e908eab750ad,completed_in_time,14.530999999999949
b2-p2-adaptive,infra-smoke-25c5f864-a62b-553e-a745-701e8ae85500,completed_in_time,14.202999999999975
b2-p2-adaptive,infra-smoke-985590ed-da4d-5644-84a8-0308f7479695,completed_in_time,13.405999999999949
b2-p2-adaptive,infra-smoke-27ea0b58-55b7-5b6e-94e3-7c1dc1844a25,completed_in_time,14.452999999999975
b2-p2-adaptive,infra-smoke-a8997750-4df0-51bb-a393-b5e393047123,completed_in_time,12.952999999999975
b2-p2-adaptive,infra-smoke-9c2c8146-bae7-572f-8980-10234e093852,completed_in_time,14.0
b2-p2-adaptive,infra-smoke-d47fefbb-160f-5984-bf63-aebe0cfba7c8,completed_in_time,13.5
b2-p2-adaptive,infra-smoke-addc61dc-16a4-5d2c-bc85-429a76713d81,completed_in_time,13.952999999999975
b2-p2-adaptive,infra-smoke-1a75eda3-6daa-5af2-863f-fbe579cc8007,completed_in_time,13.907000000000153
b2-p2-adaptive,infra-smoke-1041c538-77e4-5c57-a983-d66af571fdeb,completed_in_time,13.719000000000051
b2-p2-adaptive,infra-smoke-5acbddfc-487c-5fa8-9c2a-a83ffd75ae97,completed_in_time,13.530999999999949
b2-p2-adaptive,infra-smoke-c18c0a40-9868-55a8-b018-eb557eca6221,completed_in_time,14.344000000000051
b2-p2-adaptive,infra-smoke-77b2fec7-12b0-5344-8ffd-07cac9580727,completed_in_time,14.702999999999975
b2-p2-adaptive,infra-smoke-53939d93-32a8-5c7c-ab11-6a1f989d27d9,completed_in_time,15.422000000000025
b2-p2-adaptive,infra-smoke-2d170926-9e51-58e3-bf9d-616e2bc84a7e,completed_in_time,14.625
b2-p2-adaptive,infra-smoke-58e7fcfe-cb62-5cd1-b299-c716ec426e61,completed_in_time,15.202999999999975
b2-p2-adaptive,infra-smoke-f7b6ba6f-5a48-5c93-841e-a24830737731,completed_in_time,14.827999999999975
b2-p2-adaptive,infra-smoke-01530415-05d5-50dd-ae17-4074609c8825,completed_in_time,15.813000000000102
b2-p2-adaptive,infra-smoke-82cc07f1-7bd6-56fa-90c6-f7f1db2de637,completed_in_time,15.436999999999898
b2-p2-adaptive,infra-smoke-dc4636c8-0986-55ed-9293-c1004e50fb7a,completed_in_time,16.09400000000005
b2-p2-adaptive,infra-smoke-070b375d-4257-5fa4-832e-3e884a57e777,completed_in_time,15.422000000000025
b2-p2-adaptive,infra-smoke-13a67d4a-1258-5358-869e-e972e933b5a3,completed_in_time,15.938000000000102
b2-p2-adaptive,infra-smoke-9078c4cf-4164-5c8f-9d24-febc3f087e74,completed_in_time,15.125
b2-p2-adaptive,infra-smoke-55c16fad-723c-5d3d-bbf0-4abbc23734ae,completed_in_time,15.311999999999898
b2-p2-adaptive,infra-smoke-58daae93-745c-5a2b-a82e-ee8c2bf351d1,completed_in_time,15.25
b2-p2-adaptive,infra-smoke-658cb237-0438-536c-a1d3-6cd91d66f09a,completed_in_time,15.313000000000102
b2-p2-adaptive,infra-smoke-ec6d6303-2e9c-5672-ba1a-683263fedc65,completed_in_time,15.641000000000076
b2-p2-adaptive,infra-smoke-3fff8677-a25a-5bad-9152-57dbe1fe6540,completed_in_time,14.733999999999924
b2-p2-adaptive,infra-smoke-296cfcbb-a746-5352-9b42-4807013a1292,completed_in_time,15.905999999999949
b2-p2-adaptive,infra-smoke-034663f5-10b9-5bec-886e-06bd517b76e7,completed_in_time,15.735000000000127
b2-p2-adaptive,infra-smoke-7776cc94-e376-5209-996b-9cdd8120272d,completed_in_time,17.391000000000076
b2-p2-adaptive,infra-smoke-34f31c88-2905-5c71-87d6-ab651ba9d001,completed_in_time,16.797000000000025
b2-p2-adaptive,infra-smoke-5f1ce216-ea45-5bfc-b467-5805a41973e8,completed_in_time,17.28099999999995
b2-p2-adaptive,infra-smoke-af68af04-05aa-54c8-9515-0f301468494a,completed_in_time,17.797000000000025
b2-p2-adaptive,infra-smoke-951056cf-649b-546c-8c55-0522910955f7,completed_in_time,17.09400000000005
b2-p2-adaptive,infra-smoke-3d009288-4a18-5966-a278-e11e86f25983,completed_in_time,17.014999999999873
b2-p2-adaptive,infra-smoke-377463e0-8df1-517a-aa3e-39af766da364,completed_in_time,16.17099999999982
b2-p2-adaptive,infra-smoke-62a2a897-712a-56f3-a172-af13c01a48a8,completed_in_time,17.141000000000076
b2-p2-adaptive,infra-smoke-b6c45bc3-f781-559e-80ae-41e13197b39c,completed_in_time,16.922000000000025
b2-p2-adaptive,infra-smoke-9d3588b0-2115-548c-98f4-833846062dfd,completed_in_time,17.125
b2-p2-adaptive,infra-smoke-c67551cd-14e1-55ef-a067-ddb46aab1332,completed_in_time,17.358999999999924
b2-p2-adaptive,infra-smoke-8ca30f60-2761-5ce4-b124-c2e6e699a53d,completed_in_time,18.40599999999995
b2-p2-adaptive,infra-smoke-392190de-6b26-5c0d-a8b7-86a11b0d75b8,completed_in_time,17.46900000000005
b2-p2-adaptive,infra-smoke-e867f188-489f-5038-bd4a-1c0bbc3d27d5,completed_in_time,17.389999999999873
b2-p2-adaptive,infra-smoke-8a9d3bdb-ae2d-5472-8e15-5f696af6a094,completed_in_time,17.90599999999995
b2-p2-adaptive,infra-smoke-ffab0a01-3e68-558b-ac8c-b9e77f7d5038,completed_in_time,18.311999999999898
b2-p2-adaptive,infra-smoke-c2c0a598-6cb1-51cd-aaed-c3d2c8875041,completed_in_time,17.827999999999975
b2-p2-adaptive,infra-smoke-1bf8c285-6b72-5a66-8ec2-107eddd6befd,completed_in_time,17.967999999999847
b2-p2-adaptive,infra-smoke-e2f643f8-d9ac-530c-80f7-f2454135d55e,completed_in_time,19.03099999999995
b2-p2-adaptive,infra-smoke-6aae4ba9-9304-54c4-9d92-22b9c2def359,completed_in_time,18.016000000000076
b2-p2-adaptive,infra-smoke-5db5073c-8479-55ec-ac9d-23ae2feff3a7,completed_in_time,19.108999999999924
b2-p2-adaptive,infra-smoke-e823f568-872f-593d-901a-09146ded9983,completed_in_time,17.78099999999995
b2-p2-adaptive,infra-smoke-743caa8e-7a1b-5cd3-bd4f-edb03edfa05e,completed_in_time,19.188000000000102
b2-p2-adaptive,infra-smoke-ebba629a-39c9-5bc0-be0f-69431f471488,completed_in_time,19.202999999999975
b2-p2-adaptive,infra-smoke-0bd2a415-3976-5083-a732-2f8d0a63850a,completed_in_time,18.608999999999924
b2-p2-adaptive,infra-smoke-23953fac-46a9-5d44-a15e-af1c87412dad,completed_in_time,18.577999999999975
b2-p2-adaptive,infra-smoke-750bdc21-3ab5-5eea-88f3-b936ca3ce663,completed_in_time,18.077999999999975
b2-p2-adaptive,infra-smoke-e1ee8531-8a27-5f50-bd0a-1902ed6086f3,completed_in_time,18.625
b2-p2-adaptive,infra-smoke-10db8d60-b04e-5af7-8364-c90f9b19f977,completed_in_time,18.735000000000127
b2-p2-adaptive,infra-smoke-597173fb-1d53-53bb-b50a-b9dbe8335c03,completed_in_time,19.422000000000025
b2-p2-adaptive,infra-smoke-4c90eae6-8cc8-5840-a667-1c3b34c815b0,completed_in_time,19.907000000000153
b2-p2-adaptive,infra-smoke-0849397c-cc2a-5dd0-98ac-df6c6cfb123c,completed_in_time,20.5
b2-p2-adaptive,infra-smoke-bf40d158-250c-514a-a581-e2f25f6bc1ec,completed_in_time,19.875
b2-p2-adaptive,infra-smoke-de5f0c97-cbe5-5c57-b08a-9f4ca126b073,completed_in_time,19.766000000000076
b2-p2-adaptive,infra-smoke-907070cf-c72d-5b88-81d8-21d5ae89847c,completed_in_time,20.0
b2-p2-adaptive,infra-smoke-6f94aa91-7e4e-56e9-b5df-e9a165e80cbb,completed_in_time,19.532000000000153
b2-p2-adaptive,infra-smoke-7d60b991-37c3-55a4-bd01-d19e0fc3c724,completed_in_time,19.938000000000102
b2-p2-adaptive,infra-smoke-e5a3ec10-539e-5c0b-82d6-e84a2dff1260,completed_in_time,20.688000000000102
b2-p2-adaptive,infra-smoke-5288d5e7-1e1d-57e7-83d3-95f78d2a99d6,completed_in_time,20.327999999999975
b2-p2-adaptive,infra-smoke-5ea5af57-e184-588e-9685-26ca9c190451,completed_in_time,20.46900000000005
b2-p2-adaptive,infra-smoke-b89aeee6-424b-5135-9787-77ec2c4aebce,completed_in_time,20.891000000000076
b2-p2-adaptive,infra-smoke-e2ef32c2-6c5a-5021-9576-2525aa1975c6,completed_in_time,20.797000000000025
b2-p2-adaptive,infra-smoke-eee3e029-d098-591d-b039-b6f5e2ebb923,completed_in_time,21.188000000000102
b2-p2-adaptive,infra-smoke-447fdfaa-0332-5d5c-a6fb-e2c66996778d,completed_in_time,20.514999999999873
b2-p2-adaptive,infra-smoke-fda84df6-18ba-5d99-9d03-8bb3d6e01a56,completed_in_time,20.90599999999995
b2-p2-adaptive,infra-smoke-accc8f78-a580-5920-b5d3-abaf65b0bf67,completed_in_time,21.217999999999847
b2-p2-adaptive,infra-smoke-bcd38b09-ff67-53a2-9732-4f9e4a1e8c20,completed_in_time,20.983999999999924
b2-p2-adaptive,infra-smoke-88943e9b-04b3-576a-bb40-844ab254d981,completed_in_time,22.297000000000025
b2-p2-adaptive,infra-smoke-a55b8fa6-a51e-513d-94e8-7b1b517be036,completed_in_time,21.735000000000127
b2-p2-adaptive,infra-smoke-17f33147-d7bd-5c8d-ac05-66f987ac1a07,completed_in_time,20.71900000000005
b2-p2-adaptive,infra-smoke-6a09fccd-87f2-58db-bd1c-e3399d73a54f,completed_in_time,21.672000000000025
b2-p2-adaptive,infra-smoke-59c142de-c5d3-5396-a03b-1a8a74b2030b,completed_in_time,21.016000000000076
b2-p2-adaptive,infra-smoke-53477104-4cc1-5f74-9f87-8bedd2873784,completed_in_time,21.483999999999924
b2-p2-adaptive,infra-smoke-35d4b2d3-690a-56a3-a89c-b5ce3febf95f,completed_in_time,22.29599999999982
b2-p2-adaptive,infra-smoke-751708eb-e3a1-564a-960f-de874cfb955b,completed_in_time,22.047000000000025
b2-p2-adaptive,infra-smoke-4601c142-ee40-531d-8e17-c2ad60a1f830,completed_in_time,22.125
b2-p2-adaptive,infra-smoke-977fe0b0-e509-54bb-a51c-0ca889e1fb9e,completed_in_time,22.186999999999898
b2-p2-adaptive,infra-smoke-b3f3affa-2937-5ea5-9a4a-06290a2a816c,completed_in_time,21.577999999999975
b2-p2-adaptive,infra-smoke-25203a47-69e4-576d-aa28-2a4bb61fee16,completed_in_time,23.03099999999995
b2-p2-adaptive,infra-smoke-b65e2151-1fc8-5887-8809-82d340496ff6,completed_in_time,22.625
b2-p2-adaptive,infra-smoke-d0a5e00a-d80c-5873-8843-4bce0cb9220d,completed_in_time,22.735000000000127
b2-p2-adaptive,infra-smoke-cfa0c38c-b844-57e9-85fa-8fedf049090a,completed_in_time,22.813000000000102
b2-p2-adaptive,infra-smoke-76060c88-860e-5c28-bd0a-178cf4d50e82,completed_in_time,23.0
b2-p2-adaptive,infra-smoke-4a85a1fa-5a20-5306-a537-2a015ac9e36b,completed_in_time,23.702999999999975
b2-p2-adaptive,infra-smoke-d31fce87-2cb5-5708-9ea1-23b6db57f199,completed_in_time,23.03099999999995
b2-p2-adaptive,infra-smoke-61e9d80f-0229-585c-87d8-d636c60bb3ab,completed_in_time,23.858999999999924
b2-p2-adaptive,infra-smoke-6c2cf7cd-d6c5-50d8-b085-d779bbc5422f,completed_in_time,23.483999999999924
b2-p2-adaptive,infra-smoke-b6119b01-5f0a-5d4d-92e5-30d96813cc8c,completed_in_time,23.983999999999924
b2-p2-adaptive,infra-smoke-620b15e6-97cc-55e8-a3d8-a2a628b647b2,completed_in_time,23.688000000000102
b2-p2-adaptive,infra-smoke-5fc414a6-fe75-522c-a74d-5170112f1c01,completed_in_time,23.625
b2-p2-adaptive,infra-smoke-4d96e07d-f937-5fe2-bb14-7a5a80789a0a,completed_in_time,23.53099999999995
b2-p2-adaptive,infra-smoke-1c6ed7c3-2513-5213-a047-bf6fb5e99df3,completed_in_time,24.21900000000005
b2-p2-adaptive,infra-smoke-ffd08a87-1450-5abb-a3ea-cae1e4536153,completed_in_time,24.297000000000025
b2-p2-adaptive,infra-smoke-bd926c13-4b3e-5566-85d9-421785415b48,completed_in_time,23.516000000000076
b2-p2-adaptive,infra-smoke-0ebc6d79-f437-5c87-ae9b-850b5109023c,completed_in_time,24.0
b2-p2-adaptive,infra-smoke-37523211-c97c-5314-afcb-c37e29a82110,completed_in_time,25.188000000000102
b2-p2-adaptive,infra-smoke-242721ab-df54-5c6c-af4b-f433301d9097,completed_in_time,24.70400000000018
b2-p2-adaptive,infra-smoke-6c5ba679-dbe7-5624-a84e-b887c9eba8d6,completed_in_time,24.389999999999873
b2-p2-adaptive,infra-smoke-358c778b-2f13-5b3a-87b9-71c1a95652cb,completed_in_time,24.40599999999995
b2-p2-adaptive,infra-smoke-7850767d-23f5-5c99-bc58-53fcc664961d,completed_in_time,24.922000000000025
b2-p2-adaptive,infra-smoke-6483b4a9-3e8f-5639-bb2e-a7221334ae51,completed_in_time,24.702999999999975
b2-p2-adaptive,infra-smoke-e39af44d-ca74-5cb8-8eca-c36754e713bf,completed_in_time,24.311999999999898
b2-p2-adaptive,infra-smoke-545951f3-e7fb-5551-9983-40b70645cb26,completed_in_time,24.71900000000005
b2-p2-adaptive,infra-smoke-be057506-6542-54cb-8eaa-f75aa1a83026,completed_in_time,25.110000000000127
b2-p2-adaptive,infra-smoke-6aa4189d-ff80-50a1-9670-20c77a85e0c8,completed_in_time,25.907000000000153
b2-p2-adaptive,infra-smoke-16689774-c083-5758-a4c5-bbc4f57d41a6,completed_in_time,25.625
b2-p2-adaptive,infra-smoke-d6136b25-1e50-5c40-98c1-6005a597bba7,completed_in_time,25.297000000000025
b2-p2-adaptive,infra-smoke-ff05de23-e79d-5e9d-be8c-029b4814fd5e,completed_in_time,25.57900000000018
b2-p2-adaptive,infra-smoke-36a2943a-ed68-581c-bbed-b0f8d289a480,completed_in_time,26.172000000000025
b2-p2-adaptive,infra-smoke-c6e2d4e0-64ef-54c9-b845-75c02f920c5e,completed_in_time,25.764999999999873
b2-p2-adaptive,infra-smoke-99a8a274-deae-5650-b461-981faa0d2d4f,completed_in_time,27.327999999999975
b2-p2-adaptive,infra-smoke-36af9ad3-a81f-509a-9fb4-cfaf0ee7151a,completed_in_time,26.797000000000025
b2-p2-adaptive,infra-smoke-846221c9-01cd-5674-b115-0d9bff52f940,completed_in_time,27.172000000000025
b2-p2-adaptive,infra-smoke-dd80d48f-2042-57f0-a9ca-a0892cb3ca86,completed_in_time,26.82900000000018
b2-p2-adaptive,infra-smoke-225c3c76-b3a0-54d4-92b0-af8d9ee70ea7,completed_in_time,26.53099999999995
b2-p2-adaptive,infra-smoke-15fa1c68-9abd-554a-9a30-e35bce3c8ee2,completed_in_time,27.53099999999995
b2-p2-adaptive,infra-smoke-217aba86-3487-50a2-9936-a7767c3ad686,completed_in_time,27.577999999999975
b2-p2-adaptive,infra-smoke-7f09fcb7-a01a-5d56-8dd7-fef08d2650b8,completed_in_time,27.702999999999975
b2-p2-adaptive,infra-smoke-dfafda2b-e90a-5f54-999b-8efe4ec9c059,completed_in_time,26.577999999999975
b2-p2-adaptive,infra-smoke-4c764f74-880f-55aa-9824-7675f2ce4f76,completed_in_time,27.327999999999975
b2-p2-adaptive,infra-smoke-54cf8e81-6a7c-5d4a-8c96-b9bea0533ad7,completed_in_time,27.797000000000025
b2-p2-adaptive,infra-smoke-7b20c119-8b4d-582e-a5a4-42905b86dc31,completed_in_time,27.90599999999995
b2-p2-adaptive,infra-smoke-6567c99d-2933-5e2c-aaa7-5f8deb0dc557,completed_in_time,28.202999999999975
b2-p2-adaptive,infra-smoke-311c1957-3d3b-58aa-8698-66ec254cd4b6,completed_in_time,28.0
b2-p2-adaptive,infra-smoke-0f0f3490-97fd-5d8b-b866-2f164098a4c2,completed_in_time,27.96900000000005
b2-p2-adaptive,infra-smoke-1e5fe210-a407-5f2d-a4bd-3669e21a61c7,completed_in_time,28.061999999999898
b2-p2-adaptive,infra-smoke-4682f1b8-f4b1-5f6f-9f2c-71a4b245520b,completed_in_time,28.983999999999924
b2-p2-adaptive,infra-smoke-93b39ab2-9195-559f-b29f-16c8aa1df307,completed_in_time,28.514999999999873
b2-p2-adaptive,infra-smoke-a1812ef0-53ba-5f62-a691-387b7f1c0d49,completed_in_time,29.389999999999873
b2-p2-adaptive,infra-smoke-56368036-dc32-5b9f-ae55-7cef96903d60,completed_in_time,29.922000000000025
b2-p2-adaptive,infra-smoke-31251f45-de66-5c74-ac2e-0b5d4a1ae288,completed_in_time,28.577999999999975
b2-p2-adaptive,infra-smoke-b086a0d6-01a4-590b-a4fe-b9d5620e1313,completed_in_time,29.40599999999995
b2-p2-adaptive,infra-smoke-7a760a97-6350-5197-9c4f-f023cec79979,completed_in_time,30.016000000000076
b2-p2-adaptive,infra-smoke-b70a490e-da94-5f12-b59f-5c1693a5ea0d,completed_in_time,29.922000000000025
b2-p2-adaptive,infra-smoke-a6e2fa30-2add-59b0-9413-99b22c1f989f,completed_in_time,29.702999999999975
b2-p2-adaptive,infra-smoke-03b4ba4f-d9cc-59b3-8a55-059db7f89d94,completed_in_time,29.53099999999995
b2-p2-adaptive,infra-smoke-7b1326eb-1ca7-5bea-8f1c-e67ebf0eb460,completed_in_time,29.90599999999995
b2-p2-adaptive,infra-smoke-5beaf239-bac9-5401-8926-4c95ef204360,completed_in_time,29.688000000000102
b2-p2-adaptive,infra-smoke-2a049d41-dbcf-5e91-b77a-3cf8aa0baf6e,completed_in_time,33.61000000000013
b2-p2-adaptive,infra-smoke-34cd44b8-c8b9-5dcf-81ad-9ca09acdd0c4,completed_in_time,32.047000000000025
b2-p2-adaptive,infra-smoke-796d987c-5a0b-5afb-8660-7532332de596,completed_in_time,32.6869999999999
b2-p2-adaptive,infra-smoke-0f299e6a-c937-5729-b545-fa8b5892c79f,completed_in_time,32.90599999999995
b2-p2-adaptive,infra-smoke-35df1555-f533-52a7-a140-41fdd3d9dfe9,completed_in_time,32.0
b2-p2-adaptive,infra-smoke-be639ee7-e10a-5799-bf23-b6c2e648c30c,completed_in_time,34.0
b2-p2-adaptive,infra-smoke-4ecdad66-e4be-590b-b5ba-a5a5b42d739d,completed_in_time,34.516000000000076
b2-p2-adaptive,infra-smoke-fa043fee-132c-5e3f-bdaa-7fef1154f289,completed_in_time,31.34400000000005
b2-p2-adaptive,infra-smoke-520fda9a-22b9-5cfd-b6e3-76c7b85df6e3,completed_in_time,32.03200000000015
b2-p2-adaptive,infra-smoke-c95e1eb2-c532-5dd5-9e98-b62b08ea22e3,completed_in_time,31.28099999999995
b2-p2-adaptive,infra-smoke-979f2475-b4e3-55e5-8fd7-6af27f1803b7,completed_in_time,31.889999999999873
b2-p2-adaptive,infra-smoke-c2143438-908c-5a1e-b57d-1221ab6d911d,completed_in_time,32.516000000000076
b2-p2-adaptive,infra-smoke-f0d66dc2-5e6b-5f09-8a31-28017e18a07d,completed_in_time,31.90599999999995
b2-p2-adaptive,infra-smoke-901570cb-be6b-5d29-8a1f-953c330e5ea8,completed_in_time,32.125
b2-p2-adaptive,infra-smoke-e6c9dfb3-3ce5-53c2-9c14-a129dd07d2d2,completed_in_time,32.391000000000076
b2-p2-adaptive,infra-smoke-50c094c1-0a2f-57fa-b43f-15642ca493d5,completed_in_time,31.983999999999924
b2-p2-adaptive,infra-smoke-e361d547-a082-51b5-a6ce-69e61a3ba7ca,completed_in_time,34.672000000000025
b2-p2-adaptive,infra-smoke-e96a049c-28f2-5252-a7d9-125ea153f2c6,completed_in_time,34.0
b2-p2-adaptive,infra-smoke-34726690-8ff5-5932-acd2-b139f006f26c,completed_in_time,33.6869999999999
b2-p2-adaptive,infra-smoke-13226936-4e58-51ee-81df-3fcef10e604e,completed_in_time,35.59400000000005
b2-p2-adaptive,infra-smoke-d59b9e95-a03c-5a5a-90e8-602ec57f7c3e,completed_in_time,35.21900000000005
b2-p2-adaptive,infra-smoke-3836cb72-ffcf-59db-91b3-e97fff835a4c,completed_in_time,34.23500000000013
b2-p2-adaptive,infra-smoke-d3a39aa8-c7f6-5a42-9bc1-4188ad02d322,completed_in_time,33.875
b2-p2-adaptive,infra-smoke-247d028f-a07d-5e18-847d-ee347546b716,completed_in_time,34.78200000000015
b2-p2-adaptive,infra-smoke-e3f424ad-504f-50c4-8587-73fd842bf4f3,completed_in_time,35.577999999999975
b2-p2-adaptive,infra-smoke-119716bc-5944-5250-80f5-13d8ad5aa400,completed_in_time,35.34299999999985
b2-p2-adaptive,infra-smoke-b9d8471f-5ed5-5230-bcf5-80c563be6d9e,completed_in_time,34.8130000000001
b2-p2-adaptive,infra-smoke-796105c5-72f4-59ae-b7f9-f6a9b67d2f85,completed_in_time,34.766000000000076
b2-p2-adaptive,infra-smoke-3a2b037f-458c-5459-9b8c-58af161aad36,completed_in_time,34.0
b2-p2-adaptive,infra-smoke-9d8c4944-1886-5fe6-b421-4ffd69c4ff67,completed_in_time,34.59400000000005
b2-p2-adaptive,infra-smoke-a223e18e-6fdb-5fdb-bcbf-e8b8eeffea49,completed_in_time,35.11000000000013
b2-p2-adaptive,infra-smoke-d36a1239-26ec-57a3-9ad8-b7a4466b5a09,completed_in_time,36.01499999999987
b2-p2-adaptive,infra-smoke-da3f7898-147b-5812-a74c-2d65096ab2d8,completed_in_time,36.0
b2-p2-adaptive,infra-smoke-0991271e-8643-5ec4-aa30-8db56d01bd92,completed_in_time,36.358999999999924
b2-p2-adaptive,infra-smoke-da7953b8-e9f7-5c7b-a9c5-d290508748b6,completed_in_time,35.5
b2-p2-adaptive,infra-smoke-b3e1019c-2451-54cc-a3e3-210f233083df,completed_in_time,35.797000000000025
b2-p2-adaptive,infra-smoke-f1041531-3bfa-5314-b6ee-2c92d4a8049a,completed_in_time,37.11000000000013
b2-p2-adaptive,infra-smoke-d75c8c50-9303-52ab-aa05-997d778fff11,completed_in_time,37.3130000000001
b2-p2-adaptive,infra-smoke-803ee682-c8bb-5809-83db-fdea45fd2011,completed_in_time,38.21900000000005
b2-p2-adaptive,infra-smoke-64d14059-8796-512b-89f5-1efa406d3829,completed_in_time,37.766000000000076
b2-p2-adaptive,infra-smoke-5f65fc76-eeff-5747-a45a-b6bcc8a6ed81,completed_in_time,38.09299999999985
b2-p2-adaptive,infra-smoke-5af44d8b-4c91-55d6-a482-20480d6bf1e2,completed_in_time,36.8119999999999
b2-p2-adaptive,infra-smoke-2adb2f2c-a091-5290-a37f-74c1b202059f,completed_in_time,37.71900000000005
b2-p2-adaptive,infra-smoke-d82aecb9-5464-52b0-af9f-a44c0caeba8e,completed_in_time,37.53099999999995
b2-p2-adaptive,infra-smoke-75a42c2c-ceab-57c1-9ac6-776e438d1549,completed_in_time,37.46799999999985
b2-p2-adaptive,infra-smoke-6ede819c-003a-5acd-b6c3-5f504d3c4bee,completed_in_time,37.53099999999995
b2-p2-adaptive,infra-smoke-15f4da6a-bb03-5e53-b745-f4c36b805e81,completed_in_time,37.8130000000001
b2-p2-adaptive,infra-smoke-09b0bcae-c771-585a-b6b4-f0bbe5c3b33a,completed_in_time,38.702999999999975
b2-p2-adaptive,infra-smoke-ce4fb9b1-8134-5128-8343-25094d8e8e53,completed_in_time,38.90700000000015
b2-p2-adaptive,infra-smoke-57824e4c-9957-58bb-8b55-4b4c0a424697,completed_in_time,37.82900000000018
b2-p2-adaptive,infra-smoke-46a1c13f-1829-5164-b85d-fac5f9bdd9fd,completed_in_time,38.297000000000025
b2-p2-adaptive,infra-smoke-4857a05e-4bfe-5e5d-8505-2463fca89fd1,completed_in_time,38.29599999999982
b2-p2-adaptive,infra-smoke-644fd4bc-5196-57ee-bcde-a26b5d4d161a,completed_in_time,38.875
b2-p2-adaptive,infra-smoke-20b2a67e-6ce5-5455-9a01-4c860d99f200,completed_in_time,39.3119999999999
b2-p2-adaptive,infra-smoke-0d57ef72-2349-5bfa-938c-6e8250cf3636,completed_in_time,39.3119999999999
b2-p2-adaptive,infra-smoke-025835b9-ea18-5dda-9398-a164bc084cb0,completed_in_time,41.391000000000076
b2-p2-adaptive,infra-smoke-f4d41c6a-de67-5eb7-be85-2262070c58c7,completed_in_time,39.125
b2-p2-adaptive,infra-smoke-ee0f04d3-a4da-5cc0-9b98-77b51b235a12,completed_in_time,39.672000000000025
b2-p2-adaptive,infra-smoke-d661d15e-2013-5563-a235-2df5c0736543,completed_in_time,40.608999999999924
b2-p2-adaptive,infra-smoke-e6bebfb5-4703-545f-bb2f-0617cf1628f9,completed_in_time,40.016000000000076
b2-p2-adaptive,infra-smoke-1c20bcd4-e653-5ea5-8560-79425999bc2c,completed_in_time,40.077999999999975
b2-p2-adaptive,infra-smoke-9ff64fd4-c00c-5a5f-ac84-61b4307a655a,completed_in_time,40.59400000000005
b2-p2-adaptive,infra-smoke-37853b82-548d-53ec-9ad3-3dc719fa10fe,completed_in_time,40.15599999999995
b2-p2-adaptive,infra-smoke-604059f7-2b5a-5de7-b86c-cbd2b89e4b0f,completed_in_time,39.422000000000025
b2-p2-adaptive,infra-smoke-2ad3eacf-2fe4-55d9-95cc-e3f411a736d6,completed_in_time,40.108999999999924
b2-p2-adaptive,infra-smoke-8891b8b5-769c-5843-97aa-b91636944a89,completed_in_time,39.6880000000001
b2-p2-adaptive,infra-smoke-4e25fd5b-95fd-509f-94fd-5e69a71d8154,completed_in_time,40.577999999999975
b2-p2-adaptive,infra-smoke-6acef44d-b6f3-5673-aac5-f6699b8034e1,completed_in_time,40.90599999999995
b2-p2-adaptive,infra-smoke-4f1e90a6-1051-5d9a-89dd-dee75ecc837c,completed_in_time,41.0
b2-p2-adaptive,infra-smoke-9df47457-1e42-5b76-8550-53223414d2e8,completed_in_time,41.28099999999995
b2-p2-adaptive,infra-smoke-c84dfe25-3c3a-571b-9567-32a18169ad46,completed_in_time,41.59400000000005
b2-p2-adaptive,infra-smoke-c5a729f1-9d20-5a37-b0fa-5dea32490a45,completed_in_time,40.702999999999975
b2-p2-adaptive,infra-smoke-4f00cbf2-e909-5c76-a608-eeaacc527e7f,completed_in_time,41.42099999999982
b2-p2-adaptive,infra-smoke-41a200ef-51c4-5e19-a23b-7de618e7617d,completed_in_time,41.4369999999999
b2-p2-adaptive,infra-smoke-aeee59c5-c01e-5f73-8c3b-f98e80095491,completed_in_time,42.0
b2-p2-adaptive,infra-smoke-5bd582ce-87f7-56fb-b86c-68021ca399cb,completed_in_time,41.59299999999985
b2-p2-adaptive,infra-smoke-c5ee0c60-9850-5ea7-8330-fe563c7c09fc,completed_in_time,42.108999999999924
b2-p2-adaptive,infra-smoke-8e078175-01fe-574a-a8cb-785c831ee649,completed_in_time,41.59400000000005
b2-p2-adaptive,infra-smoke-38494f29-585b-54d2-bcac-e5217ca5ec42,completed_in_time,41.516000000000076
b2-p2-adaptive,infra-smoke-c4c4fdef-c6f6-5685-9aa5-c2088b57c59e,completed_in_time,41.516000000000076
b2-p2-adaptive,infra-smoke-c1f599ba-9a6b-5db1-ace6-36dd11ed16f9,completed_in_time,42.0
b2-p2-adaptive,infra-smoke-2e56c0bc-d324-54a5-b484-cc5a625cadb3,completed_in_time,41.65599999999995
b2-p2-adaptive,infra-smoke-9f1d09be-152c-5a6a-9b21-1136960685f1,completed_in_time,41.51499999999987
b2-p2-adaptive,infra-smoke-b599eaff-747d-52db-844e-ccee9a560b83,completed_in_time,41.577999999999975
b2-p2-adaptive,infra-smoke-8c655ade-a522-5d5a-8d67-0d599cbd64f1,completed_in_time,41.733999999999924
b2-p2-adaptive,infra-smoke-1b608bfb-d6b9-5493-b734-6395bc3670b0,completed_in_time,41.577999999999975
b2-p2-adaptive,infra-smoke-4a757169-a581-5eb3-9fd7-5c7bbf77b5f9,completed_in_time,41.8119999999999
b2-p2-adaptive,infra-smoke-70649310-7868-5662-8058-b0126c824ef8,completed_in_time,42.11000000000013
b2-p2-adaptive,infra-smoke-b6278f88-686b-5c22-b5cf-fbca2d05aaf2,completed_in_time,42.21900000000005
b2-p2-adaptive,infra-smoke-2a0da794-782f-53f9-924a-d159742954ce,completed_in_time,42.40599999999995
b2-p2-adaptive,infra-smoke-0a659bd4-b1c2-5664-890c-9da584e79b07,completed_in_time,42.38999999999987
b2-p2-adaptive,infra-smoke-0f788ccd-ef8b-5a63-be70-6a3c4184a7dc,completed_in_time,42.1880000000001
b2-p2-adaptive,infra-smoke-e866789e-a767-59f9-ae50-32ebdf27a4ca,completed_in_time,43.0
b2-p2-adaptive,infra-smoke-35499b9d-1dfb-50ef-ad00-d7e591589ade,completed_in_time,42.827999999999975
b2-p2-adaptive,infra-smoke-1531baf5-c324-52cf-a642-dd8697fe0e75,completed_in_time,42.40599999999995
b2-p2-adaptive,infra-smoke-0c9f6c89-ac05-592b-91d7-1f51aac38227,completed_in_time,42.46900000000005
b2-p2-adaptive,infra-smoke-2328a285-01f5-53d9-bd04-e38b0ad9baf2,completed_in_time,42.09299999999985
b2-p2-adaptive,infra-smoke-6bfb4742-e623-5e1f-973c-cd3503fb4599,completed_in_time,42.51499999999987
b2-p2-adaptive,infra-smoke-eb69b6aa-eb72-58f4-a2a2-04daf0173327,completed_in_time,42.46900000000005
b2-p2-adaptive,infra-smoke-3c367cb6-5f1b-560b-a2bd-6ea8e8602c0e,completed_in_time,42.59400000000005
b2-p2-adaptive,infra-smoke-90cb07a6-556d-5298-aa75-2db426cb780a,completed_in_time,43.03200000000015
b2-p2-adaptive,infra-smoke-9f1d0d6d-03b5-525a-8779-68358ba7b4b4,completed_in_time,42.65599999999995
b2-p2-adaptive,infra-smoke-768d4bf0-999e-5988-b1f4-05260f02b81f,completed_in_time,43.108999999999924
b2-p2-adaptive,infra-smoke-092cebff-4448-5629-ae1f-f7b3fe662a52,completed_in_time,43.01499999999987
b2-p2-adaptive,infra-smoke-0f955712-e96d-54ef-9c8d-1ba87697fd7f,completed_in_time,43.11000000000013
b2-p2-adaptive,infra-smoke-8f1ed06a-41f3-520c-94bd-94e1f5f6cb26,completed_in_time,43.28099999999995
b2-p2-adaptive,infra-smoke-8e5203ee-48d4-51d7-88d4-4795dd63e3f8,completed_in_time,43.46900000000005
b2-p2-adaptive,infra-smoke-100daf23-9801-5665-8664-cac77ae1b26f,completed_in_time,43.483999999999924
b2-p2-adaptive,infra-smoke-4162f571-ad73-56f0-99a6-5e8d5c3e9c32,completed_in_time,43.797000000000025
b2-p2-adaptive,infra-smoke-3c5131c5-59e6-59c9-9832-8810f38eb773,completed_in_time,43.01499999999987
b2-p2-adaptive,infra-smoke-a32fec76-63df-50cc-9681-3b3a8b431c09,completed_in_time,42.73500000000013
b2-p2-adaptive,infra-smoke-7221ae5a-fbd7-5b31-af21-5f3871d88a39,completed_in_time,43.1880000000001
b2-p2-adaptive,infra-smoke-9a8bd2d4-1909-54e7-a8f2-1949403b907e,completed_in_time,43.016000000000076
b2-p2-adaptive,infra-smoke-9c24c56e-aa45-5dfb-8550-6d6fcdc7bbf5,completed_in_time,43.202999999999975
b2-p2-adaptive,infra-smoke-acb2fd7b-6783-53ac-8a03-88e3d57b8d82,completed_in_time,43.09400000000005
b2-p2-adaptive,infra-smoke-e54ad64e-9b61-5ebb-af9c-9e30fb4938ce,completed_in_time,43.125
b2-p2-adaptive,infra-smoke-6252ae37-28f0-59e7-8fb2-747df19bd8fb,completed_in_time,43.28099999999995
b2-p2-adaptive,infra-smoke-c2f3ad3e-fa16-5319-b4ad-13c451d9345d,completed_in_time,42.922000000000025
b2-p2-adaptive,infra-smoke-4409aad9-3146-59e7-849a-361bbb9194cc,completed_in_time,43.391000000000076
b2-p2-adaptive,infra-smoke-86a1bf98-b45e-5a33-852a-695d5c76ace5,completed_in_time,43.608999999999924
b2-p2-adaptive,infra-smoke-a6075b80-87b1-59d6-8171-16b3522de863,completed_in_time,43.59400000000005
b2-p2-adaptive,infra-smoke-59ebca73-d341-566a-9405-00cacfb5043a,completed_in_time,43.375
b2-p2-adaptive,infra-smoke-6cdbedda-bb92-5302-a391-9cfc612dee3d,completed_in_time,43.59400000000005
b2-p2-adaptive,infra-smoke-8adb5ab9-c77e-5032-ae89-301a82860cbb,completed_in_time,44.016000000000076
b2-p2-adaptive,infra-smoke-acefff10-143f-51a9-af81-373fc93ec76a,completed_in_time,44.077999999999975
b2-p2-adaptive,infra-smoke-1909a194-5e20-5e73-82ca-8991add35c3d,completed_in_time,43.9380000000001
b2-p2-adaptive,infra-smoke-b2ae53e2-0530-5b42-a5aa-c22ba842e8ad,completed_in_time,44.28099999999995
b2-p2-adaptive,infra-smoke-0d174fdb-fa3c-5a81-8f11-03de04a93afa,completed_in_time,43.858999999999924
b2-p2-adaptive,infra-smoke-a5ecca55-3d1b-5e13-8040-999ba196257e,completed_in_time,43.5
b2-p2-adaptive,infra-smoke-09cd3e65-f91d-5bac-9a1e-006737b56b47,completed_in_time,43.96900000000005
b2-p2-adaptive,infra-smoke-6642238f-4ea8-51d1-ac76-96b9fea878ac,completed_in_time,43.8119999999999
b2-p2-adaptive,infra-smoke-2f073a0c-34e4-590f-819f-bd1434e16d77,completed_in_time,43.88999999999987
b2-p2-adaptive,infra-smoke-3d02331c-2663-5750-9b3d-ea84cd472fce,completed_in_time,43.891000000000076
b2-p2-adaptive,infra-smoke-d6a059c5-765d-54d3-a1be-8f7ca8d34017,completed_in_time,43.608999999999924
b2-p2-adaptive,infra-smoke-640e86df-6710-5e69-94d7-f62e4ff53948,completed_in_time,44.28099999999995
b2-p2-adaptive,infra-smoke-6fe5cafc-0432-54df-8406-47c4871fe918,completed_in_time,44.202999999999975
b2-p2-adaptive,infra-smoke-714fe423-ca30-5c58-a3f4-9233a53a970a,completed_in_time,43.375
b2-p2-adaptive,infra-smoke-e8a00697-ed9d-5542-bfb2-432561b53c1c,completed_in_time,43.6869999999999
b2-p2-adaptive,infra-smoke-18495a5f-dffa-56a4-a170-238b49062319,completed_in_time,43.858999999999924
b2-p2-adaptive,infra-smoke-f4e693b0-54b5-5d35-8e95-86b8297cae2c,completed_in_time,44.077999999999975
b2-p2-adaptive,infra-smoke-95514840-67dd-52a9-b9f6-018ba1783d0c,completed_in_time,43.891000000000076
b2-p2-adaptive,infra-smoke-7d3eddd4-2a42-5d82-969a-e997e119660d,completed_in_time,44.108999999999924
b2-p2-adaptive,infra-smoke-8086127f-7f1d-5cc1-870a-bd8a47390d34,completed_in_time,44.077999999999975
b2-p2-adaptive,infra-smoke-eb59f2a0-efed-57b9-b76c-b4db4fc27982,completed_in_time,44.21900000000005
b2-p2-adaptive,infra-smoke-4df14f6c-aa6d-519f-9678-baecd6177893,completed_in_time,44.61000000000013
b2-p2-adaptive,infra-smoke-e60f1c02-c8aa-5777-a9d6-c7a31ea0e6a0,completed_in_time,44.297000000000025
b2-p2-adaptive,infra-smoke-89d7b99b-1e9a-57a4-ae91-8fffadce30e6,completed_in_time,44.547000000000025
b2-p2-adaptive,infra-smoke-c93860d5-8116-5c45-a292-08cf0aa7e567,completed_in_time,43.797000000000025
b2-p2-adaptive,infra-smoke-7d85ec69-9e66-546a-bf92-b9d9bd7e3549,completed_in_time,44.09400000000005
b2-p2-adaptive,infra-smoke-ad6ff86d-76e9-51bd-a91a-36b2cb1f6919,completed_in_time,44.172000000000025
b2-p2-adaptive,infra-smoke-6115e55b-e920-56ef-b044-ce1e8666e56e,completed_in_time,43.98500000000013
b2-p2-adaptive,infra-smoke-3120d801-3eb8-5335-b7ff-df8d4255ca2f,completed_in_time,44.577999999999975
b2-p2-adaptive,infra-smoke-d40c0d85-a466-50a3-b03b-949ef581b9ff,completed_in_time,44.452999999999975
b2-p2-adaptive,infra-smoke-7dffa69a-dc81-5758-a244-ac1ddf8faa82,completed_in_time,43.827999999999975
b2-p2-adaptive,infra-smoke-4e5d6fb9-4ff9-534c-bf4f-6d8ce648560c,completed_in_time,44.827999999999975
b2-p2-adaptive,infra-smoke-536f2587-4f63-57b4-bba3-8c4d437acffb,completed_in_time,45.125
b2-p2-adaptive,infra-smoke-af619706-79f9-580a-9756-af4ec8c810fc,completed_in_time,44.516000000000076
b2-p2-adaptive,infra-smoke-3557a53a-65e3-54b2-b322-a897ba17c5de,completed_in_time,44.891000000000076
b2-p2-adaptive,infra-smoke-af270716-86e4-59ef-9a70-995d4ba0f201,completed_in_time,44.78099999999995
b2-p2-adaptive,infra-smoke-2cded73b-2926-50b5-9f6a-125592451226,completed_in_time,45.108999999999924
b2-p2-adaptive,infra-smoke-601e9d77-f255-59f8-adf5-f9ed06539a2d,completed_in_time,44.5
b2-p2-adaptive,infra-smoke-bdac6aea-758e-59f4-8a30-57e15385f9fb,completed_in_time,44.75
b2-p2-adaptive,infra-smoke-900ee36d-f12e-5771-a93b-553f0beeacce,completed_in_time,44.702999999999975
b2-p2-adaptive,infra-smoke-0f24453c-3a6d-51c8-b378-6a9b0892b9ad,completed_in_time,44.8119999999999
b2-p2-adaptive,infra-smoke-340f0960-472d-5cd2-a85f-e28e34bf717e,completed_in_time,44.577999999999975
b2-p2-adaptive,infra-smoke-fa0c21fd-0db7-5ff0-a58a-dc653fea1586,completed_in_time,44.766000000000076
b2-p2-adaptive,infra-smoke-285f5006-4ddf-567b-a665-d262a7fb767a,completed_in_time,45.266000000000076
b2-p2-adaptive,infra-smoke-49cf8077-b374-5581-b3d2-9f111aa2703d,completed_in_time,44.8119999999999
b2-p2-adaptive,infra-smoke-f12bf75f-b105-5f38-a982-9240fefef826,completed_in_time,44.84400000000005
b2-p2-adaptive,infra-smoke-fe5c0e39-b66b-5b77-91e4-f9eba6076275,completed_in_time,45.59299999999985
b2-p2-adaptive,infra-smoke-a97a0720-b7b6-5009-b6d9-887fc52e616d,completed_in_time,45.11000000000013
b2-p2-adaptive,infra-smoke-c48ed426-332f-5012-87f2-a19cae96889d,completed_in_time,45.23500000000013
b2-p2-adaptive,infra-smoke-97bbed02-1118-5175-9590-34ad03f15ad5,completed_in_time,45.0
b2-p2-adaptive,infra-smoke-7944df4d-832a-52b5-ace0-b4502e49f867,completed_in_time,45.28099999999995
b2-p2-adaptive,infra-smoke-597ae903-fe40-545f-9fb4-beb24c7f7ede,completed_in_time,45.327999999999975
b2-p2-adaptive,infra-smoke-30eccdae-f753-5e6a-ad07-e906557597a7,completed_in_time,45.375
b2-p2-adaptive,infra-smoke-7203f12c-2298-5598-8762-e360fbe4ad96,completed_in_time,45.297000000000025
b2-p2-adaptive,infra-smoke-9027e86e-feaf-55dd-b82c-44ee8f374099,completed_in_time,45.297000000000025
b2-p2-adaptive,infra-smoke-d3494c01-bcf8-583a-83ef-e922b658c02c,completed_in_time,45.483999999999924
b2-p2-adaptive,infra-smoke-9f8f0e7b-9518-510b-a60a-05713d4820cb,completed_in_time,45.625
b2-p2-adaptive,infra-smoke-5e968f70-6ea1-5705-8eff-c56e7a223642,completed_in_time,45.48500000000013
b2-p2-adaptive,infra-smoke-bee56432-8e68-545b-89ef-bc1e191ff357,completed_in_time,45.516000000000076
b2-p2-adaptive,infra-smoke-93a25e44-459f-5571-b5cb-0323a36132a8,completed_in_time,45.375
b2-p2-adaptive,infra-smoke-8383c6f9-b1dc-5f97-a360-0755a51b10d7,completed_in_time,45.09400000000005
b2-p2-adaptive,infra-smoke-c0714dab-bb61-55e0-a12a-f3ce08ae6c94,completed_in_time,45.21900000000005
b2-p2-adaptive,infra-smoke-28460b2a-6bd2-582a-9277-89e4cce82eda,completed_in_time,45.516000000000076
b2-p2-adaptive,infra-smoke-d3349868-750b-5ffe-ab3d-46ae37dd5d31,completed_in_time,44.79599999999982
b2-p2-adaptive,infra-smoke-39c4be8e-1d98-5853-8706-fdb7d38d41cd,completed_in_time,46.09400000000005
b2-p2-adaptive,infra-smoke-173e9782-7b5d-5500-8183-102bea5add85,completed_in_time,45.358999999999924
b2-p2-adaptive,infra-smoke-93051031-e08b-5d16-b18f-b05784ade15d,completed_in_time,45.108999999999924
b2-p2-adaptive,infra-smoke-677b147b-bd55-5c98-8976-d0fe78537c7f,completed_in_time,45.375
b2-p2-adaptive,infra-smoke-54ac1ee1-1a19-5998-a50b-53fee12974a8,completed_in_time,45.4380000000001
b2-p2-adaptive,infra-smoke-407b4255-af0f-5e7a-819e-b8515d5702b7,completed_in_time,45.625
b2-p2-adaptive,infra-smoke-f7a8bb99-cc61-5f40-9048-55427cd9ca76,completed_in_time,45.5
b2-p2-adaptive,infra-smoke-b38f2889-3445-5859-9b36-9fb9db14a77b,completed_in_time,46.1869999999999
b2-p2-adaptive,infra-smoke-da21a823-9d21-55bf-81b3-f6978d56957a,completed_in_time,45.36000000000013
b2-p2-adaptive,infra-smoke-f99a5510-ad59-5a9c-be6e-c177c96ae83c,completed_in_time,45.90700000000015
b2-p2-adaptive,infra-smoke-818d0de5-0d10-56fe-bdaf-cdc5ff4573c6,completed_in_time,45.875
b2-p2-adaptive,infra-smoke-7390f878-fe27-552d-ba97-1f66d0e57dd2,completed_in_time,45.61000000000013
b2-p2-adaptive,infra-smoke-ca4c5cda-50bb-5203-8ca6-4c09393b3620,completed_in_time,45.608999999999924
b2-p2-adaptive,infra-smoke-76e6b7a6-f63f-53b0-9b5d-2554deeef112,completed_in_time,45.5
b2-p2-adaptive,infra-smoke-ab2774d2-90b3-5b96-94df-3d4a25d39f0c,completed_in_time,45.90700000000015
b2-p2-adaptive,infra-smoke-52cec26d-71b2-50bf-9fae-83dfb4fdb32f,completed_in_time,45.922000000000025
b2-p2-adaptive,infra-smoke-d021bd79-d44b-5179-8a83-8f41e456d5b6,completed_in_time,46.1880000000001
b2-p2-adaptive,infra-smoke-ea2a1028-f73d-5955-9863-22640a4c034c,completed_in_time,46.125
b2-p2-adaptive,infra-smoke-d58232fe-fc3e-5e41-9612-23ac8d7fc5c8,completed_in_time,45.90599999999995
b2-p2-adaptive,infra-smoke-c71020e7-853d-527e-be16-64b67078e710,completed_in_time,46.077999999999975
b2-p2-adaptive,infra-smoke-f26de28a-6689-59be-b08b-a7951a286313,completed_in_time,46.422000000000025
b2-p2-adaptive,infra-smoke-787cea0c-80e7-5f9f-830d-7cd178184da4,completed_in_time,46.5
b2-p2-adaptive,infra-smoke-6032b78b-7446-5205-9c92-afc97aebd3bd,completed_in_time,46.88999999999987
b2-p2-adaptive,infra-smoke-c64648fe-5411-54f7-8d0c-bb02170769b4,completed_in_time,46.38999999999987
b2-p2-adaptive,infra-smoke-cfd4c823-92c5-52bc-bc18-6ebef2bdbcff,completed_in_time,46.608999999999924
b2-p2-adaptive,infra-smoke-b379f156-935a-526e-9d57-58f253b46ef1,completed_in_time,47.3130000000001
b2-p2-adaptive,infra-smoke-5db8d082-e544-52bc-ac64-f4956b659287,completed_in_time,46.6880000000001
b2-p2-adaptive,infra-smoke-a4fe4ecb-fe77-507c-a267-8512ea8ed6eb,completed_in_time,46.59400000000005
b2-p2-adaptive,infra-smoke-69d68408-51d1-58ca-a231-17530edefdc8,completed_in_time,46.625
b2-p2-adaptive,infra-smoke-0d65c59b-976c-5074-bce4-8932db34280e,completed_in_time,46.75
b2-p2-adaptive,infra-smoke-66531945-486c-592b-8ce4-517a0723079a,completed_in_time,46.51499999999987
b2-p2-adaptive,infra-smoke-ca3ca1f2-8c6d-50db-ad56-524aa1f14b01,completed_in_time,46.702999999999975
b2-p2-adaptive,infra-smoke-795e4f5b-5574-5a34-9cc4-bd59516cc00c,completed_in_time,46.625
b2-p2-adaptive,infra-smoke-3d957315-5f43-58ca-8673-ba9ee93eb3b0,completed_in_time,46.797000000000025
b2-p2-adaptive,infra-smoke-c42558a3-5a54-5176-864d-6ef51d33fb18,completed_in_time,46.59400000000005
b2-p2-adaptive,infra-smoke-6b3843a4-5b91-56c9-ba58-c37c40770b8d,completed_in_time,46.797000000000025
b2-p2-adaptive,infra-smoke-e94fc140-6bb1-5d6b-9fb3-01bbcea18320,completed_in_time,46.702999999999975
b2-p2-adaptive,infra-smoke-118cccc7-874e-5d90-b4f7-e73000b65c0d,completed_in_time,46.61000000000013
b2-p2-adaptive,infra-smoke-382d7a8a-5fae-5813-b2b8-5ad45e05c27e,completed_in_time,46.46900000000005
b2-p2-adaptive,infra-smoke-b3ade55c-10f4-5a20-826a-e697d114240a,completed_in_time,46.875
b2-p2-adaptive,infra-smoke-94dc9043-7ca4-5767-a842-240f00706599,completed_in_time,47.391000000000076
b2-p2-adaptive,infra-smoke-5047c03d-7ae6-5dfb-8761-9b3745cbc6ea,completed_in_time,47.172000000000025
b2-p2-adaptive,infra-smoke-dea7ff5a-f40c-5a71-9570-59025f17a12c,completed_in_time,47.327999999999975
b2-p2-adaptive,infra-smoke-65973168-33f4-5626-8cb9-aad4cee5177e,completed_in_time,47.172000000000025
b2-p2-adaptive,infra-smoke-d2a77c84-c16b-5264-9a44-1d15e4b981d8,completed_in_time,46.983999999999924
b2-p2-adaptive,infra-smoke-55426901-11af-5bce-a91d-f787209b0c69,completed_in_time,46.625
b2-p2-adaptive,infra-smoke-14001932-9f90-5f95-81c6-d46d27ac7297,completed_in_time,46.9369999999999
b2-p2-adaptive,infra-smoke-53333ed1-b358-5ca8-96da-08a8e8ba2ec7,completed_in_time,46.858999999999924
b2-p2-adaptive,infra-smoke-87497d14-ba7e-55b3-998e-db12672aaf1a,completed_in_time,46.983999999999924
b2-p2-adaptive,infra-smoke-b2ea1829-b69e-5743-9233-6d6fe01429d7,completed_in_time,46.4369999999999
b2-p2-adaptive,infra-smoke-dac26140-eea2-524b-9b00-fc9e9042b83d,completed_in_time,46.8130000000001
b2-p2-adaptive,infra-smoke-703542ab-b978-5e62-a00a-7d8810242e1f,completed_in_time,46.983999999999924
b2-p2-adaptive,infra-smoke-3644e4e8-58cd-5fb4-960a-9dc19ec69566,completed_in_time,47.125
b2-p2-adaptive,infra-smoke-f61b516b-081f-511c-81f1-b166f91334f5,completed_in_time,47.141000000000076
b2-p2-adaptive,infra-smoke-d9816b24-bbdf-5159-a9c7-9fee7576d4a8,completed_in_time,46.875
b2-p2-adaptive,infra-smoke-f256960a-3349-5b09-85b0-9bde5ac06ea6,completed_in_time,47.21799999999985
b2-p2-adaptive,infra-smoke-5fcea130-e2ef-5167-a3b8-9bcbd831519b,completed_in_time,46.702999999999975
b2-p2-adaptive,infra-smoke-9d28766e-627e-5c32-8a05-acd697844542,completed_in_time,47.78099999999995
b2-p2-adaptive,infra-smoke-6ced9af0-2133-57e9-b405-293a9280e0a1,completed_in_time,47.01499999999987
b2-p2-adaptive,infra-smoke-980b99fe-724c-511c-957e-2c342847b406,completed_in_time,47.40599999999995
b2-p2-adaptive,infra-smoke-3a0ddb8f-9ac8-5925-aefa-c57706b8810b,completed_in_time,47.53099999999995
b2-p2-adaptive,infra-smoke-a6f14890-fc95-5979-a76c-c46cf56d5208,completed_in_time,47.422000000000025
b2-p2-adaptive,infra-smoke-5c1cb3f3-7181-5c73-86c8-010d0d0613ec,completed_in_time,47.297000000000025
b2-p2-adaptive,infra-smoke-724a627f-314f-5eef-963f-fa97ef66cc07,completed_in_time,47.202999999999975
b2-p2-adaptive,infra-smoke-ec084184-8f38-578a-9ae0-409e31f1eac5,completed_in_time,47.46799999999985
b2-p2-adaptive,infra-smoke-91bdf1ed-7a4e-577e-8a8d-ffaa71ef2d77,completed_in_time,47.297000000000025
b2-p2-adaptive,infra-smoke-d4a97600-f295-5a13-872d-6870b03fa5aa,completed_in_time,47.125
b2-p2-adaptive,infra-smoke-30f9b24a-9be9-5074-82f9-2cea2fcbb264,completed_in_time,47.297000000000025
b2-p2-adaptive,infra-smoke-7646ba52-d2a0-5d99-9bf0-6b0cdc128763,completed_in_time,47.5
b2-p2-adaptive,infra-smoke-569b14c4-15d5-5644-885a-2cd9c80520b6,completed_in_time,47.4369999999999
b2-p2-adaptive,infra-smoke-484a7bea-dc74-5d72-8e7b-fa06e4d8013f,completed_in_time,47.51499999999987
b2-p2-adaptive,infra-smoke-1caf3c98-6bc2-5138-9e02-c48defb16813,completed_in_time,47.40700000000015
b2-p2-adaptive,infra-smoke-1861a80f-28a3-5bc3-bf1d-7a0e61c2119e,completed_in_time,47.858999999999924
b2-p2-adaptive,infra-smoke-515b6c80-c62e-5173-9294-9eebc251e445,completed_in_time,48.03099999999995
b2-p2-adaptive,infra-smoke-9af513fe-ab21-5a22-9d62-6f2d087a0369,completed_in_time,48.09299999999985
b2-p2-adaptive,infra-smoke-c54f9be1-b982-509b-9428-a26e09833636,completed_in_time,47.98500000000013
b2-p2-adaptive,infra-smoke-07ed6b43-0ecd-57d6-afbc-12353d9cda15,completed_in_time,47.547000000000025
b2-p2-adaptive,infra-smoke-bf39600e-c8cd-5bc9-88b0-6f1361949ae3,completed_in_time,48.07900000000018
b2-p2-adaptive,infra-smoke-5dff665f-9d75-59f1-9447-2ce4b409e9aa,completed_in_time,47.6880000000001
b2-p2-adaptive,infra-smoke-8d0db453-4fdf-5f8d-b1cf-cffd067d46e8,completed_in_time,48.29599999999982
b2-p2-adaptive,infra-smoke-e9c0053e-eaae-52cb-a596-2693955b82ca,completed_in_time,48.125
b2-p2-adaptive,infra-smoke-d7546477-8ddd-57e7-8273-f5444cac233e,completed_in_time,48.61000000000013
b2-p2-adaptive,infra-smoke-db85a681-69ab-5c3f-b1ca-6549ae199376,completed_in_time,48.297000000000025
b2-p2-adaptive,infra-smoke-b2a419f1-f88d-53b0-a1cd-19b843ded609,completed_in_time,48.38999999999987
b2-p2-adaptive,infra-smoke-027c4175-2352-5b56-b693-5b4ac9c6357b,completed_in_time,48.125
b2-p2-adaptive,infra-smoke-60768528-6025-5614-8733-b1b29e092cbc,completed_in_time,48.422000000000025
b2-p2-adaptive,infra-smoke-d5f4104e-4f11-5ec0-a187-5a9885a2a972,completed_in_time,48.15700000000015
b2-p2-adaptive,infra-smoke-a797eaa4-8449-519d-96b9-2306bad96b0b,completed_in_time,48.11000000000013
b2-p2-adaptive,infra-smoke-05e6f714-3e4d-5f76-bd7a-aca151d0cbb4,completed_in_time,48.34400000000005
b2-p2-adaptive,infra-smoke-6c407c77-561f-5004-9403-4d6a67e7a83a,completed_in_time,48.327999999999975
b2-p2-adaptive,infra-smoke-9446b1ef-fb51-5926-9a80-1f1f7cda0e40,completed_in_time,48.09400000000005
b2-p2-adaptive,infra-smoke-197abbd9-2664-54ad-b85f-35281fa7e6cc,completed_in_time,48.297000000000025
b2-p2-adaptive,infra-smoke-03300954-3d04-5d69-9d08-c1a81e19abfb,completed_in_time,48.5
b2-p2-adaptive,infra-smoke-c1cbb9c3-e7e1-51e0-b118-fe60c6e8e375,completed_in_time,48.5
b2-p2-adaptive,infra-smoke-0ca5712c-a9b5-55df-becb-29ae89824c27,completed_in_time,48.21900000000005
b2-p2-adaptive,infra-smoke-ce8f12b1-331e-5cc3-82cb-393d1d1e8a99,completed_in_time,48.88999999999987
b2-p2-adaptive,infra-smoke-0a369eb1-8e4f-568f-8956-d646dd85314c,completed_in_time,49.09400000000005
b2-p2-adaptive,infra-smoke-7ea44411-4191-5caa-8b32-4f387ca9e90b,completed_in_time,47.983999999999924
b2-p2-adaptive,infra-smoke-3b3c5f9b-4212-5af3-8cfc-37ed3932a27a,completed_in_time,48.327999999999975
b2-p2-adaptive,infra-smoke-25ccf302-293c-5c1c-8e9a-61d96fec1a2e,completed_in_time,48.266000000000076
b2-p2-adaptive,infra-smoke-60b2a654-8d7e-525e-850b-cb6df01101d5,completed_in_time,48.422000000000025
b2-p2-adaptive,infra-smoke-80ecbe4e-ce8b-515e-9550-e8d767831660,completed_in_time,48.702999999999975
b2-p2-adaptive,infra-smoke-1e0cc1f8-2393-5b52-bad7-9bd3f5b19220,completed_in_time,48.577999999999975
b2-p2-adaptive,infra-smoke-d8a1527d-571b-59e8-a6f3-8505d361ae7d,completed_in_time,48.608999999999924
b2-p2-adaptive,infra-smoke-259572d2-191d-5bf0-b03c-9045900a28fd,completed_in_time,48.797000000000025
b2-p2-adaptive,infra-smoke-f85bbec4-a822-5791-a7b4-d9d575c97ba6,completed_in_time,48.73500000000013
b2-p2-adaptive,infra-smoke-f263ef38-de53-5d10-8a0a-cab41af1737f,completed_in_time,48.88999999999987
b2-p2-adaptive,infra-smoke-e0d24735-c315-51af-b3a5-6050330b0629,completed_in_time,48.59400000000005
b2-p2-adaptive,infra-smoke-ea40242e-c097-50e1-a562-8f53501fed24,completed_in_time,48.3119999999999
b2-p2-adaptive,infra-smoke-53017504-fa6a-5cc8-bb63-8775b4c2163f,completed_in_time,48.672000000000025
b2-p2-adaptive,infra-smoke-3179e75e-0995-5a6f-b9c7-7990f0ca80f5,completed_in_time,48.78099999999995
b2-p2-adaptive,infra-smoke-b3b39443-00dd-5dff-b36e-17cf07b2454f,completed_in_time,48.90599999999995
b2-p2-adaptive,infra-smoke-f5432e7f-c717-5f83-aec6-8d7600d202ca,completed_in_time,48.577999999999975
b2-p2-adaptive,infra-smoke-4b806b41-de0d-5044-ad7d-7823632765ca,completed_in_time,48.702999999999975
b2-p2-adaptive,infra-smoke-98d931d6-8225-55a8-af19-112f96a240fc,completed_in_time,47.922000000000025
b2-p2-adaptive,infra-smoke-b49f79eb-753c-5c19-9c4b-a4ec1bc3be6c,completed_in_time,48.71900000000005
b2-p2-adaptive,infra-smoke-15f31689-44c4-525c-817c-eab406f34be8,completed_in_time,48.59400000000005
b2-p2-adaptive,infra-smoke-853f5376-4469-5ad0-bb03-ff383c278d1f,completed_in_time,48.6869999999999
b2-p2-adaptive,infra-smoke-5566df42-77df-5651-a5af-06d26815b67f,completed_in_time,48.6880000000001
b2-p2-adaptive,infra-smoke-ac649c06-2a2a-53dc-b6e1-931ac37e3bc4,completed_in_time,48.82900000000018
b2-p2-adaptive,infra-smoke-c07b3b97-de8b-5665-9372-6e6bc995d842,completed_in_time,48.702999999999975
b2-p2-adaptive,infra-smoke-dd71bbf8-ab28-5d5d-aaff-993a4418a6b5,completed_in_time,48.875
b2-p2-adaptive,infra-smoke-c1f6dd13-5dc1-51b4-b968-35f79c3aa767,completed_in_time,49.0630000000001
b2-p2-adaptive,infra-smoke-6b138d66-b74c-545a-a533-6f0acc392c9b,completed_in_time,48.547000000000025
b2-p2-adaptive,infra-smoke-09d9dd83-4618-57ec-8b93-3941e7b6a6d1,completed_in_time,48.88999999999987
b2-p2-adaptive,infra-smoke-02db39e4-f83b-5e82-803d-b2351d9aa117,completed_in_time,49.358999999999924
b2-p2-adaptive,infra-smoke-5f60cf5e-fbf9-57b6-95c0-7bf2080f76be,completed_in_time,49.59299999999985
b2-p2-adaptive,infra-smoke-c64165ab-97fc-5849-9dc9-379d95fd502b,completed_in_time,49.483999999999924
b2-p2-adaptive,infra-smoke-d2d2dc8d-c244-5e2d-8de0-e2d3f08c7a43,completed_in_time,49.702999999999975
b2-p2-adaptive,infra-smoke-6d7041a5-c715-5c98-b66f-2b5bc3ad6f1d,completed_in_time,49.32900000000018
b2-p2-adaptive,infra-smoke-db43414b-c0ef-5121-a569-61fba1c38c86,completed_in_time,49.422000000000025
b2-p2-adaptive,infra-smoke-5d0891f0-347f-533a-9eaa-0e9412ea06d4,completed_in_time,49.8130000000001
b2-p2-adaptive,infra-smoke-fde90982-b2af-57ab-8720-d9f0e2b60be0,completed_in_time,49.36000000000013
b2-p2-adaptive,infra-smoke-1563e3df-91a6-5eab-a9b2-7b8a8ee60bf0,completed_in_time,49.625
b2-p2-adaptive,infra-smoke-d255cf41-4785-5b00-8c87-5db5df80a64a,completed_in_time,49.766000000000076
b2-p2-adaptive,infra-smoke-5fc2be1f-c418-5acc-b181-cf7f204658e0,completed_in_time,49.88999999999987
b2-p2-adaptive,infra-smoke-713c91ca-ccfd-5ca1-9161-78fc6815e42c,completed_in_time,49.891000000000076
b2-p2-adaptive,infra-smoke-e5f4af47-6244-577d-9f08-4ace679a6bed,completed_in_time,49.891000000000076
b2-p2-adaptive,infra-smoke-78c48b16-b8cd-58ac-be4e-ecf0ea9fe9e0,completed_in_time,50.108999999999924
b2-p2-adaptive,infra-smoke-3c2f21d0-5fdb-5499-9d44-0bab9a3ee434,completed_in_time,49.733999999999924
b2-p2-adaptive,infra-smoke-77455e69-a87f-5094-83c8-5afb78505e8a,completed_in_time,49.76499999999987
b2-p2-adaptive,infra-smoke-ea29c7fb-3dc0-5f15-a096-45f310fcaa77,completed_in_time,49.96900000000005
b2-p2-adaptive,infra-smoke-cfa4a03b-3865-5725-83ab-448fad2447d1,completed_in_time,50.0
b2-p2-adaptive,infra-smoke-286f4355-ad40-58ae-96e9-b9cf39261920,completed_in_time,49.90599999999995
b2-p2-adaptive,infra-smoke-292115b0-92e4-5301-9c73-ad48b5a53848,completed_in_time,50.077999999999975
b2-p2-adaptive,infra-smoke-9fd605ae-338e-53a2-abb4-1c5df0879872,completed_in_time,50.016000000000076
b2-p2-adaptive,infra-smoke-9c535d66-44b7-5255-8dcb-b25f4afee932,completed_in_time,50.108999999999924
b2-p2-adaptive,infra-smoke-a2d1b6e0-2f2c-5a2a-8a31-770a4c7e10ca,completed_in_time,49.96900000000005
b2-p2-adaptive,infra-smoke-53678805-c144-57e7-92db-86a1f9da547a,completed_in_time,50.172000000000025
b2-p2-adaptive,infra-smoke-b66aca73-d5e0-5846-bb55-0f4b02a1dcb1,completed_in_time,50.077999999999975
b2-p2-adaptive,infra-smoke-3f7734bc-203b-52b0-9b78-1d1e8719ddfb,completed_in_time,49.983999999999924
b2-p2-adaptive,infra-smoke-16ba656c-1921-549b-abdc-981d96ac0497,completed_in_time,49.797000000000025
b2-p2-adaptive,infra-smoke-62783341-37e4-5b25-8d49-105454f5fd0e,completed_in_time,50.28099999999995
b2-p2-adaptive,infra-smoke-f361f38f-eb45-554e-a953-90024cb19064,completed_in_time,50.202999999999975
b2-p2-adaptive,infra-smoke-9c2f6245-a652-51af-a8b9-1e7b8d62527e,completed_in_time,50.28099999999995
b2-p2-adaptive,infra-smoke-8220a25b-e0c7-5adc-92bc-93c71d942f55,completed_in_time,50.702999999999975
b2-p2-adaptive,infra-smoke-3c6ce6e7-2781-51d3-bfb6-3b746dcb2fae,completed_in_time,50.09400000000005
b2-p2-adaptive,infra-smoke-cc5d3d26-6f19-5fd4-89f8-cd5e8b324c95,completed_in_time,50.23500000000013
b2-p2-adaptive,infra-smoke-46e22706-e3ce-5891-9f13-77781a06d91a,completed_in_time,50.483999999999924
b2-p2-adaptive,infra-smoke-23ef2a8b-0009-5ba0-96b6-454e092f2a47,completed_in_time,50.422000000000025
b2-p2-adaptive,infra-smoke-633dbf6c-80d6-5c67-8322-76702aed2ff7,completed_in_time,50.38999999999987
b2-p2-adaptive,infra-smoke-bc568246-bc06-57eb-bcfa-aecb9ba852e4,completed_in_time,50.5
b2-p2-adaptive,infra-smoke-68339698-e00f-5024-80b8-9b558d13f371,completed_in_time,50.36000000000013
b2-p2-adaptive,infra-smoke-5a4a212f-2f5f-5a4e-a00d-422add04fd3f,completed_in_time,50.452999999999975
b2-p2-adaptive,infra-smoke-b5922a1a-769e-5b5b-93e6-316455445a55,completed_in_time,50.3130000000001
b2-p2-adaptive,infra-smoke-75ca60e8-7a93-5622-89f3-eb4062ec9f9a,completed_in_time,50.327999999999975
b2-p2-adaptive,infra-smoke-790b3b65-4148-52a6-9677-64485a097a81,completed_in_time,50.4369999999999
b2-p2-adaptive,infra-smoke-77f49df6-2fd6-54c7-be9b-4b4e3108aa59,completed_in_time,50.375
b2-p2-adaptive,infra-smoke-92c587ca-f850-502d-9d1a-478d90c75124,completed_in_time,50.09400000000005
b2-p2-adaptive,infra-smoke-88873f24-9c8c-5b13-b5c3-5edb2b2d1311,completed_in_time,50.516000000000076
b2-p2-adaptive,infra-smoke-cebf0a22-09e0-5f7e-9439-2e3cb738bfb2,completed_in_time,50.5
b2-p2-adaptive,infra-smoke-3347149b-cfff-54c7-a7e8-72c6a3b8b5b9,completed_in_time,50.38999999999987
b2-p2-adaptive,infra-smoke-978da31a-aac3-5422-aec0-51fc3659fd1f,completed_in_time,50.766000000000076
b2-p2-adaptive,infra-smoke-8fe39711-4767-521d-9703-624b170c711f,completed_in_time,50.48500000000013
b2-p2-adaptive,infra-smoke-e4ef9da7-e5fa-59e5-b8a1-ae7e1cde8744,completed_in_time,50.516000000000076
b2-p2-adaptive,infra-smoke-746e03df-88e9-57ea-97c8-bc6d0b32b69d,completed_in_time,50.608999999999924
b2-p2-adaptive,infra-smoke-8a856b80-65bf-5a52-ba52-832b560d4d10,completed_in_time,50.03200000000015
b2-p2-adaptive,infra-smoke-f63d18db-5dd5-564e-a1ff-2b737caa3fd9,completed_in_time,50.422000000000025
b2-p2-adaptive,infra-smoke-9245f19d-b661-5a79-a72c-5eb89d66f8bf,completed_in_time,50.59400000000005
b2-p2-adaptive,infra-smoke-0bed4771-e5c2-52d7-9bb6-d956c7dbb36f,completed_in_time,50.78099999999995
b2-p2-adaptive,infra-smoke-40c820a3-d45e-5cd3-b7f2-21f8998af0e0,completed_in_time,51.09400000000005
b2-p2-adaptive,infra-smoke-775cb232-e76d-557a-bc52-cc563e4b97e6,completed_in_time,50.5
b2-p2-adaptive,infra-smoke-91bc1868-06c1-5340-bbcf-f1f83c1a3230,completed_in_time,50.6880000000001
b2-p2-adaptive,infra-smoke-b0822423-8950-555d-b3cb-9ce8a1550459,completed_in_time,50.98500000000013
b2-p2-adaptive,infra-smoke-73bfb102-49e6-5347-88fe-60049f1b2f28,completed_in_time,50.79599999999982
b2-p2-adaptive,infra-smoke-69b750ea-672d-5bfc-924c-a55daa062630,completed_in_time,51.577999999999975
b2-p2-adaptive,infra-smoke-73c54275-8a1f-5a98-ac8a-3974e965095b,completed_in_time,51.202999999999975
b2-p2-adaptive,infra-smoke-6e2e81de-05bb-5582-b211-c0244153b6c3,completed_in_time,51.375
b2-p2-adaptive,infra-smoke-82a305e7-3d4a-5876-a79b-d950269e6dc2,completed_in_time,51.202999999999975
b2-p2-adaptive,infra-smoke-26360f54-b152-5aae-a329-3503a18db043,completed_in_time,51.0
b2-p2-adaptive,infra-smoke-4a6e4af6-5f6e-52f0-bcc4-c9391c79bf59,completed_in_time,50.125
b2-p2-adaptive,infra-smoke-f41992d5-eced-5a91-8f95-69b47f56415f,completed_in_time,51.297000000000025
b2-p2-adaptive,infra-smoke-a9757fd6-352a-50a6-b44a-34f6fb1df69c,completed_in_time,51.202999999999975
b2-p2-adaptive,infra-smoke-8e247b0e-453f-573e-b97f-fccba57ef827,completed_in_time,50.766000000000076
b2-p2-adaptive,infra-smoke-d107d46c-b400-537c-a88f-f098e76fc137,completed_in_time,51.04599999999982
b2-p2-adaptive,infra-smoke-1c669bd5-d7b6-5d9f-832c-5c3e36e0dc6f,completed_in_time,51.875
b2-p2-adaptive,infra-smoke-a911297c-65b8-5b55-8fcb-538a2f56ff5a,completed_in_time,51.202999999999975
b2-p2-adaptive,infra-smoke-3923206b-d4b4-5fa5-9930-3bb888db23f6,completed_in_time,51.59400000000005
b2-p2-adaptive,infra-smoke-c904ca71-5d84-576e-abf9-c9dd3c202bc8,completed_in_time,51.1880000000001
b2-p2-adaptive,infra-smoke-de63fcf9-10d9-53d0-811d-55ef78452de4,completed_in_time,51.077999999999975
b2-p2-adaptive,infra-smoke-cdb4eb79-034a-5cd7-b46b-e876ccfb7846,completed_in_time,51.09400000000005
b2-p2-adaptive,infra-smoke-6d9f5d05-1006-5ff5-a06a-3dfa3673bcdb,completed_in_time,51.202999999999975
b2-p2-adaptive,infra-smoke-b804d7fb-2d0c-52f9-8120-ef2ca3d3fb1d,completed_in_time,51.21900000000005
b2-p2-adaptive,infra-smoke-13189098-6d5a-515a-bca7-9113f35cc712,completed_in_time,50.983999999999924
b2-p2-adaptive,infra-smoke-be9652df-9b92-51af-aa73-39cc7f523868,completed_in_time,51.3119999999999
b2-p2-adaptive,infra-smoke-56bb01f6-9530-5d1c-9678-0e0cdf357ede,completed_in_time,51.76499999999987
b2-p2-adaptive,infra-smoke-a3856f9b-d347-5126-badb-cb9de6bcb847,completed_in_time,51.29599999999982
b2-p2-adaptive,infra-smoke-f59c45a0-0d46-5bb9-9782-2169683e9834,completed_in_time,51.327999999999975
b2-p2-adaptive,infra-smoke-7288dcd4-3938-59fd-bc76-2dbf41d2425e,completed_in_time,51.827999999999975
b2-p2-adaptive,infra-smoke-094166c1-6703-5e70-bcea-1c697bf2a844,completed_in_time,51.077999999999975
b2-p2-adaptive,infra-smoke-da77499b-77a2-5fe1-9115-3ed4b5df1e0d,completed_in_time,51.11000000000013
b2-p2-adaptive,infra-smoke-f12b183f-837e-5754-938d-ec2f476c6f12,completed_in_time,51.797000000000025
b2-p2-adaptive,infra-smoke-92003ab4-bc39-5f15-a55e-e660d8a709a7,completed_in_time,51.8119999999999
b2-p2-adaptive,infra-smoke-40bb9750-4bbc-5cac-abdd-89b10a40bde3,completed_in_time,51.608999999999924
b2-p2-adaptive,infra-smoke-8994da35-d1b4-5c68-88ec-60483b7b79cf,completed_in_time,51.79599999999982
b2-p2-adaptive,infra-smoke-035e182a-81e3-5c44-9cf8-4c7403f3666d,completed_in_time,51.797000000000025
b2-p2-adaptive,infra-smoke-b00dd81f-dfb2-52a8-aa76-1a8595611d3a,completed_in_time,51.78099999999995
b2-p2-adaptive,infra-smoke-cb3641e8-05fd-5ffd-98f8-dbe7a888f747,completed_in_time,51.88999999999987
b2-p2-adaptive,infra-smoke-864d81ea-c5cb-5900-863a-1cee9b61d539,completed_in_time,51.25
b2-p2-adaptive,infra-smoke-f07ec285-28ff-5d88-a7c1-1a7ab783544d,completed_in_time,51.891000000000076
b2-p2-adaptive,infra-smoke-571f387a-a9c0-5b19-9ba9-5733ae9b43e2,completed_in_time,51.733999999999924
b2-p2-adaptive,infra-smoke-5cba8836-800e-5c14-b303-c31d89427652,completed_in_time,51.858999999999924
b2-p2-adaptive,infra-smoke-fdb96b96-8972-5922-9124-117ae782b64a,completed_in_time,52.21799999999985
b2-p2-adaptive,infra-smoke-bc8dbace-9af2-5564-8241-ddf5536ea4a2,completed_in_time,51.4380000000001
b2-p2-adaptive,infra-smoke-285cb661-ebe9-5666-a5f7-375b9d47d160,completed_in_time,51.8130000000001
b2-p2-adaptive,infra-smoke-8fdad31b-d670-5db2-9a09-4fccc3f74bec,completed_in_time,51.797000000000025
b2-p2-adaptive,infra-smoke-d3a28898-d40e-554a-9a93-cf6ec4d663e7,completed_in_time,51.797000000000025
b2-p2-adaptive,infra-smoke-ada80817-b3e0-5a33-b393-88bb29fb43b5,completed_in_time,52.40599999999995
b2-p2-adaptive,infra-smoke-261f6cee-c2a0-50c9-bcbf-891c5465631f,completed_in_time,52.3130000000001
b2-p2-adaptive,infra-smoke-94acef3a-49f3-55b5-9259-d8342953f28d,completed_in_time,51.266000000000076
b2-p2-adaptive,infra-smoke-c8d17061-d8e3-52f6-9cf0-b3371353c6cc,completed_in_time,51.3130000000001
b2-p2-adaptive,infra-smoke-69343fc6-9482-50e3-a5b9-3394949b25d7,completed_in_time,51.983999999999924
b2-p2-adaptive,infra-smoke-35d41178-dbb1-542b-92b9-68d31777a852,completed_in_time,51.59400000000005
b2-p2-adaptive,infra-smoke-9e1c1118-3799-5db6-99ca-a422f7647035,completed_in_time,51.577999999999975
b2-p2-adaptive,infra-smoke-a81e1bb0-a1db-5b34-abc8-ab9e9972ad22,completed_in_time,51.84400000000005
b2-p2-adaptive,infra-smoke-b1f273ec-535b-5e6f-b2e8-d9070aa5bce0,completed_in_time,52.21900000000005
b2-p2-adaptive,infra-smoke-c5aee0d2-7acd-5974-948d-692aa59c9af9,completed_in_time,52.40700000000015
b2-p2-adaptive,infra-smoke-478f9b44-ce4d-5db0-ad96-0617dae2ecde,completed_in_time,52.797000000000025
b2-p2-adaptive,infra-smoke-ee61a7b8-074c-5dd2-b181-e4da9264c0c9,completed_in_time,52.547000000000025
b2-p2-adaptive,infra-smoke-0c71d466-0718-56a5-a171-d6e79b55d966,completed_in_time,52.8130000000001
b2-p2-adaptive,infra-smoke-c1ae4954-312d-5997-a76a-a5ea13b9eb7d,completed_in_time,52.40700000000015
b2-p2-adaptive,infra-smoke-9f9ee6d7-1df4-5728-93ab-27c65bff63ec,completed_in_time,52.59299999999985
b2-p2-adaptive,infra-smoke-2222d65a-2cef-5e17-aa6a-3410164474dc,completed_in_time,53.3119999999999
b2-p2-adaptive,infra-smoke-0e129f48-7dcf-564f-befc-1b98170651d8,completed_in_time,52.983999999999924
b2-p2-adaptive,infra-smoke-1f7d475b-f849-52dc-90e0-73cd94c1770b,completed_in_time,52.827999999999975
b2-p2-adaptive,infra-smoke-712a1f88-4c54-57e1-8b95-3b95b7b355f9,completed_in_time,52.108999999999924
b2-p2-adaptive,infra-smoke-40f6fa42-49e1-5d6f-87ac-0ea155c87595,completed_in_time,52.952999999999975
b2-p2-adaptive,infra-smoke-acfc189b-e9c0-5171-bc15-210a7bd8b1a1,completed_in_time,52.625
b2-p2-adaptive,infra-smoke-b8aecba7-c758-518c-9fee-bec233c3d55f,completed_in_time,52.4369999999999
b2-p2-adaptive,infra-smoke-750e05f5-767a-557d-9e25-7389e820d997,completed_in_time,53.172000000000025
b2-p2-adaptive,infra-smoke-2c3faa5b-16c3-5e6d-87d6-671a3e8a35b4,completed_in_time,52.78099999999995
b2-p2-adaptive,infra-smoke-8c3ced51-0d64-518f-8061-6dc71f1ac82b,completed_in_time,53.3130000000001
b2-p2-adaptive,infra-smoke-55afb4d9-895c-5968-91db-b6b5ba00c495,completed_in_time,53.375
b2-p2-adaptive,infra-smoke-2f341023-7c9c-5c58-9c3a-70e2dc341ae4,completed_in_time,52.8119999999999
b2-p2-adaptive,infra-smoke-ec8c8918-7125-57a1-8d7f-3969b2ed6824,completed_in_time,53.1880000000001
b2-p2-adaptive,infra-smoke-aa1c968a-360a-5a7a-955d-1a218c4805cf,completed_in_time,52.875
b2-p2-adaptive,infra-smoke-6e633028-2287-585c-af95-56b61147e16c,completed_in_time,53.3119999999999
b2-p2-adaptive,infra-smoke-52f444e3-2196-572d-93aa-0306ac25c1ec,completed_in_time,52.733999999999924
b2-p2-adaptive,infra-smoke-49fc6593-cddd-5980-85df-4f709bb429be,completed_in_time,53.40599999999995
b2-p2-adaptive,infra-smoke-016ff77f-e1d9-548e-8aa2-21783889f4ad,completed_in_time,53.03200000000015
b2-p2-adaptive,infra-smoke-68afbb05-7ba4-5b97-a07b-531586160230,completed_in_time,53.26499999999987
b2-p2-adaptive,infra-smoke-72a93ab2-59ee-57c3-9f63-b7bfd44fc666,completed_in_time,52.96900000000005
b2-p2-adaptive,infra-smoke-84c52932-a1e4-5443-b36b-0b46584b4514,completed_in_time,53.3119999999999
b2-p2-adaptive,infra-smoke-b4f5fd70-54bc-5fbf-902f-a6129f1d5a8c,completed_in_time,53.11000000000013
b2-p2-adaptive,infra-smoke-41451297-8bc1-552b-bf21-280f6438c0ea,completed_in_time,53.09299999999985
b2-p2-adaptive,infra-smoke-0a3a02d2-004b-598f-a818-5939416dc209,completed_in_time,53.125
b2-p2-adaptive,infra-smoke-06d0b05d-c2fc-5839-af50-60a0e777a479,completed_in_time,53.1869999999999
b2-p2-adaptive,infra-smoke-c59e2206-d6a5-5110-be2f-202617c75a50,completed_in_time,53.1869999999999
b2-p2-adaptive,infra-smoke-6282f3b9-1d97-5564-b554-2849bb9afb65,completed_in_time,53.297000000000025
b2-p2-adaptive,infra-smoke-abbce5e3-fcf1-59f4-9978-243b80b8bca4,completed_in_time,53.608999999999924
b2-p2-adaptive,infra-smoke-789f2ad7-cf70-5d29-8ebe-67318f2f97e4,completed_in_time,52.5
b2-p2-adaptive,infra-smoke-158c1e71-d958-5bc6-a37e-4078e385b29a,completed_in_time,52.90700000000015
b2-p2-adaptive,infra-smoke-2afe6ca0-2e83-5265-a818-d14e86ae8035,completed_in_time,52.797000000000025
b2-p2-adaptive,infra-smoke-c4611725-1464-5a48-abaf-217ebc7eee5e,completed_in_time,53.25
b2-p2-adaptive,infra-smoke-da8955af-115c-5b55-96b9-1a1df0cd7124,completed_in_time,53.516000000000076
b2-p2-adaptive,infra-smoke-8481fd8e-8049-5f80-b647-b3864d2c65aa,completed_in_time,53.297000000000025
b2-p2-adaptive,infra-smoke-79b55776-961f-51d3-8f1c-662c04923a4f,completed_in_time,53.577999999999975
b2-p2-adaptive,infra-smoke-e395073a-6dbd-5fe9-8439-1bf61e5dca5c,completed_in_time,53.5
b2-p2-adaptive,infra-smoke-a4220f36-b079-5a64-9283-e3c822fa2ded,completed_in_time,53.40599999999995
b2-p2-adaptive,infra-smoke-399b4c7b-0afb-5b64-9245-29200cc9c4f7,completed_in_time,53.202999999999975
b2-p2-adaptive,infra-smoke-637814ff-0cda-517e-933e-3811fdddc65e,completed_in_time,53.40599999999995
b2-p2-adaptive,infra-smoke-50305430-92dc-5244-8365-b74eafed7d74,completed_in_time,53.3119999999999
b2-p2-adaptive,infra-smoke-b91f4f32-59be-5aba-bf88-747252ae3cf6,completed_in_time,53.483999999999924
b2-p2-adaptive,infra-smoke-d3d5eb69-5199-5536-a156-58fd2026c855,completed_in_time,53.297000000000025
b2-p2-adaptive,infra-smoke-2f6cc962-9959-5148-9ce3-8a25602956a6,completed_in_time,53.21900000000005
b2-p2-adaptive,infra-smoke-eafa0dab-3d5e-5b9e-9f65-f9ef7ad275e9,completed_in_time,53.26499999999987
b2-p2-adaptive,infra-smoke-c6e6f032-2f70-5467-828a-cffa5d25444a,completed_in_time,53.1869999999999
b2-p2-adaptive,infra-smoke-21fccdbb-efbf-5d67-8b32-fa3699af6eb8,completed_in_time,53.1880000000001
b2-p2-adaptive,infra-smoke-6684bd5a-4d6d-5c71-a46a-717a73a54283,completed_in_time,53.28099999999995
b2-p2-adaptive,infra-smoke-93302e3d-b44b-5ce0-8fd2-88f7e722dfb9,completed_in_time,54.266000000000076
b2-p2-adaptive,infra-smoke-2f771e4d-06d9-55f9-9fbf-5f2a9e0f3b49,completed_in_time,54.82900000000018
b2-p2-adaptive,infra-smoke-29250bc8-80ba-5891-b441-65b368b9b022,completed_in_time,54.46900000000005
b2-p2-adaptive,infra-smoke-4b56f6df-cdd6-50b9-9c16-baeb01600ab0,completed_in_time,53.98500000000013
b2-p2-adaptive,infra-smoke-7c9a587b-af95-5a06-b9f0-3d3557cd60ba,completed_in_time,54.297000000000025
b2-p2-adaptive,infra-smoke-7646d82e-dc99-5fca-b337-9ea0607f664a,completed_in_time,54.28200000000015
b2-p2-adaptive,infra-smoke-e151f0eb-0d33-52f3-b643-aad719cbaa06,completed_in_time,53.78099999999995
b2-p2-adaptive,infra-smoke-0e3c33ca-ade4-5f7c-95f0-fb18d6e2b726,completed_in_time,53.8130000000001
b2-p2-adaptive,infra-smoke-86ec5520-5291-5019-aa30-dfeb8bd297cc,completed_in_time,53.5
b2-p2-adaptive,infra-smoke-c3eb5c09-bc4c-513a-8c1e-51d9f0546cd6,completed_in_time,53.922000000000025
b2-p2-adaptive,infra-smoke-4141cfc9-b503-50fa-966c-669efbb1fadd,completed_in_time,53.67099999999982
b2-p2-adaptive,infra-smoke-a5676a69-342e-521b-ab00-fb3f0cb348bc,completed_in_time,54.0
b2-p2-adaptive,infra-smoke-911b1013-a2a1-5392-b50f-2fc29de1ec74,completed_in_time,54.03099999999995
b2-p2-adaptive,infra-smoke-8139dd57-4c4a-5d3f-b1e0-090645e3827e,completed_in_time,53.90599999999995
b2-p2-adaptive,infra-smoke-10aca846-d496-5994-9afd-1a7e0d69849a,completed_in_time,52.90599999999995
b2-p2-adaptive,infra-smoke-055870f7-91c9-54f3-bb3c-84b59c2d8db0,completed_in_time,53.016000000000076
b2-p2-adaptive,infra-smoke-74d8a5a2-3701-5793-8696-93d6a6a38930,completed_in_time,54.108999999999924
b2-p2-adaptive,infra-smoke-8297a446-63a0-5c9e-bc49-ba365169ad87,completed_in_time,53.8119999999999
b2-p2-adaptive,infra-smoke-ca9ccade-3902-53e4-8917-2137115880d2,completed_in_time,54.297000000000025
b2-p2-adaptive,infra-smoke-d29cb254-5509-5a15-b9bd-271c47ad624c,completed_in_time,54.21799999999985
b2-p2-adaptive,infra-smoke-2976d652-4350-511a-b075-2f61d02a85fe,completed_in_time,54.0
b2-p2-adaptive,infra-smoke-1d77aea6-4998-5d28-8cd1-b2b8250264fa,completed_in_time,54.016000000000076
b2-p2-adaptive,infra-smoke-23e87118-cf5f-548a-a9ca-ab729f87b5cb,completed_in_time,54.29599999999982
b2-p2-adaptive,infra-smoke-f6d74091-d6d8-5bfe-b69d-78538a663272,completed_in_time,54.09299999999985
b2-p2-adaptive,infra-smoke-5971b4b0-c8c8-5284-9ef0-fd7adeae59bf,completed_in_time,54.38999999999987
b2-p2-adaptive,infra-smoke-691964a6-d58b-5917-aa2f-8da6682b828f,completed_in_time,54.09400000000005
b2-p2-adaptive,infra-smoke-e606d12f-1787-52e9-96e4-3b52ddd70e67,completed_in_time,53.96900000000005
b2-p2-adaptive,infra-smoke-a41c8b19-a4e9-5611-904d-9586b14c38a0,completed_in_time,54.233999999999924
b2-p2-adaptive,infra-smoke-f79d7c99-dd67-5171-93d0-9a34d52370b7,completed_in_time,54.125
b2-p2-adaptive,infra-smoke-bbc3aba2-b972-5d03-b72a-00526a3b0d96,completed_in_time,53.827999999999975
b2-p2-adaptive,infra-smoke-3f50788a-6b63-54e7-ba35-cb0ac8e22c3c,completed_in_time,54.077999999999975
b2-p2-adaptive,infra-smoke-4c06bae8-3619-5941-b3a5-eec1d83cd255,completed_in_time,54.0
b2-p2-adaptive,infra-smoke-604efb60-3ca3-58d6-b071-2d2efbf51fe0,completed_in_time,54.1880000000001
b2-p2-adaptive,infra-smoke-72f18f01-5530-50cb-a109-e193c7cce5b5,completed_in_time,54.233999999999924
b2-p2-adaptive,infra-smoke-cb8da6cb-ef86-5535-87e9-cadc3cdd920a,completed_in_time,53.891000000000076
b2-p2-adaptive,infra-smoke-46c28151-3e2b-5080-b20b-c66fc1ccce38,completed_in_time,54.125
b2-p2-adaptive,infra-smoke-cca88647-5c4e-571d-b38f-656e114afeea,completed_in_time,54.108999999999924
b2-p2-adaptive,infra-smoke-2661695c-51ae-57cf-86a2-0e2a2b431815,completed_in_time,53.84400000000005
b2-p2-adaptive,infra-smoke-10b2a998-1893-5087-abee-2225b70808d4,completed_in_time,54.5
b2-p2-adaptive,infra-smoke-67c17960-90e6-5f97-b764-7015445dd8a2,completed_in_time,54.1880000000001
b2-p2-adaptive,infra-smoke-7b47a322-ec41-511a-b0df-ec2f5cae138b,completed_in_time,54.4380000000001
b2-p2-adaptive,infra-smoke-b0eae264-e3da-5a87-9cde-cc05813562b4,completed_in_time,53.71900000000005
b2-p2-adaptive,infra-smoke-94095c4c-53c9-50c6-a7b8-47112016fa64,completed_in_time,54.21900000000005
b2-p2-adaptive,infra-smoke-7b466c94-ee5e-55bc-8c61-4482d4f8b5bf,completed_in_time,54.266000000000076
b2-p2-adaptive,infra-smoke-fd34b0ff-7237-5df1-97ab-f5e8f4719969,completed_in_time,54.797000000000025
b2-p2-adaptive,infra-smoke-696a03f0-6ae9-510a-ab5a-00680f27db7f,completed_in_time,54.20400000000018
b2-p2-adaptive,infra-smoke-e280ec90-7b4d-5813-885e-7c81787ca9a7,completed_in_time,53.9369999999999
b2-p2-adaptive,infra-smoke-06915a63-a445-5664-9298-682db75e8e99,completed_in_time,54.59400000000005
b2-p2-adaptive,infra-smoke-15a17b05-8758-53e7-97bf-7191849c8802,completed_in_time,54.358999999999924
b2-p2-adaptive,infra-smoke-3e583805-d3be-5c04-9374-7983dafea301,completed_in_time,54.733999999999924
b2-p2-adaptive,infra-smoke-456f2fa3-0d14-5344-a1e4-9d069109ba3e,completed_in_time,55.172000000000025
b2-p2-adaptive,infra-smoke-5902026a-509b-5e85-a452-0d21526bd10f,completed_in_time,54.702999999999975
b2-p2-adaptive,infra-smoke-171b1fc5-8728-5c27-821f-76e9ceb4cb07,completed_in_time,53.82900000000018
b2-p2-adaptive,infra-smoke-a8607aad-d91a-5868-bb8a-017fe5133d33,completed_in_time,54.483999999999924
b2-p2-adaptive,infra-smoke-795ad6b5-65ff-5f1d-a3d5-a5bff6c50c89,completed_in_time,55.09400000000005
b2-p2-adaptive,infra-smoke-05037a9b-52d6-55ee-a058-d341c40c25a0,completed_in_time,55.0619999999999
b2-p2-adaptive,infra-smoke-fea17028-07fa-58f2-ac92-01bf3b21d1f7,completed_in_time,55.172000000000025
b2-p2-adaptive,infra-smoke-aab945b0-8a74-5c98-818a-5abb09a61e8c,completed_in_time,54.40599999999995
b2-p2-adaptive,infra-smoke-ba344109-0985-50db-bcc6-e1465f75d0a3,completed_in_time,54.9380000000001
b2-p2-adaptive,infra-smoke-c3c31417-a51f-5550-b94b-f96b4bb1021c,completed_in_time,53.38999999999987
b2-p2-adaptive,infra-smoke-5876eb73-c504-55cd-bbdb-4cfa7339057a,completed_in_time,54.5619999999999
b2-p2-adaptive,infra-smoke-74dcc0fa-d957-5af2-80d0-31352f4d8988,completed_in_time,55.016000000000076
b2-p2-adaptive,infra-smoke-46d6d437-6749-5295-9869-0afc4568603c,completed_in_time,55.09400000000005
b2-p2-adaptive,infra-smoke-fb3e13b0-fc4d-5eea-a19e-e52fb6fc0369,completed_in_time,54.73500000000013
b2-p2-adaptive,infra-smoke-f0ccc707-2e38-5986-a097-ed3d3f4cb5b9,completed_in_time,55.40599999999995
b2-p2-adaptive,infra-smoke-e242bd63-69dd-5b10-9128-0d8a0ec0b446,completed_in_time,55.75
b2-p2-adaptive,infra-smoke-9cfa0ec0-a3b5-553e-8370-7b5b5dda921e,completed_in_time,55.86000000000013
b2-p2-adaptive,infra-smoke-e2b58005-1dd2-5c53-ac2b-1416855612b5,completed_in_time,55.875
b2-p2-adaptive,infra-smoke-ae394256-79de-58c6-918c-dfe581c97e5a,completed_in_time,55.375
b2-p2-adaptive,infra-smoke-15f5e638-acd1-5aa3-a58e-7261aa0fcbaf,completed_in_time,55.26499999999987
b2-p2-adaptive,infra-smoke-c2a0b0c5-aa5c-556c-b9e8-d8f9257e73e9,completed_in_time,54.983999999999924
b2-p2-adaptive,infra-smoke-cf5e7b76-36dd-5352-af7e-a25c6e200c00,completed_in_time,55.391000000000076
b2-p2-adaptive,infra-smoke-d9e3de54-b5b4-5040-838a-a9c9cd353744,completed_in_time,55.983999999999924
b2-p2-adaptive,infra-smoke-3e548983-a161-5eb9-b9f0-4569af0b445b,completed_in_time,55.57900000000018
b2-p2-adaptive,infra-smoke-9477228b-621b-5aec-9cbc-357032f8eed9,completed_in_time,55.3119999999999
b2-p2-adaptive,infra-smoke-49a49068-a3da-5b49-a348-9b3c3c39dde3,completed_in_time,55.608999999999924
b2-p2-adaptive,infra-smoke-3554723e-1509-5c9a-8546-079ee4278c3d,completed_in_time,55.608999999999924
b2-p2-adaptive,infra-smoke-a8881d5a-1f4a-52a7-8eb7-a88d0b37470a,completed_in_time,55.608999999999924
b2-p2-adaptive,infra-smoke-68314bea-ce64-59a5-9946-9ffe5217ab56,completed_in_time,55.88999999999987
b2-p2-adaptive,infra-smoke-bea322f7-f352-5496-8aad-41f2093e6393,completed_in_time,55.61000000000013
b2-p2-adaptive,infra-smoke-d7702d00-e439-5dff-84fc-a88e44d18a81,completed_in_time,55.78099999999995
b2-p2-adaptive,infra-smoke-80199ec8-87b0-5f30-8922-48b750ee61ff,completed_in_time,55.827999999999975
b2-p2-adaptive,infra-smoke-ae7ff771-b93d-5a1d-9cf0-81f1045ca7ae,completed_in_time,55.86000000000013
b2-p2-adaptive,infra-smoke-f5d3e3e4-c7d7-5cc5-8572-e099d044dd29,completed_in_time,55.90599999999995
b2-p2-adaptive,infra-smoke-3b8e4af3-406d-5cfa-97a4-48967a6fedf2,completed_in_time,56.297000000000025
b2-p2-adaptive,infra-smoke-0eaed7fc-bde4-5201-8744-8f7ba6c8d00d,completed_in_time,55.797000000000025
b2-p2-adaptive,infra-smoke-ac0b58c2-125f-5557-9c53-02a5be990d25,completed_in_time,56.375
b2-p2-adaptive,infra-smoke-59ea51dd-c0d5-5f5b-8284-5641b252db97,completed_in_time,55.88999999999987
b2-p2-adaptive,infra-smoke-717d459b-02d8-518c-bd7b-13791918a978,completed_in_time,55.922000000000025
b2-p2-adaptive,infra-smoke-35a5e1aa-0c2c-5d7e-be56-68a5d162eaa7,completed_in_time,55.8119999999999
b2-p2-adaptive,infra-smoke-42f90c84-9005-5be7-87d6-1192b67c2c34,completed_in_time,55.983999999999924
b2-p2-adaptive,infra-smoke-8b9046df-6f9b-5f03-9103-00b9aff409d5,completed_in_time,55.98500000000013
b2-p2-adaptive,infra-smoke-c8cd932e-7840-5034-a218-cea9d17c9e75,completed_in_time,55.8119999999999
b2-p2-adaptive,infra-smoke-dd50aabf-6230-5f1b-a00c-6756addeae5b,completed_in_time,56.077999999999975
b2-p2-adaptive,infra-smoke-cbc492d6-477c-5a93-b722-bcfc95b60977,completed_in_time,56.09299999999985
b2-p2-adaptive,infra-smoke-46a2fef4-f3fb-56bd-9fc1-eab1449cb2b4,completed_in_time,55.891000000000076
b2-p2-adaptive,infra-smoke-03c6ed85-62a8-574a-a177-bf0ee129482e,completed_in_time,55.983999999999924
b2-p2-adaptive,infra-smoke-cf312f26-b485-503e-b846-8261eac7296b,completed_in_time,56.1869999999999
b2-p2-adaptive,infra-smoke-85a9bd00-801e-5734-aca1-84a7c1ae2f5e,completed_in_time,56.1869999999999
b2-p2-adaptive,infra-smoke-b606355e-28c9-5b5c-b5a9-042bad25ea72,completed_in_time,55.88999999999987
b2-p2-adaptive,infra-smoke-8c7827fd-a71b-52f4-a0bc-c972bce72321,completed_in_time,56.077999999999975
b2-p2-adaptive,infra-smoke-4d3cd616-5c49-5b22-a4af-09ae87823e6e,completed_in_time,56.516000000000076
b2-p2-adaptive,infra-smoke-04fb6524-4e48-5164-acf7-7314274e4964,completed_in_time,56.202999999999975
b2-p2-adaptive,infra-smoke-1a728bda-b108-52c5-b4b7-ab45c4f9fb12,completed_in_time,55.71900000000005
b2-p2-adaptive,infra-smoke-35bddbee-8006-519c-8c9a-cfaf3e78adc2,completed_in_time,56.1880000000001
b2-p2-adaptive,infra-smoke-ff57c8a0-908d-5313-8381-d6423311b841,completed_in_time,55.96900000000005
b2-p2-adaptive,infra-smoke-fffa97f1-e960-54d4-bcab-e250bd019f2f,completed_in_time,56.0
b2-p2-adaptive,infra-smoke-13643aed-a59f-5cd7-9a93-7137e2cad989,completed_in_time,56.125
b2-p2-adaptive,infra-smoke-736dafc6-c885-5507-93e3-e68fd8112b17,completed_in_time,56.17099999999982
b2-p2-adaptive,infra-smoke-987b65ac-767a-52bf-af97-c6003188c3de,completed_in_time,56.141000000000076
b2-p2-adaptive,infra-smoke-834ba70c-c83d-588f-9549-04ca9c4febe4,completed_in_time,56.65599999999995
b2-p2-adaptive,infra-smoke-02ec872f-338a-5840-ba6b-77fb531d8ec5,completed_in_time,56.608999999999924
b2-p2-adaptive,infra-smoke-85240f4e-45dd-5435-96ad-6d0d21c243a8,completed_in_time,56.0
b2-p2-adaptive,infra-smoke-51b75eb1-1ab5-532f-9845-d07085559e59,completed_in_time,56.172000000000025
b2-p2-adaptive,infra-smoke-09221b81-8f0f-5bbe-bdad-05c59364a5e0,completed_in_time,56.59299999999985
b2-p2-adaptive,infra-smoke-65f938a4-4e88-50c1-8cf6-823154ba7cd7,completed_in_time,56.21799999999985
b2-p2-adaptive,infra-smoke-8022972e-1a73-55da-8b92-4a13360081f4,completed_in_time,56.077999999999975
b2-p2-adaptive,infra-smoke-0117431a-3a31-555f-bf0b-ba20911bfe98,completed_in_time,56.797000000000025
b2-p2-adaptive,infra-smoke-db6bfd40-ef79-5c9b-bde5-7003eb4a0eff,completed_in_time,56.5619999999999
b2-p2-adaptive,infra-smoke-77181f6f-b008-546c-b69d-25bb99612872,completed_in_time,56.01499999999987
b2-p2-adaptive,infra-smoke-6374f19e-4bcb-5631-a4e0-fc88e9c54104,completed_in_time,56.98500000000013
b2-p2-adaptive,infra-smoke-363ce90b-f5c5-5eb3-ba21-6a5917203284,completed_in_time,57.15599999999995
b2-p2-adaptive,infra-smoke-eb9efeea-de31-506d-aaf7-7b2c95897a33,completed_in_time,56.84299999999985
b2-p2-adaptive,infra-smoke-693123f9-e19f-57ef-aeda-7a4c78d19624,completed_in_time,56.797000000000025
b2-p2-adaptive,infra-smoke-4fe1a726-e49f-5783-9306-6a9ed1bef87b,completed_in_time,57.141000000000076
b2-p2-adaptive,infra-smoke-c47359cd-b790-52f7-aa02-98ab0bb892d9,completed_in_time,56.78200000000015
b2-p2-adaptive,infra-smoke-d095b82a-521b-588c-84a3-695dcaa9c01a,completed_in_time,57.5
b2-p2-adaptive,infra-smoke-84f0f93a-77dd-5113-8bf4-373f3b3937e3,completed_in_time,57.20400000000018
b2-p2-adaptive,infra-smoke-16c3734e-bd47-5bac-bdf1-560780fdd7be,completed_in_time,56.90700000000015
b2-p2-adaptive,infra-smoke-c08f7535-e55c-578b-88bc-c469cda453ff,completed_in_time,57.03200000000015
b2-p2-adaptive,infra-smoke-d155b003-3153-5e5f-bb62-6c56d65232a8,completed_in_time,57.09400000000005
b2-p2-adaptive,infra-smoke-8d208970-eb70-5d15-ad56-f2f609afd984,completed_in_time,56.90599999999995
b2-p2-adaptive,infra-smoke-a72306f3-6be9-5255-b52d-fb7b08d83dd3,completed_in_time,57.21900000000005
b2-p2-adaptive,infra-smoke-edf4d8c8-5346-5920-8a42-1392d96f8a30,completed_in_time,57.202999999999975
b2-p2-adaptive,infra-smoke-59d43735-d410-5d07-9862-f125aec9bcd2,completed_in_time,57.59400000000005
b2-p2-adaptive,infra-smoke-7649a1bb-167c-573b-a501-e220162166d5,completed_in_time,57.202999999999975
b2-p2-adaptive,infra-smoke-af28c81a-2965-550b-8346-5e98265be2c1,completed_in_time,57.172000000000025
b2-p2-adaptive,infra-smoke-56d42309-aa22-5699-bfa1-26c468c769de,completed_in_time,57.391000000000076
b2-p2-adaptive,infra-smoke-2722838e-aa7d-54ff-b8be-0f4da7a093ac,completed_in_time,56.766000000000076
b2-p2-adaptive,infra-smoke-85b3cac3-1b84-5a0c-b0ce-24d0def023b3,completed_in_time,57.172000000000025
b2-p2-adaptive,infra-smoke-86e63152-8a72-534c-bb61-aba93e8e8967,completed_in_time,57.0
b2-p2-adaptive,infra-smoke-80ef024b-8f70-59f5-84c3-38f9376c74b9,completed_in_time,57.28099999999995
b2-p2-adaptive,infra-smoke-dcc430ea-ed6c-59cc-8a65-a7dd13d268eb,completed_in_time,57.202999999999975
b2-p2-adaptive,infra-smoke-9d811f8a-f5da-5c5e-b570-ade9c3edaafb,completed_in_time,57.172000000000025
b2-p2-adaptive,infra-smoke-aa87dd79-711c-59c9-999e-d91f58354d12,completed_in_time,57.42099999999982
b2-p2-adaptive,infra-smoke-5b0f289e-41ce-5789-be97-72789cefe8eb,completed_in_time,57.01499999999987
b2-p2-adaptive,infra-smoke-b0a93465-cf95-5c9e-bc44-e3b0203ad8ae,completed_in_time,57.077999999999975
b2-p2-adaptive,infra-smoke-67dc4eb9-d74d-5a3e-a056-5b77dce3cc5d,completed_in_time,57.28099999999995
b2-p2-adaptive,infra-smoke-17252446-e8a4-5fea-9aa1-75ee22418c0a,completed_in_time,57.391000000000076
b2-p2-adaptive,infra-smoke-fd92ee8e-3992-5e47-b4bc-5d0480814c66,completed_in_time,57.1869999999999
b2-p2-adaptive,infra-smoke-f3d904d6-92db-5235-b801-9b2001d754dd,completed_in_time,57.891000000000076
b2-p2-adaptive,infra-smoke-4dd99854-50bc-5045-97e8-5031372851f9,completed_in_time,57.15700000000015
b2-p2-adaptive,infra-smoke-67457d27-a05a-5d57-a8b6-d6c69daea1d2,completed_in_time,56.86000000000013
b2-p2-adaptive,infra-smoke-bcd4b194-f714-5fdb-bb41-d9ffd8410a63,completed_in_time,57.8119999999999
b2-p2-adaptive,infra-smoke-a9b108a9-1672-5e8e-8a15-605ae6053578,completed_in_time,57.21900000000005
b2-p2-adaptive,infra-smoke-f2a4b232-b0a2-5848-8482-263e3883eb78,completed_in_time,57.34400000000005
b2-p2-adaptive,infra-smoke-4dd2f6e1-8e13-5249-b297-88f194d491b8,completed_in_time,57.3130000000001
b2-p2-adaptive,infra-smoke-f3069232-633e-5849-b003-5e0f2b4caeba,completed_in_time,57.59400000000005
b2-p2-adaptive,infra-smoke-f5065e04-d54b-5a09-b0d0-89e6d3675f33,completed_in_time,57.577999999999975
b2-p2-adaptive,infra-smoke-7e797adf-c641-56a5-914c-712b014f205f,completed_in_time,57.21900000000005
b2-p2-adaptive,infra-smoke-73d0d5e6-48d7-5fdd-88dd-6224b369e736,completed_in_time,57.266000000000076
b2-p2-adaptive,infra-smoke-3cfe2fed-4744-58ed-8acf-6642ef3bcdf5,completed_in_time,57.3119999999999
b2-p2-adaptive,infra-smoke-d72021b7-e5ec-51de-b857-b4b53c58b513,completed_in_time,57.5
b2-p2-adaptive,infra-smoke-19e84188-acc9-5619-aa02-3f92396ee3cc,completed_in_time,58.0
b2-p2-adaptive,infra-smoke-c72b4cc3-5b84-5c3d-a971-dd364420ecb7,completed_in_time,57.63999999999987
b2-p2-adaptive,infra-smoke-2595e029-77e5-5204-8cdf-bf2a04bfd98e,completed_in_time,57.858999999999924
b2-p2-adaptive,infra-smoke-2accc5d1-b61a-5040-879a-7e734cb370c3,completed_in_time,57.922000000000025
b2-p2-adaptive,infra-smoke-e283366d-496f-58ae-ac88-9e4b5d90daea,completed_in_time,57.797000000000025
b2-p2-adaptive,infra-smoke-67956bc5-ce7b-5bf8-a0d8-6ea0aa810de0,completed_in_time,58.016000000000076
b2-p2-adaptive,infra-smoke-9cda9bf9-5bba-5187-a9fe-556aec13d23d,completed_in_time,58.125
b2-p2-adaptive,infra-smoke-bb88e73f-26cb-57ad-bafd-d7c5f6f96688,completed_in_time,58.09400000000005
b2-p2-adaptive,infra-smoke-3b1d6074-41f1-59c6-9d55-522d4020f66f,completed_in_time,58.20400000000018
b2-p2-adaptive,infra-smoke-fb2fd171-fa6e-57f1-9ee7-ccf66c263764,completed_in_time,58.11000000000013
b2-p2-adaptive,infra-smoke-2ba12e92-3abf-5ecf-bdba-9f58a16fbddc,completed_in_time,58.1869999999999
b2-p2-adaptive,infra-smoke-2522889a-9263-5233-be2a-ecf2cd42ae43,completed_in_time,58.1869999999999
b2-p2-adaptive,infra-smoke-8a96f5cc-0104-537e-bcbd-27ea781ad1dd,completed_in_time,58.29599999999982
b2-p2-adaptive,infra-smoke-23baab33-4fe1-5395-ac89-1e6c6af0b4c8,completed_in_time,58.51499999999987
b2-p2-adaptive,infra-smoke-c7f424a2-c7e6-5865-99fb-f8c09c7a0212,completed_in_time,58.202999999999975
b2-p2-adaptive,infra-smoke-c9717e1a-a18e-56a2-93ad-6cf3463d5b5e,completed_in_time,57.922000000000025
b2-p2-adaptive,infra-smoke-fef2584b-c745-59ac-a002-7da02281dab4,completed_in_time,58.59400000000005
b2-p2-adaptive,infra-smoke-8fc57b7f-5c5b-5555-a3da-90e9e461947a,completed_in_time,58.40599999999995
b2-p2-adaptive,infra-smoke-1deed1ee-8c5e-5669-89cf-f115f3577809,completed_in_time,57.577999999999975
b2-p2-adaptive,infra-smoke-3e430292-3182-5693-9afc-33f12b63b0d1,completed_in_time,58.797000000000025
b2-p2-adaptive,infra-smoke-304a1737-9d61-5922-819e-8153664f5df0,completed_in_time,58.71900000000005
b2-p2-adaptive,infra-smoke-7121adfd-e851-54c3-b22c-b938ecdb854f,completed_in_time,58.90700000000015
b2-p2-adaptive,infra-smoke-323603fc-e8ba-50e5-8271-c217a8b321b7,completed_in_time,58.875
b2-p2-adaptive,infra-smoke-d9aebe28-da73-5ab3-8610-98f18e69bbff,completed_in_time,58.71900000000005
b2-p2-adaptive,infra-smoke-2f36db23-82d0-5d31-8fc2-503852056a3b,completed_in_time,59.233999999999924
b2-p2-adaptive,infra-smoke-b6eaf034-be64-50d2-afab-7bb1cbed206e,completed_in_time,58.6869999999999
b2-p2-adaptive,infra-smoke-9c96509c-b3c9-538f-b561-47b41d29bdc9,completed_in_time,58.8119999999999
b2-p2-adaptive,infra-smoke-f3f62d55-7647-5cca-89b7-efe06ce4a57a,completed_in_time,58.90599999999995
b2-p2-adaptive,infra-smoke-886ec33d-5489-51c2-b74a-72c9c36b484f,completed_in_time,58.875
b2-p2-adaptive,infra-smoke-eb4eae95-4d0f-5671-9beb-8b15e60277f2,completed_in_time,58.983999999999924
b2-p2-adaptive,infra-smoke-0be49a48-7552-52e1-93be-f7c32fd4064c,completed_in_time,58.5
b2-p2-adaptive,infra-smoke-c34dca56-27ee-5fdb-a62e-add57b75dc4a,completed_in_time,58.625
b2-p2-adaptive,infra-smoke-e33ad232-ac9b-5c06-b0f2-8a6b0ac20591,completed_in_time,58.76499999999987
b2-p2-adaptive,infra-smoke-42b5c018-6c6e-5bae-b2a3-56b76bfdf13e,completed_in_time,58.375
b2-p2-adaptive,infra-smoke-c5deaccb-4e22-5a96-9b84-8e8f12e6c687,completed_in_time,58.71900000000005
b2-p2-adaptive,infra-smoke-e3eb5781-7b4d-5bc9-a3c6-1acad3ff230a,completed_in_time,58.8119999999999
b2-p2-adaptive,infra-smoke-3aab1de6-1103-5d68-8c65-3c6260e157a1,completed_in_time,59.702999999999975
b2-p2-adaptive,infra-smoke-f45e8f90-032c-5f3f-b0c3-8e4d917f84a2,completed_in_time,59.016000000000076
b2-p2-adaptive,infra-smoke-c149e0c8-056e-5c45-baa1-044fe7daba6f,completed_in_time,59.26499999999987
b2-p2-adaptive,infra-smoke-1fefa62b-109b-5127-b635-002afc7290fc,completed_in_time,58.797000000000025
b2-p2-adaptive,infra-smoke-8698e34e-bb8d-5dbc-839f-15fbb2c0c8ae,completed_in_time,59.077999999999975
b2-p2-adaptive,infra-smoke-408f8366-35ca-5eed-a869-a5f0f194ac45,completed_in_time,59.0
b2-p2-adaptive,infra-smoke-6c8b2cf4-ae59-506b-9f0b-6d3479268c03,completed_in_time,59.03099999999995
b2-p2-adaptive,infra-smoke-e25ad7e3-2e99-5881-ad4d-0629f1b224ce,completed_in_time,58.983999999999924
b2-p2-adaptive,infra-smoke-d44852a5-909d-568e-8d17-79acdaddd665,completed_in_time,59.016000000000076
b2-p2-adaptive,infra-smoke-2731fbdc-a283-524e-b1c6-ce2c677f5104,completed_in_time,59.01499999999987
b2-p2-adaptive,infra-smoke-e1979a85-5ae7-576e-8576-8cf0b80359f6,completed_in_time,58.797000000000025
b2-p2-adaptive,infra-smoke-4ee49b48-033a-56f9-9648-d9c20c89c3be,completed_in_time,58.88999999999987
b2-p2-adaptive,infra-smoke-58ce72f1-97e3-5b42-9e3d-6dc0c86736ee,completed_in_time,58.8119999999999
b2-p2-adaptive,infra-smoke-f213b073-d195-522a-b36b-d84bc467b4ff,completed_in_time,59.077999999999975
b2-p2-adaptive,infra-smoke-0b4f9c58-a17a-51a4-8824-d513ded4bcc3,completed_in_time,58.96799999999985
b2-p2-adaptive,infra-smoke-b9a66274-0cce-5828-89a9-97826a944cf4,completed_in_time,59.125
b2-p2-adaptive,infra-smoke-7e1bc64e-741a-526d-b77c-2fa6122b0547,completed_in_time,59.0
b2-p2-adaptive,infra-smoke-e9d0b7fd-1b34-56a8-9ae7-f660da5be13c,completed_in_time,58.891000000000076
b2-p2-adaptive,infra-smoke-1715a009-5b68-5fb2-bde9-496adcd472bb,completed_in_time,59.8119999999999
b2-p2-adaptive,infra-smoke-c8b776eb-2c9b-5d8c-8f6b-a0b6269e5d41,completed_in_time,59.1869999999999
b2-p2-adaptive,infra-smoke-6288de4b-6b4c-59dc-a3af-c7778789f400,completed_in_time,58.875
b2-p2-adaptive,infra-smoke-8ea6b481-eb42-5386-b1d7-8a5d109d5eb4,completed_in_time,58.65599999999995
b2-p2-adaptive,infra-smoke-fa1c799e-2939-56bb-b196-0f3efd8bc81a,completed_in_time,59.09400000000005
b2-p2-adaptive,infra-smoke-8f27a624-ce78-5d57-9632-2cd3c318ab1b,completed_in_time,59.375
b2-p2-adaptive,infra-smoke-b6a29a86-6f77-58f0-949e-c51ebe5f5967,completed_in_time,59.11000000000013
b2-p2-adaptive,infra-smoke-af667fef-3c28-57f4-97b9-403c4ea18170,completed_in_time,58.90700000000015
b2-p2-adaptive,infra-smoke-0e668e1d-4b23-50b4-83c5-df7eaf342fdb,completed_in_time,58.8119999999999
b2-p2-adaptive,infra-smoke-c67222e4-ced8-585b-8cef-a71841297031,completed_in_time,58.96900000000005
b2-p2-adaptive,infra-smoke-879c4fd1-5be4-569b-b92c-d3f4e403cc15,completed_in_time,58.40700000000015
b2-p2-adaptive,infra-smoke-9518f82e-0f9a-5ef7-90d5-82d3a6afdb14,completed_in_time,59.07900000000018
b2-p2-adaptive,infra-smoke-ba01caae-289a-5553-b939-b2e704c1e948,completed_in_time,59.09400000000005
b2-p2-adaptive,infra-smoke-05205937-2980-56c0-8930-fe57ffdd0ce8,completed_in_time,59.11000000000013
b2-p2-adaptive,infra-smoke-82257a20-5992-54c0-a788-8afb243e7eea,completed_in_time,59.6880000000001
b2-p2-adaptive,infra-smoke-654efa95-6f7c-5907-bd07-8d4a1f3326c1,completed_in_time,59.202999999999975
b2-p2-adaptive,infra-smoke-5d9572fd-a26f-5bed-be14-c5effefb41d0,completed_in_time,59.88999999999987
b2-p2-adaptive,infra-smoke-dd8f68df-6d5b-57da-873a-f8e9467f9250,completed_in_time,59.71799999999985
b2-p2-adaptive,infra-smoke-3d1fa0b8-71f0-5392-911b-b6cd296c157e,completed_in_time,59.90700000000015
b2-p2-adaptive,infra-smoke-559921ed-d236-54ee-be72-152084677eef,completed_late,60.391000000000076
b2-p2-adaptive,infra-smoke-9963a93e-385b-5cf5-a7a6-7231d6dc1d39,completed_in_time,59.8130000000001
b2-p2-adaptive,infra-smoke-4f885312-165f-5530-b73c-af41de4e39bd,completed_in_time,59.483999999999924
b2-p2-adaptive,infra-smoke-e94b778f-4be4-5a8f-ac56-c4fecf6da872,completed_late,60.21799999999985
b2-p2-adaptive,infra-smoke-2bcf375a-2793-5f8e-ad25-4abff0f71588,completed_in_time,59.92099999999982
b2-p2-adaptive,infra-smoke-9d965d93-2f50-51be-84b8-8e8d29d36142,completed_in_time,59.827999999999975
b2-p2-adaptive,infra-smoke-ff160ec3-d3d8-5118-bf74-df6ba530c9d0,completed_in_time,59.88999999999987
b2-p2-adaptive,infra-smoke-154c7ef3-c11b-580d-8a3d-40fbafe46ae3,completed_in_time,59.92099999999982
b2-p2-adaptive,infra-smoke-94f3c6bb-8f06-5072-97c2-757de9d65043,completed_in_time,59.65599999999995
b2-p2-adaptive,infra-smoke-87c35385-28fe-5a48-aafa-4827d2f1fdb8,completed_late,60.108999999999924
b2-p2-adaptive,infra-smoke-00f67b43-e26a-56de-a13c-a28eff0dc50c,completed_late,60.09400000000005
b2-p2-adaptive,infra-smoke-6c20f803-7820-5a8c-8c4c-5441e7aeac37,completed_late,60.797000000000025
b2-p2-adaptive,infra-smoke-aa60969d-ddb5-55f8-8e09-2a44e88631c9,completed_late,60.1869999999999
b2-p2-adaptive,infra-smoke-9dbf7693-395a-508f-a377-2ff70331ef9a,completed_late,60.233999999999924
b2-p2-adaptive,infra-smoke-74628ae8-856c-5fa2-8acb-e1c5cdc67829,completed_in_time,59.8119999999999
b2-p2-adaptive,infra-smoke-3f9b5708-2f6f-5c7c-aad6-2f8267c3e4d8,completed_in_time,59.672000000000025
b2-p2-adaptive,infra-smoke-e4942b14-a401-5bc6-b0a3-3b1d4133917d,completed_in_time,58.483999999999924
b2-p2-adaptive,infra-smoke-6144c88f-bd3d-51c1-8327-58e0b5302419,completed_in_time,58.702999999999975
b2-p2-adaptive,infra-smoke-8ed402b1-af5d-5607-aec1-4d3adc0ed67e,completed_in_time,58.016000000000076
b2-p2-adaptive,infra-smoke-96c6e321-d8d2-5a35-ae33-42cdf6b4dd5d,completed_in_time,57.21900000000005
b2-p2-adaptive,infra-smoke-150b99e9-456c-51c2-a19e-ffc4b6b50734,completed_in_time,57.11000000000013
b2-p2-adaptive,infra-smoke-ff3baa7c-5dc4-521b-8526-312adf9264c0,completed_in_time,56.6869999999999
b2-p2-adaptive,infra-smoke-54b32485-76ac-5e7a-8d5f-0e442a346e0e,completed_in_time,56.53099999999995
b2-p2-adaptive,infra-smoke-b52c96ec-17bb-5f75-a55c-1aabae2bf455,completed_in_time,55.891000000000076
b2-p2-adaptive,infra-smoke-cb1363b9-84c9-5a20-b65c-f04764366e4e,completed_in_time,55.3119999999999
b2-p2-adaptive,infra-smoke-95f3b8e6-65cc-550f-97e2-098658e136af,completed_in_time,55.172000000000025
b2-p2-adaptive,infra-smoke-ac0e035c-9f89-5819-bbdf-1b716c1d8d05,completed_in_time,54.29599999999982
b2-p2-adaptive,infra-smoke-d8b8672e-095e-58d7-9a70-98619150f3d1,completed_in_time,54.125
b2-p2-adaptive,infra-smoke-76a97279-7476-5b48-ae5e-b315238fb783,completed_in_time,53.922000000000025
b2-p2-adaptive,infra-smoke-82fdc540-7a3c-5931-a0ef-c7db71dd9d86,completed_in_time,53.422000000000025
b2-p2-adaptive,infra-smoke-4e1d640d-9a77-52ae-b25c-38cf4e7e12b8,completed_in_time,52.922000000000025
b2-p2-adaptive,infra-smoke-479c426d-3990-564c-8f09-77fcf6703ea7,completed_in_time,52.59299999999985
b2-p2-adaptive,infra-smoke-69f014b5-6269-5b3b-9d81-a907432612f3,completed_in_time,52.141000000000076
b2-p2-adaptive,infra-smoke-d586098a-b583-54fe-968d-95bb9f2c4409,completed_in_time,51.78099999999995
b2-p2-adaptive,infra-smoke-749fe7cb-e2e1-5136-8304-e6f46cc1fdbf,completed_in_time,51.53099999999995
b2-p2-adaptive,infra-smoke-d2f850bc-be10-52bb-aef1-99190907f53c,completed_in_time,50.84400000000005
b2-p2-adaptive,infra-smoke-a0c1a1a6-a8b9-5a65-b67f-dd3c7339e9e9,completed_in_time,50.4380000000001
b2-p2-adaptive,infra-smoke-406e7790-d262-5e07-9764-ca774f720c48,completed_in_time,49.84400000000005
b2-p2-adaptive,infra-smoke-3542d90c-01a2-5486-8a71-44efe673826b,completed_in_time,49.391000000000076
b2-p2-adaptive,infra-smoke-8556e176-a533-56f0-83a1-842ec9a60fcf,completed_in_time,48.672000000000025
b2-p2-adaptive,infra-smoke-8379c9ab-9ce3-5413-97b1-71e694d0114e,completed_in_time,48.0
b2-p2-adaptive,infra-smoke-79f52c28-80c7-58e0-a1f0-e0f48c3b46e4,completed_in_time,47.797000000000025
b2-p3-fixed-2,infra-smoke-f3bd558e-556c-5962-abea-bd7d0c9d6d07,completed_in_time,4.610000000000127
b2-p3-fixed-2,infra-smoke-0161fad5-e58e-5bb5-8376-e8f6576444f5,completed_in_time,4.155999999999949
b2-p3-fixed-2,infra-smoke-e5e06ea7-c692-5f1a-a46b-58bd7270ef10,completed_in_time,3.6410000000000764
b2-p3-fixed-2,infra-smoke-b4764a0c-1f6b-5817-baaa-96006113a6dc,completed_in_time,3.1720000000000255
b2-p3-fixed-2,infra-smoke-eb9ef1a8-01d7-515a-aa05-a4decc640115,completed_in_time,2.6720000000000255
b2-p3-fixed-2,infra-smoke-307f3593-c206-5c80-99cb-a2fd697b9ba3,completed_in_time,2.1720000000000255
b2-p3-fixed-2,infra-smoke-e37bbf3c-0177-54f7-ae1e-0a7575b8c5e8,completed_in_time,7.094000000000051
b2-p3-fixed-2,infra-smoke-0aae68b6-438f-5836-9e0c-e76f9f0b68a4,completed_in_time,6.436999999999898
b2-p3-fixed-2,infra-smoke-7d185dfd-0150-5d00-ba9f-af6eb7ae0053,completed_in_time,6.092999999999847
b2-p3-fixed-2,infra-smoke-ff0a6380-e9ac-580d-959b-cc592b9b7dab,completed_in_time,5.264999999999873
b2-p3-fixed-2,infra-smoke-ba3dc3f7-8c16-59f7-8764-4c737ce29bc3,completed_in_time,4.780999999999949
b2-p3-fixed-2,infra-smoke-fa8d4f0e-bc6b-58b0-8262-b7c57b7569e9,completed_in_time,4.469000000000051
b2-p3-fixed-2,infra-smoke-0fab97d9-2831-531f-b12a-2e25e4e73149,completed_in_time,4.094000000000051
b2-p3-fixed-2,infra-smoke-f7e17afd-1647-5084-8a7b-e023141311e1,completed_in_time,3.5779999999999745
b2-p3-fixed-2,infra-smoke-439126e2-cf93-5989-911e-58dce8b9fb3b,completed_in_time,3.0779999999999745
b2-p3-fixed-2,infra-smoke-f70f3ae7-1fd2-50bd-be04-7ad386c283e1,completed_in_time,2.5160000000000764
b2-p3-fixed-2,infra-smoke-b9ecce2b-d53a-5078-8f5e-17db1611ad55,completed_in_time,2.0779999999999745
b2-p3-fixed-2,infra-smoke-a8f2d465-7b37-5b81-8768-26d641e594a6,completed_in_time,6.311999999999898
b2-p3-fixed-2,infra-smoke-9652e608-75f3-5f71-a89b-47ecdd5a3aac,completed_in_time,5.764999999999873
b2-p3-fixed-2,infra-smoke-923883dc-32ba-5aa9-9bcc-7bb3fc0ee88b,completed_in_time,5.061999999999898
b2-p3-fixed-2,infra-smoke-566a7885-606b-573a-85c6-9ccf07c8a5c8,completed_in_time,4.6720000000000255
b2-p3-fixed-2,infra-smoke-cfb90584-9653-5548-92f2-1a172f0d9380,completed_in_time,4.280999999999949
b2-p3-fixed-2,infra-smoke-6643f6d9-3306-5324-8b3b-3c34562b0243,completed_in_time,3.811999999999898
b2-p3-fixed-2,infra-smoke-dfe2c2f0-18ea-5501-8bca-2890561dde37,completed_in_time,3.311999999999898
b2-p3-fixed-2,infra-smoke-48bf695a-e802-5b49-a296-a0de4dd852d9,completed_in_time,2.780999999999949
b2-p3-fixed-2,infra-smoke-5236edd8-6112-55ed-9cd8-cbe3019e0994,completed_in_time,2.2970000000000255
b2-p3-fixed-2,infra-smoke-fd725f26-d1a1-5f45-bf9c-3827e596576b,completed_in_time,9.155999999999949
b2-p3-fixed-2,infra-smoke-f8080b95-66fc-5160-a50b-401b638fbabb,completed_in_time,8.780999999999949
b2-p3-fixed-2,infra-smoke-cb6c4936-e663-51b9-a45c-1f85f6a23ead,completed_in_time,6.875
b2-p3-fixed-2,infra-smoke-f960a57e-9cfb-52ce-bae2-e2738e899f04,completed_in_time,6.811999999999898
b2-p3-fixed-2,infra-smoke-7dc0df23-4ad7-557c-9c06-fbc611a3c099,completed_in_time,5.7029999999999745
b2-p3-fixed-2,infra-smoke-5f17ac9b-f97d-5bdb-901f-e7d39e9dbe79,completed_in_time,6.110000000000127
b2-p3-fixed-2,infra-smoke-189d4557-3d55-5def-aa16-da914e0108c4,completed_in_time,6.483999999999924
b2-p3-fixed-2,infra-smoke-974b37d8-5b99-5102-8207-c0a03dfc4fbc,completed_in_time,6.1720000000000255
b2-p3-fixed-2,infra-smoke-521eda9f-c15b-50a3-bfeb-429e7e6e236a,completed_in_time,5.655999999999949
b2-p3-fixed-2,infra-smoke-78cae365-7f0f-5e3f-99a4-8f71b92afd26,completed_in_time,6.0470000000000255
b2-p3-fixed-2,infra-smoke-0cb0c162-a062-50b9-9436-555883b7f845,completed_in_time,17.5
b2-p3-fixed-2,infra-smoke-1730b4fb-32f5-57ca-a984-a1039a04f808,completed_in_time,6.235000000000127
b2-p3-fixed-2,infra-smoke-b4280738-15c7-52cb-8813-242d0dd8c24b,completed_in_time,5.9529999999999745
b2-p3-fixed-2,infra-smoke-8bedb7ea-b93a-5a9d-98c6-89dbc793f454,completed_in_time,16.797000000000025
b2-p3-fixed-2,infra-smoke-2e3cdebd-3443-5c85-81e3-265fdef30f56,completed_in_time,6.25
b2-p3-fixed-2,infra-smoke-5992b708-2fd8-5f3c-9c10-7b2da908cb12,completed_in_time,6.4220000000000255
b2-p3-fixed-2,infra-smoke-99c6e9e9-98d5-5e79-bc80-453376c7b40d,completed_in_time,5.969000000000051
b2-p3-fixed-2,infra-smoke-52e17a34-984b-56ae-80ac-2126353a86e7,completed_in_time,6.1720000000000255
b2-p3-fixed-2,infra-smoke-00ee9450-5046-55ee-8eab-905888fa7f4f,completed_in_time,6.592999999999847
b2-p3-fixed-2,infra-smoke-c19c6377-6b85-5cd3-a39c-a5853452039a,completed_in_time,7.875
b2-p3-fixed-2,infra-smoke-2ead0035-ea8d-5af7-a0dc-c2395c762439,completed_in_time,7.2029999999999745
b2-p3-fixed-2,infra-smoke-5298502e-3b91-58cf-a947-2bf4f15cc713,completed_in_time,7.2970000000000255
b2-p3-fixed-2,infra-smoke-528ea394-35dd-5f6c-8a9c-27c355f32259,completed_in_time,7.030999999999949
b2-p3-fixed-2,infra-smoke-4b51a060-6419-5696-8bee-4c78569ba63a,completed_in_time,7.110000000000127
b2-p3-fixed-2,infra-smoke-97f7352e-6645-5035-a453-689ed585ade0,completed_in_time,7.5470000000000255
b2-p3-fixed-2,infra-smoke-ea354820-7375-5288-95e7-b58ec124d81c,completed_in_time,7.2970000000000255
b2-p3-fixed-2,infra-smoke-a0096c15-488d-539a-b24b-6b5262ec0bcc,completed_in_time,7.719000000000051
b2-p3-fixed-2,infra-smoke-9d6394f8-b4b9-5d9b-a654-43666399d7cf,completed_in_time,7.561999999999898
b2-p3-fixed-2,infra-smoke-acac3a28-4abc-5044-9f90-0305f33f743e,completed_in_time,7.7970000000000255
b2-p3-fixed-2,infra-smoke-855211af-3353-5122-8084-f1d811c1b309,completed_in_time,7.811999999999898
b2-p3-fixed-2,infra-smoke-836c5b4f-e821-52f6-a8b1-d20d77536b32,completed_in_time,8.077999999999975
b2-p3-fixed-2,infra-smoke-68bb0463-e9ee-573f-8767-8e657a832b6c,completed_in_time,8.297000000000025
b2-p3-fixed-2,infra-smoke-cc211939-61f7-50c2-98c6-9bc0faecaae4,completed_in_time,7.936999999999898
b2-p3-fixed-2,infra-smoke-12850d01-bf7f-58b6-b579-834a13107b3d,completed_in_time,8.157000000000153
b2-p3-fixed-2,infra-smoke-96093d32-ba39-54ad-bc8a-f6c3d7e84a95,completed_in_time,8.422000000000025
b2-p3-fixed-2,infra-smoke-240757bd-51a5-56c5-bff0-d9179a7e5d17,completed_in_time,8.764999999999873
b2-p3-fixed-2,infra-smoke-cfe4ec45-aea3-5eff-97d8-3cbd303b9001,completed_in_time,8.719000000000051
b2-p3-fixed-2,infra-smoke-f1962619-fe4a-57aa-90e3-175acbc79462,completed_in_time,9.125
b2-p3-fixed-2,infra-smoke-ebc8b284-8a9a-55bc-8a7f-41a7f278e6f4,completed_in_time,8.842999999999847
b2-p3-fixed-2,infra-smoke-ed0a5e1e-ff4e-5e23-9289-d1ee0a67a20a,completed_in_time,8.594000000000051
b2-p3-fixed-2,infra-smoke-8567cf0b-43e7-5dd8-9ae4-d9b167e0dac5,completed_in_time,9.561999999999898
b2-p3-fixed-2,infra-smoke-81bedee4-3e4b-50e0-b952-d169805bb7f4,completed_in_time,9.594000000000051
b2-p3-fixed-2,infra-smoke-36b4386e-2493-58a0-b989-5695e55a6fb5,completed_in_time,9.719000000000051
b2-p3-fixed-2,infra-smoke-f6414817-e32b-5590-9c0d-474b6b5a2c77,completed_in_time,8.764999999999873
b2-p3-fixed-2,infra-smoke-09d3145f-5c06-542a-a446-3aab39284876,completed_in_time,9.452999999999975
b2-p3-fixed-2,infra-smoke-a5bd3e6b-4386-5da3-abc1-01ae083bbf5e,completed_in_time,8.438000000000102
b2-p3-fixed-2,infra-smoke-62e046c7-a598-5a44-8416-fadd55d051f5,completed_in_time,9.563000000000102
b2-p3-fixed-2,infra-smoke-c2a7779f-447e-5ab8-9be3-4e959ecce086,completed_in_time,8.922000000000025
b2-p3-fixed-2,infra-smoke-36b21e1c-cb4d-56ac-99a1-dc8989fcbf47,completed_in_time,9.108999999999924
b2-p3-fixed-2,infra-smoke-941bb1ed-ff5c-51cb-a836-a1a498b798a6,completed_in_time,9.266000000000076
b2-p3-fixed-2,infra-smoke-c797d5fc-8a71-5f33-891e-67b3653c3346,completed_in_time,9.295999999999822
b2-p3-fixed-2,infra-smoke-67cb99de-e95a-525a-87ef-d7017929e4d8,completed_in_time,9.922000000000025
b2-p3-fixed-2,infra-smoke-4892a039-68b9-5773-87dc-46e440d3a83e,completed_in_time,10.092999999999847
b2-p3-fixed-2,infra-smoke-cf403ac3-86f8-5688-afea-b50e626f2275,completed_in_time,10.516000000000076
b2-p3-fixed-2,infra-smoke-5c7f0bca-97a5-5247-b2f3-96d2e5add572,completed_in_time,10.327999999999975
b2-p3-fixed-2,infra-smoke-28826c2d-d741-51f3-badb-1a1d01eec025,completed_in_time,10.530999999999949
b2-p3-fixed-2,infra-smoke-68c61e3b-ffb7-54a6-9393-c29ceceee5a8,completed_in_time,9.891000000000076
b2-p3-fixed-2,infra-smoke-5e1f931c-73b1-5cc0-8cb4-96c1678a49fd,completed_in_time,10.641000000000076
b2-p3-fixed-2,infra-smoke-5cb83b9d-35e1-5033-9314-699c44457242,completed_in_time,11.375
b2-p3-fixed-2,infra-smoke-78eb69f9-b50f-5a21-8bef-73203085a324,completed_in_time,10.438000000000102
b2-p3-fixed-2,infra-smoke-4151431c-ca0a-5fed-8ef9-f9d419d3cbe7,completed_in_time,11.25
b2-p3-fixed-2,infra-smoke-dc5909a2-a79f-5207-8f18-cdc48921ee05,completed_in_time,10.719000000000051
b2-p3-fixed-2,infra-smoke-0b503c4d-f668-583c-ba6b-ae9fda2c051b,completed_in_time,10.764999999999873
b2-p3-fixed-2,infra-smoke-9ae3cb90-104c-5309-bb3a-4209254d6c69,completed_in_time,10.813000000000102
b2-p3-fixed-2,infra-smoke-dfd7f159-5421-51d8-8e03-e2792f601d6b,completed_in_time,11.233999999999924
b2-p3-fixed-2,infra-smoke-4efbe3a3-0326-5f90-a71c-583a47112904,completed_in_time,10.75
b2-p3-fixed-2,infra-smoke-e9471ce5-bb05-59c5-a6b5-06fa11fdde7a,completed_in_time,10.795999999999822
b2-p3-fixed-2,infra-smoke-7a831d40-d8ec-57c2-b88d-5c0fc3cdf8ea,completed_in_time,11.047000000000025
b2-p3-fixed-2,infra-smoke-fc5a2797-0afe-5a16-80ec-3361881fa501,completed_in_time,11.155999999999949
b2-p3-fixed-2,infra-smoke-fb4b092e-575f-51b1-9f40-213dbb8e3f09,completed_in_time,11.030999999999949
b2-p3-fixed-2,infra-smoke-f0169806-63ce-578f-9fd8-7090a91303fb,completed_in_time,11.077999999999975
b2-p3-fixed-2,infra-smoke-85094c0c-dc0b-5220-87fd-e30a5f5234d3,completed_in_time,10.969000000000051
b2-p3-fixed-2,infra-smoke-a2f4ad95-ba21-5baf-8224-f99f4268cf06,completed_in_time,12.280999999999949
b2-p3-fixed-2,infra-smoke-ac7ecfcb-7208-5c38-8d31-0f807fd3b2fa,completed_in_time,12.875
b2-p3-fixed-2,infra-smoke-d710eb31-6ac2-550c-bf5d-ead78b3f43b6,completed_in_time,13.875
b2-p3-fixed-2,infra-smoke-28d58b19-b05c-538f-97c4-3b3bee1b29d7,completed_in_time,12.717999999999847
b2-p3-fixed-2,infra-smoke-3936789b-5e95-5a36-abf0-b2ee85e38b22,completed_in_time,12.766000000000076
b2-p3-fixed-2,infra-smoke-8d96b4b6-a30e-5728-95ad-92e19ec9153a,completed_in_time,12.797000000000025
b2-p3-fixed-2,infra-smoke-db4f012e-5e3f-5545-bb26-8b43fa633fd4,completed_in_time,13.172000000000025
b2-p3-fixed-2,infra-smoke-bac2d895-2963-5c51-af0f-3ad33632a58a,completed_in_time,12.125
b2-p3-fixed-2,infra-smoke-15cfc0b2-6167-5b9f-9eac-6041af50cd46,completed_in_time,13.688000000000102
b2-p3-fixed-2,infra-smoke-4e5ca66d-c3fe-55c0-bd35-9862a13cdba7,completed_in_time,12.719000000000051
b2-p3-fixed-2,infra-smoke-4544712d-fd58-5a4e-89bc-20ef93414c71,completed_in_time,12.985000000000127
b2-p3-fixed-2,infra-smoke-e68653c4-513f-5c0d-b4ed-2f2a0edcf866,completed_in_time,12.125
b2-p3-fixed-2,infra-smoke-c915ff93-8859-5a95-a511-a8e57fd1bee9,completed_in_time,11.670999999999822
b2-p3-fixed-2,infra-smoke-79a6196b-a404-537e-872b-8d024a6e08c6,completed_in_time,12.842999999999847
b2-p3-fixed-2,infra-smoke-a8f35176-f94a-5138-9c48-2d9bfcd95651,completed_in_time,14.608999999999924
b2-p3-fixed-2,infra-smoke-35e33702-cfcd-50aa-9d9a-eefcbe5176b6,completed_in_time,14.016000000000076
b2-p3-fixed-2,infra-smoke-d9c3bfab-6974-5b7b-a83a-7fbbe640f907,completed_in_time,14.391000000000076
b2-p3-fixed-2,infra-smoke-61bb032b-ea95-55f2-bbe5-abd1bf96eb35,completed_in_time,14.389999999999873
b2-p3-fixed-2,infra-smoke-0e7e421a-2d4c-5c62-b96f-0f921c94b9e0,completed_in_time,14.110000000000127
b2-p3-fixed-2,infra-smoke-aaa45bff-3b6c-5fb7-bc88-1955aed31e4c,completed_in_time,14.110000000000127
b2-p3-fixed-2,infra-smoke-62f88d07-7add-5e91-a333-e908eab750ad,completed_in_time,14.938000000000102
b2-p3-fixed-2,infra-smoke-25c5f864-a62b-553e-a745-701e8ae85500,completed_in_time,14.422000000000025
b2-p3-fixed-2,infra-smoke-985590ed-da4d-5644-84a8-0308f7479695,completed_in_time,14.5
b2-p3-fixed-2,infra-smoke-27ea0b58-55b7-5b6e-94e3-7c1dc1844a25,completed_in_time,13.827999999999975
b2-p3-fixed-2,infra-smoke-a8997750-4df0-51bb-a393-b5e393047123,completed_in_time,14.172000000000025
b2-p3-fixed-2,infra-smoke-9c2c8146-bae7-572f-8980-10234e093852,completed_in_time,15.188000000000102
b2-p3-fixed-2,infra-smoke-d47fefbb-160f-5984-bf63-aebe0cfba7c8,completed_in_time,14.797000000000025
b2-p3-fixed-2,infra-smoke-addc61dc-16a4-5d2c-bc85-429a76713d81,completed_in_time,14.639999999999873
b2-p3-fixed-2,infra-smoke-1a75eda3-6daa-5af2-863f-fbe579cc8007,completed_in_time,14.797000000000025
b2-p3-fixed-2,infra-smoke-1041c538-77e4-5c57-a983-d66af571fdeb,completed_in_time,14.907000000000153
b2-p3-fixed-2,infra-smoke-5acbddfc-487c-5fa8-9c2a-a83ffd75ae97,completed_in_time,15.702999999999975
b2-p3-fixed-2,infra-smoke-c18c0a40-9868-55a8-b018-eb557eca6221,completed_in_time,16.59400000000005
b2-p3-fixed-2,infra-smoke-77b2fec7-12b0-5344-8ffd-07cac9580727,completed_in_time,15.733999999999924
b2-p3-fixed-2,infra-smoke-53939d93-32a8-5c7c-ab11-6a1f989d27d9,completed_in_time,16.84400000000005
b2-p3-fixed-2,infra-smoke-2d170926-9e51-58e3-bf9d-616e2bc84a7e,completed_in_time,15.516000000000076
b2-p3-fixed-2,infra-smoke-58e7fcfe-cb62-5cd1-b299-c716ec426e61,completed_in_time,16.264999999999873
b2-p3-fixed-2,infra-smoke-f7b6ba6f-5a48-5c93-841e-a24830737731,completed_in_time,16.172000000000025
b2-p3-fixed-2,infra-smoke-01530415-05d5-50dd-ae17-4074609c8825,completed_in_time,15.719000000000051
b2-p3-fixed-2,infra-smoke-82cc07f1-7bd6-56fa-90c6-f7f1db2de637,completed_in_time,15.733999999999924
b2-p3-fixed-2,infra-smoke-dc4636c8-0986-55ed-9293-c1004e50fb7a,completed_in_time,16.389999999999873
b2-p3-fixed-2,infra-smoke-070b375d-4257-5fa4-832e-3e884a57e777,completed_in_time,15.922000000000025
b2-p3-fixed-2,infra-smoke-13a67d4a-1258-5358-869e-e972e933b5a3,completed_in_time,16.235000000000127
b2-p3-fixed-2,infra-smoke-9078c4cf-4164-5c8f-9d24-febc3f087e74,completed_in_time,16.547000000000025
b2-p3-fixed-2,infra-smoke-55c16fad-723c-5d3d-bbf0-4abbc23734ae,completed_in_time,17.108999999999924
b2-p3-fixed-2,infra-smoke-58daae93-745c-5a2b-a82e-ee8c2bf351d1,completed_in_time,16.811999999999898
b2-p3-fixed-2,infra-smoke-658cb237-0438-536c-a1d3-6cd91d66f09a,completed_in_time,18.125
b2-p3-fixed-2,infra-smoke-ec6d6303-2e9c-5672-ba1a-683263fedc65,completed_in_time,17.59400000000005
b2-p3-fixed-2,infra-smoke-3fff8677-a25a-5bad-9152-57dbe1fe6540,completed_in_time,18.125
b2-p3-fixed-2,infra-smoke-296cfcbb-a746-5352-9b42-4807013a1292,completed_in_time,17.21900000000005
b2-p3-fixed-2,infra-smoke-034663f5-10b9-5bec-886e-06bd517b76e7,completed_in_time,18.313000000000102
b2-p3-fixed-2,infra-smoke-7776cc94-e376-5209-996b-9cdd8120272d,completed_in_time,19.077999999999975
b2-p3-fixed-2,infra-smoke-34f31c88-2905-5c71-87d6-ab651ba9d001,completed_in_time,17.608999999999924
b2-p3-fixed-2,infra-smoke-5f1ce216-ea45-5bfc-b467-5805a41973e8,completed_in_time,18.235000000000127
b2-p3-fixed-2,infra-smoke-af68af04-05aa-54c8-9515-0f301468494a,completed_in_time,18.922000000000025
b2-p3-fixed-2,infra-smoke-951056cf-649b-546c-8c55-0522910955f7,completed_in_time,17.702999999999975
b2-p3-fixed-2,infra-smoke-3d009288-4a18-5966-a278-e11e86f25983,completed_in_time,19.813000000000102
b2-p3-fixed-2,infra-smoke-377463e0-8df1-517a-aa3e-39af766da364,completed_in_time,18.233999999999924
b2-p3-fixed-2,infra-smoke-62a2a897-712a-56f3-a172-af13c01a48a8,completed_in_time,19.21900000000005
b2-p3-fixed-2,infra-smoke-b6c45bc3-f781-559e-80ae-41e13197b39c,completed_in_time,18.57900000000018
b2-p3-fixed-2,infra-smoke-9d3588b0-2115-548c-98f4-833846062dfd,completed_in_time,18.516000000000076
b2-p3-fixed-2,infra-smoke-c67551cd-14e1-55ef-a067-ddb46aab1332,completed_in_time,18.592999999999847
b2-p3-fixed-2,infra-smoke-8ca30f60-2761-5ce4-b124-c2e6e699a53d,completed_in_time,17.827999999999975
b2-p3-fixed-2,infra-smoke-392190de-6b26-5c0d-a8b7-86a11b0d75b8,completed_in_time,19.92099999999982
b2-p3-fixed-2,infra-smoke-e867f188-489f-5038-bd4a-1c0bbc3d27d5,completed_in_time,19.78099999999995
b2-p3-fixed-2,infra-smoke-8a9d3bdb-ae2d-5472-8e15-5f696af6a094,completed_in_time,19.28099999999995
b2-p3-fixed-2,infra-smoke-ffab0a01-3e68-558b-ac8c-b9e77f7d5038,completed_in_time,19.735000000000127
b2-p3-fixed-2,infra-smoke-c2c0a598-6cb1-51cd-aaed-c3d2c8875041,completed_in_time,18.797000000000025
b2-p3-fixed-2,infra-smoke-1bf8c285-6b72-5a66-8ec2-107eddd6befd,completed_in_time,19.235000000000127
b2-p3-fixed-2,infra-smoke-e2f643f8-d9ac-530c-80f7-f2454135d55e,completed_in_time,19.688000000000102
b2-p3-fixed-2,infra-smoke-6aae4ba9-9304-54c4-9d92-22b9c2def359,completed_in_time,18.797000000000025
b2-p3-fixed-2,infra-smoke-5db5073c-8479-55ec-ac9d-23ae2feff3a7,completed_in_time,19.672000000000025
b2-p3-fixed-2,infra-smoke-e823f568-872f-593d-901a-09146ded9983,completed_in_time,20.313000000000102
b2-p3-fixed-2,infra-smoke-743caa8e-7a1b-5cd3-bd4f-edb03edfa05e,completed_in_time,20.563000000000102
b2-p3-fixed-2,infra-smoke-ebba629a-39c9-5bc0-be0f-69431f471488,completed_in_time,21.20400000000018
b2-p3-fixed-2,infra-smoke-0bd2a415-3976-5083-a732-2f8d0a63850a,completed_in_time,20.110000000000127
b2-p3-fixed-2,infra-smoke-23953fac-46a9-5d44-a15e-af1c87412dad,completed_in_time,20.407000000000153
b2-p3-fixed-2,infra-smoke-750bdc21-3ab5-5eea-88f3-b936ca3ce663,completed_in_time,20.297000000000025
b2-p3-fixed-2,infra-smoke-e1ee8531-8a27-5f50-bd0a-1902ed6086f3,completed_in_time,20.5
b2-p3-fixed-2,infra-smoke-10db8d60-b04e-5af7-8364-c90f9b19f977,completed_in_time,20.608999999999924
b2-p3-fixed-2,infra-smoke-597173fb-1d53-53bb-b50a-b9dbe8335c03,completed_in_time,21.422000000000025
b2-p3-fixed-2,infra-smoke-4c90eae6-8cc8-5840-a667-1c3b34c815b0,completed_in_time,21.422000000000025
b2-p3-fixed-2,infra-smoke-0849397c-cc2a-5dd0-98ac-df6c6cfb123c,completed_in_time,21.592999999999847
b2-p3-fixed-2,infra-smoke-bf40d158-250c-514a-a581-e2f25f6bc1ec,completed_in_time,21.311999999999898
b2-p3-fixed-2,infra-smoke-de5f0c97-cbe5-5c57-b08a-9f4ca126b073,completed_in_time,21.016000000000076
b2-p3-fixed-2,infra-smoke-907070cf-c72d-5b88-81d8-21d5ae89847c,completed_in_time,22.21900000000005
b2-p3-fixed-2,infra-smoke-6f94aa91-7e4e-56e9-b5df-e9a165e80cbb,completed_in_time,22.70400000000018
b2-p3-fixed-2,infra-smoke-7d60b991-37c3-55a4-bd01-d19e0fc3c724,completed_in_time,21.467999999999847
b2-p3-fixed-2,infra-smoke-e5a3ec10-539e-5c0b-82d6-e84a2dff1260,completed_in_time,22.297000000000025
b2-p3-fixed-2,infra-smoke-5288d5e7-1e1d-57e7-83d3-95f78d2a99d6,completed_in_time,22.40599999999995
b2-p3-fixed-2,infra-smoke-5ea5af57-e184-588e-9685-26ca9c190451,completed_in_time,21.983999999999924
b2-p3-fixed-2,infra-smoke-b89aeee6-424b-5135-9787-77ec2c4aebce,completed_in_time,22.797000000000025
b2-p3-fixed-2,infra-smoke-e2ef32c2-6c5a-5021-9576-2525aa1975c6,completed_in_time,22.5
b2-p3-fixed-2,infra-smoke-eee3e029-d098-591d-b039-b6f5e2ebb923,completed_in_time,22.436999999999898
b2-p3-fixed-2,infra-smoke-447fdfaa-0332-5d5c-a6fb-e2c66996778d,completed_in_time,22.53099999999995
b2-p3-fixed-2,infra-smoke-fda84df6-18ba-5d99-9d03-8bb3d6e01a56,completed_in_time,22.09400000000005
b2-p3-fixed-2,infra-smoke-accc8f78-a580-5920-b5d3-abaf65b0bf67,completed_in_time,23.0
b2-p3-fixed-2,infra-smoke-bcd38b09-ff67-53a2-9732-4f9e4a1e8c20,completed_in_time,23.311999999999898
b2-p3-fixed-2,infra-smoke-88943e9b-04b3-576a-bb40-844ab254d981,completed_in_time,23.766000000000076
b2-p3-fixed-2,infra-smoke-a55b8fa6-a51e-513d-94e8-7b1b517be036,completed_in_time,23.139999999999873
b2-p3-fixed-2,infra-smoke-17f33147-d7bd-5c8d-ac05-66f987ac1a07,completed_in_time,23.141000000000076
b2-p3-fixed-2,infra-smoke-6a09fccd-87f2-58db-bd1c-e3399d73a54f,completed_in_time,22.625
b2-p3-fixed-2,infra-smoke-59c142de-c5d3-5396-a03b-1a8a74b2030b,completed_in_time,23.21900000000005
b2-p3-fixed-2,infra-smoke-53477104-4cc1-5f74-9f87-8bedd2873784,completed_in_time,24.297000000000025
b2-p3-fixed-2,infra-smoke-35d4b2d3-690a-56a3-a89c-b5ce3febf95f,completed_in_time,24.313000000000102
b2-p3-fixed-2,infra-smoke-751708eb-e3a1-564a-960f-de874cfb955b,completed_in_time,23.375
b2-p3-fixed-2,infra-smoke-4601c142-ee40-531d-8e17-c2ad60a1f830,completed_in_time,23.40599999999995
b2-p3-fixed-2,infra-smoke-977fe0b0-e509-54bb-a51c-0ca889e1fb9e,completed_in_time,24.514999999999873
b2-p3-fixed-2,infra-smoke-b3f3affa-2937-5ea5-9a4a-06290a2a816c,completed_in_time,24.141000000000076
b2-p3-fixed-2,infra-smoke-25203a47-69e4-576d-aa28-2a4bb61fee16,completed_in_time,24.125
b2-p3-fixed-2,infra-smoke-b65e2151-1fc8-5887-8809-82d340496ff6,completed_in_time,24.797000000000025
b2-p3-fixed-2,infra-smoke-d0a5e00a-d80c-5873-8843-4bce0cb9220d,completed_in_time,24.297000000000025
b2-p3-fixed-2,infra-smoke-cfa0c38c-b844-57e9-85fa-8fedf049090a,completed_in_time,25.563000000000102
b2-p3-fixed-2,infra-smoke-76060c88-860e-5c28-bd0a-178cf4d50e82,completed_in_time,25.40599999999995
b2-p3-fixed-2,infra-smoke-4a85a1fa-5a20-5306-a537-2a015ac9e36b,completed_in_time,25.40599999999995
b2-p3-fixed-2,infra-smoke-d31fce87-2cb5-5708-9ea1-23b6db57f199,completed_in_time,24.28099999999995
b2-p3-fixed-2,infra-smoke-61e9d80f-0229-585c-87d8-d636c60bb3ab,completed_in_time,24.59400000000005
b2-p3-fixed-2,infra-smoke-6c2cf7cd-d6c5-50d8-b085-d779bbc5422f,completed_in_time,24.358999999999924
b2-p3-fixed-2,infra-smoke-b6119b01-5f0a-5d4d-92e5-30d96813cc8c,completed_in_time,25.389999999999873
b2-p3-fixed-2,infra-smoke-620b15e6-97cc-55e8-a3d8-a2a628b647b2,completed_in_time,25.313000000000102
b2-p3-fixed-2,infra-smoke-5fc414a6-fe75-522c-a74d-5170112f1c01,completed_in_time,26.125
b2-p3-fixed-2,infra-smoke-4d96e07d-f937-5fe2-bb14-7a5a80789a0a,completed_in_time,24.90599999999995
b2-p3-fixed-2,infra-smoke-1c6ed7c3-2513-5213-a047-bf6fb5e99df3,completed_in_time,25.625
b2-p3-fixed-2,infra-smoke-ffd08a87-1450-5abb-a3ea-cae1e4536153,completed_in_time,26.016000000000076
b2-p3-fixed-2,infra-smoke-bd926c13-4b3e-5566-85d9-421785415b48,completed_in_time,25.577999999999975
b2-p3-fixed-2,infra-smoke-0ebc6d79-f437-5c87-ae9b-850b5109023c,completed_in_time,26.797000000000025
b2-p3-fixed-2,infra-smoke-37523211-c97c-5314-afcb-c37e29a82110,completed_in_time,26.297000000000025
b2-p3-fixed-2,infra-smoke-242721ab-df54-5c6c-af4b-f433301d9097,completed_in_time,26.467999999999847
b2-p3-fixed-2,infra-smoke-6c5ba679-dbe7-5624-a84e-b887c9eba8d6,completed_in_time,27.235000000000127
b2-p3-fixed-2,infra-smoke-358c778b-2f13-5b3a-87b9-71c1a95652cb,completed_in_time,27.717999999999847
b2-p3-fixed-2,infra-smoke-7850767d-23f5-5c99-bc58-53fcc664961d,completed_in_time,26.639999999999873
b2-p3-fixed-2,infra-smoke-6483b4a9-3e8f-5639-bb2e-a7221334ae51,completed_in_time,27.40599999999995
b2-p3-fixed-2,infra-smoke-e39af44d-ca74-5cb8-8eca-c36754e713bf,completed_in_time,26.297000000000025
b2-p3-fixed-2,infra-smoke-545951f3-e7fb-5551-9983-40b70645cb26,completed_in_time,27.077999999999975
b2-p3-fixed-2,infra-smoke-be057506-6542-54cb-8eaa-f75aa1a83026,completed_in_time,27.46900000000005
b2-p3-fixed-2,infra-smoke-6aa4189d-ff80-50a1-9670-20c77a85e0c8,completed_in_time,28.186999999999898
b2-p3-fixed-2,infra-smoke-16689774-c083-5758-a4c5-bbc4f57d41a6,completed_in_time,26.82900000000018
b2-p3-fixed-2,infra-smoke-d6136b25-1e50-5c40-98c1-6005a597bba7,completed_in_time,27.983999999999924
b2-p3-fixed-2,infra-smoke-ff05de23-e79d-5e9d-be8c-029b4814fd5e,completed_in_time,28.014999999999873
b2-p3-fixed-2,infra-smoke-36a2943a-ed68-581c-bbed-b0f8d289a480,completed_in_time,28.608999999999924
b2-p3-fixed-2,infra-smoke-c6e2d4e0-64ef-54c9-b845-75c02f920c5e,completed_in_time,28.09400000000005
b2-p3-fixed-2,infra-smoke-99a8a274-deae-5650-b461-981faa0d2d4f,completed_in_time,28.59400000000005
b2-p3-fixed-2,infra-smoke-36af9ad3-a81f-509a-9fb4-cfaf0ee7151a,completed_in_time,28.0
b2-p3-fixed-2,infra-smoke-846221c9-01cd-5674-b115-0d9bff52f940,completed_in_time,28.297000000000025
b2-p3-fixed-2,infra-smoke-dd80d48f-2042-57f0-a9ca-a0892cb3ca86,completed_in_time,27.875
b2-p3-fixed-2,infra-smoke-225c3c76-b3a0-54d4-92b0-af8d9ee70ea7,completed_in_time,28.891000000000076
b2-p3-fixed-2,infra-smoke-15fa1c68-9abd-554a-9a30-e35bce3c8ee2,completed_in_time,28.077999999999975
b2-p3-fixed-2,infra-smoke-217aba86-3487-50a2-9936-a7767c3ad686,completed_in_time,28.90599999999995
b2-p3-fixed-2,infra-smoke-7f09fcb7-a01a-5d56-8dd7-fef08d2650b8,completed_in_time,29.0
b2-p3-fixed-2,infra-smoke-dfafda2b-e90a-5f54-999b-8efe4ec9c059,completed_in_time,29.202999999999975
b2-p3-fixed-2,infra-smoke-4c764f74-880f-55aa-9824-7675f2ce4f76,completed_in_time,28.797000000000025
b2-p3-fixed-2,infra-smoke-54cf8e81-6a7c-5d4a-8c96-b9bea0533ad7,completed_in_time,28.71900000000005
b2-p3-fixed-2,infra-smoke-7b20c119-8b4d-582e-a5a4-42905b86dc31,completed_in_time,29.391000000000076
b2-p3-fixed-2,infra-smoke-6567c99d-2933-5e2c-aaa7-5f8deb0dc557,completed_in_time,29.311999999999898
b2-p3-fixed-2,infra-smoke-311c1957-3d3b-58aa-8698-66ec254cd4b6,completed_in_time,29.125
b2-p3-fixed-2,infra-smoke-0f0f3490-97fd-5d8b-b866-2f164098a4c2,completed_in_time,29.375
b2-p3-fixed-2,infra-smoke-1e5fe210-a407-5f2d-a4bd-3669e21a61c7,completed_in_time,30.188000000000102
b2-p3-fixed-2,infra-smoke-4682f1b8-f4b1-5f6f-9f2c-71a4b245520b,completed_in_time,29.827999999999975
b2-p3-fixed-2,infra-smoke-93b39ab2-9195-559f-b29f-16c8aa1df307,completed_in_time,29.889999999999873
b2-p3-fixed-2,infra-smoke-a1812ef0-53ba-5f62-a691-387b7f1c0d49,completed_in_time,29.967999999999847
b2-p3-fixed-2,infra-smoke-56368036-dc32-5b9f-ae55-7cef96903d60,completed_in_time,30.639999999999873
b2-p3-fixed-2,infra-smoke-31251f45-de66-5c74-ac2e-0b5d4a1ae288,completed_in_time,30.922000000000025
b2-p3-fixed-2,infra-smoke-b086a0d6-01a4-590b-a4fe-b9d5620e1313,completed_in_time,30.610000000000127
b2-p3-fixed-2,infra-smoke-7a760a97-6350-5197-9c4f-f023cec79979,completed_in_time,30.03099999999995
b2-p3-fixed-2,infra-smoke-b70a490e-da94-5f12-b59f-5c1693a5ea0d,completed_in_time,30.733999999999924
b2-p3-fixed-2,infra-smoke-a6e2fa30-2add-59b0-9413-99b22c1f989f,completed_in_time,30.139999999999873
b2-p3-fixed-2,infra-smoke-03b4ba4f-d9cc-59b3-8a55-059db7f89d94,completed_in_time,31.092999999999847
b2-p3-fixed-2,infra-smoke-7b1326eb-1ca7-5bea-8f1c-e67ebf0eb460,completed_in_time,30.577999999999975
b2-p3-fixed-2,infra-smoke-5beaf239-bac9-5401-8926-4c95ef204360,completed_in_time,31.40599999999995
b2-p3-fixed-2,infra-smoke-2a049d41-dbcf-5e91-b77a-3cf8aa0baf6e,completed_in_time,31.313000000000102
b2-p3-fixed-2,infra-smoke-34cd44b8-c8b9-5dcf-81ad-9ca09acdd0c4,completed_in_time,31.297000000000025
b2-p3-fixed-2,infra-smoke-796d987c-5a0b-5afb-8660-7532332de596,completed_in_time,31.21900000000005
b2-p3-fixed-2,infra-smoke-0f299e6a-c937-5729-b545-fa8b5892c79f,completed_in_time,31.141000000000076
b2-p3-fixed-2,infra-smoke-35df1555-f533-52a7-a140-41fdd3d9dfe9,completed_in_time,31.34400000000005
b2-p3-fixed-2,infra-smoke-be639ee7-e10a-5799-bf23-b6c2e648c30c,completed_in_time,31.313000000000102
b2-p3-fixed-2,infra-smoke-4ecdad66-e4be-590b-b5ba-a5a5b42d739d,completed_in_time,31.46900000000005
b2-p3-fixed-2,infra-smoke-fa043fee-132c-5e3f-bdaa-7fef1154f289,completed_in_time,31.375
b2-p3-fixed-2,infra-smoke-520fda9a-22b9-5cfd-b6e3-76c7b85df6e3,completed_in_time,34.125
b2-p3-fixed-2,infra-smoke-c95e1eb2-c532-5dd5-9e98-b62b08ea22e3,completed_in_time,32.797000000000025
b2-p3-fixed-2,infra-smoke-979f2475-b4e3-55e5-8fd7-6af27f1803b7,completed_in_time,34.0
b2-p3-fixed-2,infra-smoke-c2143438-908c-5a1e-b57d-1221ab6d911d,completed_in_time,32.375
b2-p3-fixed-2,infra-smoke-f0d66dc2-5e6b-5f09-8a31-28017e18a07d,completed_in_time,33.797000000000025
b2-p3-fixed-2,infra-smoke-901570cb-be6b-5d29-8a1f-953c330e5ea8,completed_in_time,33.0619999999999
b2-p3-fixed-2,infra-smoke-e6c9dfb3-3ce5-53c2-9c14-a129dd07d2d2,completed_in_time,34.38999999999987
b2-p3-fixed-2,infra-smoke-50c094c1-0a2f-57fa-b43f-15642ca493d5,completed_in_time,33.202999999999975
b2-p3-fixed-2,infra-smoke-e361d547-a082-51b5-a6ce-69e61a3ba7ca,completed_in_time,33.78200000000015
b2-p3-fixed-2,infra-smoke-e96a049c-28f2-5252-a7d9-125ea153f2c6,completed_in_time,33.516000000000076
b2-p3-fixed-2,infra-smoke-34726690-8ff5-5932-acd2-b139f006f26c,completed_in_time,32.327999999999975
b2-p3-fixed-2,infra-smoke-13226936-4e58-51ee-81df-3fcef10e604e,completed_in_time,32.4369999999999
b2-p3-fixed-2,infra-smoke-d59b9e95-a03c-5a5a-90e8-602ec57f7c3e,completed_in_time,34.016000000000076
b2-p3-fixed-2,infra-smoke-3836cb72-ffcf-59db-91b3-e97fff835a4c,completed_in_time,32.38999999999987
b2-p3-fixed-2,infra-smoke-d3a39aa8-c7f6-5a42-9bc1-4188ad02d322,completed_in_time,34.21900000000005
b2-p3-fixed-2,infra-smoke-247d028f-a07d-5e18-847d-ee347546b716,completed_in_time,32.625
b2-p3-fixed-2,infra-smoke-e3f424ad-504f-50c4-8587-73fd842bf4f3,completed_in_time,35.5
b2-p3-fixed-2,infra-smoke-119716bc-5944-5250-80f5-13d8ad5aa400,completed_in_time,35.297000000000025
b2-p3-fixed-2,infra-smoke-b9d8471f-5ed5-5230-bcf5-80c563be6d9e,completed_in_time,35.71900000000005
b2-p3-fixed-2,infra-smoke-796105c5-72f4-59ae-b7f9-f6a9b67d2f85,completed_in_time,34.90599999999995
b2-p3-fixed-2,infra-smoke-3a2b037f-458c-5459-9b8c-58af161aad36,completed_in_time,35.641000000000076
b2-p3-fixed-2,infra-smoke-9d8c4944-1886-5fe6-b421-4ffd69c4ff67,completed_in_time,33.702999999999975
b2-p3-fixed-2,infra-smoke-a223e18e-6fdb-5fdb-bcbf-e8b8eeffea49,completed_in_time,34.5
b2-p3-fixed-2,infra-smoke-d36a1239-26ec-57a3-9ad8-b7a4466b5a09,completed_in_time,35.202999999999975
b2-p3-fixed-2,infra-smoke-da3f7898-147b-5812-a74c-2d65096ab2d8,completed_in_time,35.21900000000005
b2-p3-fixed-2,infra-smoke-0991271e-8643-5ec4-aa30-8db56d01bd92,completed_in_time,35.28200000000015
b2-p3-fixed-2,infra-smoke-da7953b8-e9f7-5c7b-a9c5-d290508748b6,completed_in_time,34.71900000000005
b2-p3-fixed-2,infra-smoke-b3e1019c-2451-54cc-a3e3-210f233083df,completed_in_time,34.608999999999924
b2-p3-fixed-2,infra-smoke-f1041531-3bfa-5314-b6ee-2c92d4a8049a,completed_in_time,35.608999999999924
b2-p3-fixed-2,infra-smoke-d75c8c50-9303-52ab-aa05-997d778fff11,completed_in_time,35.233999999999924
b2-p3-fixed-2,infra-smoke-803ee682-c8bb-5809-83db-fdea45fd2011,completed_in_time,35.01499999999987
b2-p3-fixed-2,infra-smoke-64d14059-8796-512b-89f5-1efa406d3829,completed_in_time,35.297000000000025
b2-p3-fixed-2,infra-smoke-5f65fc76-eeff-5747-a45a-b6bcc8a6ed81,completed_in_time,35.577999999999975
b2-p3-fixed-2,infra-smoke-5af44d8b-4c91-55d6-a482-20480d6bf1e2,completed_in_time,36.297000000000025
b2-p3-fixed-2,infra-smoke-2adb2f2c-a091-5290-a37f-74c1b202059f,completed_in_time,35.702999999999975
b2-p3-fixed-2,infra-smoke-d82aecb9-5464-52b0-af9f-a44c0caeba8e,completed_in_time,36.9380000000001
b2-p3-fixed-2,infra-smoke-75a42c2c-ceab-57c1-9ac6-776e438d1549,completed_in_time,37.09400000000005
b2-p3-fixed-2,infra-smoke-6ede819c-003a-5acd-b6c3-5f504d3c4bee,completed_in_time,37.71900000000005
b2-p3-fixed-2,infra-smoke-15f4da6a-bb03-5e53-b745-f4c36b805e81,completed_in_time,37.40599999999995
b2-p3-fixed-2,infra-smoke-09b0bcae-c771-585a-b6b4-f0bbe5c3b33a,completed_in_time,36.09400000000005
b2-p3-fixed-2,infra-smoke-ce4fb9b1-8134-5128-8343-25094d8e8e53,completed_in_time,37.108999999999924
b2-p3-fixed-2,infra-smoke-57824e4c-9957-58bb-8b55-4b4c0a424697,completed_in_time,37.6880000000001
b2-p3-fixed-2,infra-smoke-46a1c13f-1829-5164-b85d-fac5f9bdd9fd,completed_in_time,36.59400000000005
b2-p3-fixed-2,infra-smoke-4857a05e-4bfe-5e5d-8505-2463fca89fd1,completed_in_time,37.733999999999924
b2-p3-fixed-2,infra-smoke-644fd4bc-5196-57ee-bcde-a26b5d4d161a,completed_in_time,37.483999999999924
b2-p3-fixed-2,infra-smoke-20b2a67e-6ce5-5455-9a01-4c860d99f200,completed_in_time,38.21900000000005
b2-p3-fixed-2,infra-smoke-0d57ef72-2349-5bfa-938c-6e8250cf3636,completed_in_time,37.8119999999999
b2-p3-fixed-2,infra-smoke-025835b9-ea18-5dda-9398-a164bc084cb0,completed_in_time,37.61000000000013
b2-p3-fixed-2,infra-smoke-f4d41c6a-de67-5eb7-be85-2262070c58c7,completed_in_time,37.6880000000001
b2-p3-fixed-2,infra-smoke-ee0f04d3-a4da-5cc0-9b98-77b51b235a12,completed_in_time,37.797000000000025
b2-p3-fixed-2,infra-smoke-d661d15e-2013-5563-a235-2df5c0736543,completed_in_time,38.483999999999924
b2-p3-fixed-2,infra-smoke-e6bebfb5-4703-545f-bb2f-0617cf1628f9,completed_in_time,38.5
b2-p3-fixed-2,infra-smoke-1c20bcd4-e653-5ea5-8560-79425999bc2c,completed_in_time,38.858999999999924
b2-p3-fixed-2,infra-smoke-9ff64fd4-c00c-5a5f-ac84-61b4307a655a,completed_in_time,39.21900000000005
b2-p3-fixed-2,infra-smoke-37853b82-548d-53ec-9ad3-3dc719fa10fe,completed_in_time,38.297000000000025
b2-p3-fixed-2,infra-smoke-604059f7-2b5a-5de7-b86c-cbd2b89e4b0f,completed_in_time,38.702999999999975
b2-p3-fixed-2,infra-smoke-2ad3eacf-2fe4-55d9-95cc-e3f411a736d6,completed_in_time,39.88999999999987
b2-p3-fixed-2,infra-smoke-8891b8b5-769c-5843-97aa-b91636944a89,completed_in_time,39.5
b2-p3-fixed-2,infra-smoke-4e25fd5b-95fd-509f-94fd-5e69a71d8154,completed_in_time,38.827999999999975
b2-p3-fixed-2,infra-smoke-6acef44d-b6f3-5673-aac5-f6699b8034e1,completed_in_time,39.21900000000005
b2-p3-fixed-2,infra-smoke-4f1e90a6-1051-5d9a-89dd-dee75ecc837c,completed_in_time,39.75
b2-p3-fixed-2,infra-smoke-9df47457-1e42-5b76-8550-53223414d2e8,completed_in_time,39.983999999999924
b2-p3-fixed-2,infra-smoke-c84dfe25-3c3a-571b-9567-32a18169ad46,completed_in_time,39.40700000000015
b2-p3-fixed-2,infra-smoke-c5a729f1-9d20-5a37-b0fa-5dea32490a45,completed_in_time,39.59299999999985
b2-p3-fixed-2,infra-smoke-4f00cbf2-e909-5c76-a608-eeaacc527e7f,completed_in_time,40.09400000000005
b2-p3-fixed-2,infra-smoke-41a200ef-51c4-5e19-a23b-7de618e7617d,completed_in_time,39.90599999999995
b2-p3-fixed-2,infra-smoke-aeee59c5-c01e-5f73-8c3b-f98e80095491,completed_in_time,40.422000000000025
b2-p3-fixed-2,infra-smoke-5bd582ce-87f7-56fb-b86c-68021ca399cb,completed_in_time,40.0
b2-p3-fixed-2,infra-smoke-c5ee0c60-9850-5ea7-8330-fe563c7c09fc,completed_in_time,40.202999999999975
b2-p3-fixed-2,infra-smoke-8e078175-01fe-574a-a8cb-785c831ee649,completed_in_time,40.702999999999975
b2-p3-fixed-2,infra-smoke-38494f29-585b-54d2-bcac-e5217ca5ec42,completed_in_time,40.391000000000076
b2-p3-fixed-2,infra-smoke-c4c4fdef-c6f6-5685-9aa5-c2088b57c59e,completed_in_time,40.297000000000025
b2-p3-fixed-2,infra-smoke-c1f599ba-9a6b-5db1-ace6-36dd11ed16f9,completed_in_time,40.48500000000013
b2-p3-fixed-2,infra-smoke-2e56c0bc-d324-54a5-b484-cc5a625cadb3,completed_in_time,41.108999999999924
b2-p3-fixed-2,infra-smoke-9f1d09be-152c-5a6a-9b21-1136960685f1,completed_in_time,40.672000000000025
b2-p3-fixed-2,infra-smoke-b599eaff-747d-52db-844e-ccee9a560b83,completed_in_time,40.702999999999975
b2-p3-fixed-2,infra-smoke-8c655ade-a522-5d5a-8d67-0d599cbd64f1,completed_in_time,40.21799999999985
b2-p3-fixed-2,infra-smoke-1b608bfb-d6b9-5493-b734-6395bc3670b0,completed_in_time,40.98500000000013
b2-p3-fixed-2,infra-smoke-4a757169-a581-5eb3-9fd7-5c7bbf77b5f9,completed_in_time,40.88999999999987
b2-p3-fixed-2,infra-smoke-70649310-7868-5662-8058-b0126c824ef8,completed_in_time,40.577999999999975
b2-p3-fixed-2,infra-smoke-b6278f88-686b-5c22-b5cf-fbca2d05aaf2,completed_in_time,40.922000000000025
b2-p3-fixed-2,infra-smoke-2a0da794-782f-53f9-924a-d159742954ce,completed_in_time,40.88999999999987
b2-p3-fixed-2,infra-smoke-0a659bd4-b1c2-5664-890c-9da584e79b07,completed_in_time,40.38999999999987
b2-p3-fixed-2,infra-smoke-0f788ccd-ef8b-5a63-be70-6a3c4184a7dc,completed_in_time,41.297000000000025
b2-p3-fixed-2,infra-smoke-e866789e-a767-59f9-ae50-32ebdf27a4ca,completed_in_time,40.90700000000015
b2-p3-fixed-2,infra-smoke-35499b9d-1dfb-50ef-ad00-d7e591589ade,completed_in_time,40.577999999999975
b2-p3-fixed-2,infra-smoke-1531baf5-c324-52cf-a642-dd8697fe0e75,completed_in_time,41.0
b2-p3-fixed-2,infra-smoke-0c9f6c89-ac05-592b-91d7-1f51aac38227,completed_in_time,41.28099999999995
b2-p3-fixed-2,infra-smoke-2328a285-01f5-53d9-bd04-e38b0ad9baf2,completed_in_time,41.0
b2-p3-fixed-2,infra-smoke-6bfb4742-e623-5e1f-973c-cd3503fb4599,completed_in_time,41.01499999999987
b2-p3-fixed-2,infra-smoke-eb69b6aa-eb72-58f4-a2a2-04daf0173327,completed_in_time,41.09299999999985
b2-p3-fixed-2,infra-smoke-3c367cb6-5f1b-560b-a2bd-6ea8e8602c0e,completed_in_time,40.983999999999924
b2-p3-fixed-2,infra-smoke-90cb07a6-556d-5298-aa75-2db426cb780a,completed_in_time,40.891000000000076
b2-p3-fixed-2,infra-smoke-9f1d0d6d-03b5-525a-8779-68358ba7b4b4,completed_in_time,41.21900000000005
b2-p3-fixed-2,infra-smoke-768d4bf0-999e-5988-b1f4-05260f02b81f,completed_in_time,40.875
b2-p3-fixed-2,infra-smoke-092cebff-4448-5629-ae1f-f7b3fe662a52,completed_in_time,41.38999999999987
b2-p3-fixed-2,infra-smoke-0f955712-e96d-54ef-9c8d-1ba87697fd7f,completed_in_time,41.21900000000005
b2-p3-fixed-2,infra-smoke-8f1ed06a-41f3-520c-94bd-94e1f5f6cb26,completed_in_time,41.0630000000001
b2-p3-fixed-2,infra-smoke-8e5203ee-48d4-51d7-88d4-4795dd63e3f8,completed_in_time,41.01499999999987
b2-p3-fixed-2,infra-smoke-100daf23-9801-5665-8664-cac77ae1b26f,completed_in_time,41.28099999999995
b2-p3-fixed-2,infra-smoke-4162f571-ad73-56f0-99a6-5e8d5c3e9c32,completed_in_time,41.1880000000001
b2-p3-fixed-2,infra-smoke-3c5131c5-59e6-59c9-9832-8810f38eb773,completed_in_time,41.297000000000025
b2-p3-fixed-2,infra-smoke-a32fec76-63df-50cc-9681-3b3a8b431c09,completed_in_time,41.84400000000005
b2-p3-fixed-2,infra-smoke-7221ae5a-fbd7-5b31-af21-5f3871d88a39,completed_in_time,42.03099999999995
b2-p3-fixed-2,infra-smoke-9a8bd2d4-1909-54e7-a8f2-1949403b907e,completed_in_time,41.78099999999995
b2-p3-fixed-2,infra-smoke-9c24c56e-aa45-5dfb-8550-6d6fcdc7bbf5,completed_in_time,41.452999999999975
b2-p3-fixed-2,infra-smoke-acb2fd7b-6783-53ac-8a03-88e3d57b8d82,completed_in_time,41.59400000000005
b2-p3-fixed-2,infra-smoke-e54ad64e-9b61-5ebb-af9c-9e30fb4938ce,completed_in_time,41.61000000000013
b2-p3-fixed-2,infra-smoke-6252ae37-28f0-59e7-8fb2-747df19bd8fb,completed_in_time,41.608999999999924
b2-p3-fixed-2,infra-smoke-c2f3ad3e-fa16-5319-b4ad-13c451d9345d,completed_in_time,41.9369999999999
b2-p3-fixed-2,infra-smoke-4409aad9-3146-59e7-849a-361bbb9194cc,completed_in_time,42.016000000000076
b2-p3-fixed-2,infra-smoke-86a1bf98-b45e-5a33-852a-695d5c76ace5,completed_in_time,42.01499999999987
b2-p3-fixed-2,infra-smoke-a6075b80-87b1-59d6-8171-16b3522de863,completed_in_time,41.8130000000001
b2-p3-fixed-2,infra-smoke-59ebca73-d341-566a-9405-00cacfb5043a,completed_in_time,42.28099999999995
b2-p3-fixed-2,infra-smoke-6cdbedda-bb92-5302-a391-9cfc612dee3d,completed_in_time,42.0
b2-p3-fixed-2,infra-smoke-8adb5ab9-c77e-5032-ae89-301a82860cbb,completed_in_time,42.03099999999995
b2-p3-fixed-2,infra-smoke-acefff10-143f-51a9-af81-373fc93ec76a,completed_in_time,41.90700000000015
b2-p3-fixed-2,infra-smoke-1909a194-5e20-5e73-82ca-8991add35c3d,completed_in_time,42.202999999999975
b2-p3-fixed-2,infra-smoke-b2ae53e2-0530-5b42-a5aa-c22ba842e8ad,completed_in_time,42.3130000000001
b2-p3-fixed-2,infra-smoke-0d174fdb-fa3c-5a81-8f11-03de04a93afa,completed_in_time,42.452999999999975
b2-p3-fixed-2,infra-smoke-a5ecca55-3d1b-5e13-8040-999ba196257e,completed_in_time,42.3119999999999
b2-p3-fixed-2,infra-smoke-09cd3e65-f91d-5bac-9a1e-006737b56b47,completed_in_time,42.577999999999975
b2-p3-fixed-2,infra-smoke-6642238f-4ea8-51d1-ac76-96b9fea878ac,completed_in_time,42.78099999999995
b2-p3-fixed-2,infra-smoke-2f073a0c-34e4-590f-819f-bd1434e16d77,completed_in_time,42.172000000000025
b2-p3-fixed-2,infra-smoke-3d02331c-2663-5750-9b3d-ea84cd472fce,completed_in_time,42.1880000000001
b2-p3-fixed-2,infra-smoke-d6a059c5-765d-54d3-a1be-8f7ca8d34017,completed_in_time,42.297000000000025
b2-p3-fixed-2,infra-smoke-640e86df-6710-5e69-94d7-f62e4ff53948,completed_in_time,42.516000000000076
b2-p3-fixed-2,infra-smoke-6fe5cafc-0432-54df-8406-47c4871fe918,completed_in_time,42.327999999999975
b2-p3-fixed-2,infra-smoke-714fe423-ca30-5c58-a3f4-9233a53a970a,completed_in_time,42.516000000000076
b2-p3-fixed-2,infra-smoke-e8a00697-ed9d-5542-bfb2-432561b53c1c,completed_in_time,42.78099999999995
b2-p3-fixed-2,infra-smoke-18495a5f-dffa-56a4-a170-238b49062319,completed_in_time,42.78200000000015
b2-p3-fixed-2,infra-smoke-f4e693b0-54b5-5d35-8e95-86b8297cae2c,completed_in_time,42.297000000000025
b2-p3-fixed-2,infra-smoke-95514840-67dd-52a9-b9f6-018ba1783d0c,completed_in_time,42.5619999999999
b2-p3-fixed-2,infra-smoke-7d3eddd4-2a42-5d82-969a-e997e119660d,completed_in_time,42.90599999999995
b2-p3-fixed-2,infra-smoke-8086127f-7f1d-5cc1-870a-bd8a47390d34,completed_in_time,42.625
b2-p3-fixed-2,infra-smoke-eb59f2a0-efed-57b9-b76c-b4db4fc27982,completed_in_time,42.875
b2-p3-fixed-2,infra-smoke-4df14f6c-aa6d-519f-9678-baecd6177893,completed_in_time,43.1880000000001
b2-p3-fixed-2,infra-smoke-e60f1c02-c8aa-5777-a9d6-c7a31ea0e6a0,completed_in_time,42.5
b2-p3-fixed-2,infra-smoke-89d7b99b-1e9a-57a4-ae91-8fffadce30e6,completed_in_time,42.702999999999975
b2-p3-fixed-2,infra-smoke-c93860d5-8116-5c45-a292-08cf0aa7e567,completed_in_time,42.38999999999987
b2-p3-fixed-2,infra-smoke-7d85ec69-9e66-546a-bf92-b9d9bd7e3549,completed_in_time,42.71900000000005
b2-p3-fixed-2,infra-smoke-ad6ff86d-76e9-51bd-a91a-36b2cb1f6919,completed_in_time,42.63999999999987
b2-p3-fixed-2,infra-smoke-6115e55b-e920-56ef-b044-ce1e8666e56e,completed_in_time,43.0
b2-p3-fixed-2,infra-smoke-3120d801-3eb8-5335-b7ff-df8d4255ca2f,completed_in_time,42.59400000000005
b2-p3-fixed-2,infra-smoke-d40c0d85-a466-50a3-b03b-949ef581b9ff,completed_in_time,42.8119999999999
b2-p3-fixed-2,infra-smoke-7dffa69a-dc81-5758-a244-ac1ddf8faa82,completed_in_time,42.90700000000015
b2-p3-fixed-2,infra-smoke-4e5d6fb9-4ff9-534c-bf4f-6d8ce648560c,completed_in_time,42.59299999999985
b2-p3-fixed-2,infra-smoke-536f2587-4f63-57b4-bba3-8c4d437acffb,completed_in_time,42.875
b2-p3-fixed-2,infra-smoke-af619706-79f9-580a-9756-af4ec8c810fc,completed_in_time,42.797000000000025
b2-p3-fixed-2,infra-smoke-3557a53a-65e3-54b2-b322-a897ba17c5de,completed_in_time,42.952999999999975
b2-p3-fixed-2,infra-smoke-af270716-86e4-59ef-9a70-995d4ba0f201,completed_in_time,43.09400000000005
b2-p3-fixed-2,infra-smoke-2cded73b-2926-50b5-9f6a-125592451226,completed_in_time,43.125
b2-p3-fixed-2,infra-smoke-601e9d77-f255-59f8-adf5-f9ed06539a2d,completed_in_time,43.516000000000076
b2-p3-fixed-2,infra-smoke-bdac6aea-758e-59f4-8a30-57e15385f9fb,completed_in_time,42.375
b2-p3-fixed-2,infra-smoke-900ee36d-f12e-5771-a93b-553f0beeacce,completed_in_time,43.46799999999985
b2-p3-fixed-2,infra-smoke-0f24453c-3a6d-51c8-b378-6a9b0892b9ad,completed_in_time,42.98500000000013
b2-p3-fixed-2,infra-smoke-340f0960-472d-5cd2-a85f-e28e34bf717e,completed_in_time,43.297000000000025
b2-p3-fixed-2,infra-smoke-fa0c21fd-0db7-5ff0-a58a-dc653fea1586,completed_in_time,43.891000000000076
b2-p3-fixed-2,infra-smoke-285f5006-4ddf-567b-a665-d262a7fb767a,completed_in_time,43.59400000000005
b2-p3-fixed-2,infra-smoke-49cf8077-b374-5581-b3d2-9f111aa2703d,completed_in_time,43.0
b2-p3-fixed-2,infra-smoke-f12bf75f-b105-5f38-a982-9240fefef826,completed_in_time,43.641000000000076
b2-p3-fixed-2,infra-smoke-fe5c0e39-b66b-5b77-91e4-f9eba6076275,completed_in_time,43.983999999999924
b2-p3-fixed-2,infra-smoke-a97a0720-b7b6-5009-b6d9-887fc52e616d,completed_in_time,43.391000000000076
b2-p3-fixed-2,infra-smoke-c48ed426-332f-5012-87f2-a19cae96889d,completed_in_time,43.59400000000005
b2-p3-fixed-2,infra-smoke-97bbed02-1118-5175-9590-34ad03f15ad5,completed_in_time,43.48500000000013
b2-p3-fixed-2,infra-smoke-7944df4d-832a-52b5-ace0-b4502e49f867,completed_in_time,43.79599999999982
b2-p3-fixed-2,infra-smoke-597ae903-fe40-545f-9fb4-beb24c7f7ede,completed_in_time,43.797000000000025
b2-p3-fixed-2,infra-smoke-30eccdae-f753-5e6a-ad07-e906557597a7,completed_in_time,43.858999999999924
b2-p3-fixed-2,infra-smoke-7203f12c-2298-5598-8762-e360fbe4ad96,completed_in_time,44.25
b2-p3-fixed-2,infra-smoke-9027e86e-feaf-55dd-b82c-44ee8f374099,completed_in_time,43.48500000000013
b2-p3-fixed-2,infra-smoke-d3494c01-bcf8-583a-83ef-e922b658c02c,completed_in_time,43.78099999999995
b2-p3-fixed-2,infra-smoke-9f8f0e7b-9518-510b-a60a-05713d4820cb,completed_in_time,44.1880000000001
b2-p3-fixed-2,infra-smoke-5e968f70-6ea1-5705-8eff-c56e7a223642,completed_in_time,43.8119999999999
b2-p3-fixed-2,infra-smoke-bee56432-8e68-545b-89ef-bc1e191ff357,completed_in_time,44.5
b2-p3-fixed-2,infra-smoke-93a25e44-459f-5571-b5cb-0323a36132a8,completed_in_time,43.90599999999995
b2-p3-fixed-2,infra-smoke-8383c6f9-b1dc-5f97-a360-0755a51b10d7,completed_in_time,44.09400000000005
b2-p3-fixed-2,infra-smoke-c0714dab-bb61-55e0-a12a-f3ce08ae6c94,completed_in_time,44.46900000000005
b2-p3-fixed-2,infra-smoke-28460b2a-6bd2-582a-9277-89e4cce82eda,completed_in_time,43.90599999999995
b2-p3-fixed-2,infra-smoke-d3349868-750b-5ffe-ab3d-46ae37dd5d31,completed_in_time,43.6880000000001
b2-p3-fixed-2,infra-smoke-39c4be8e-1d98-5853-8706-fdb7d38d41cd,completed_in_time,44.09400000000005
b2-p3-fixed-2,infra-smoke-173e9782-7b5d-5500-8183-102bea5add85,completed_in_time,44.0619999999999
b2-p3-fixed-2,infra-smoke-93051031-e08b-5d16-b18f-b05784ade15d,completed_in_time,44.375
b2-p3-fixed-2,infra-smoke-677b147b-bd55-5c98-8976-d0fe78537c7f,completed_in_time,44.608999999999924
b2-p3-fixed-2,infra-smoke-54ac1ee1-1a19-5998-a50b-53fee12974a8,completed_in_time,44.0
b2-p3-fixed-2,infra-smoke-407b4255-af0f-5e7a-819e-b8515d5702b7,completed_in_time,44.608999999999924
b2-p3-fixed-2,infra-smoke-f7a8bb99-cc61-5f40-9048-55427cd9ca76,completed_in_time,44.202999999999975
b2-p3-fixed-2,infra-smoke-b38f2889-3445-5859-9b36-9fb9db14a77b,completed_in_time,44.03099999999995
b2-p3-fixed-2,infra-smoke-da21a823-9d21-55bf-81b3-f6978d56957a,completed_in_time,44.297000000000025
b2-p3-fixed-2,infra-smoke-f99a5510-ad59-5a9c-be6e-c177c96ae83c,completed_in_time,44.516000000000076
b2-p3-fixed-2,infra-smoke-818d0de5-0d10-56fe-bdaf-cdc5ff4573c6,completed_in_time,44.59400000000005
b2-p3-fixed-2,infra-smoke-7390f878-fe27-552d-ba97-1f66d0e57dd2,completed_in_time,44.51499999999987
b2-p3-fixed-2,infra-smoke-ca4c5cda-50bb-5203-8ca6-4c09393b3620,completed_in_time,44.5
b2-p3-fixed-2,infra-smoke-76e6b7a6-f63f-53b0-9b5d-2554deeef112,completed_in_time,44.57900000000018
b2-p3-fixed-2,infra-smoke-ab2774d2-90b3-5b96-94df-3d4a25d39f0c,completed_in_time,44.5
b2-p3-fixed-2,infra-smoke-52cec26d-71b2-50bf-9fae-83dfb4fdb32f,completed_in_time,44.4380000000001
b2-p3-fixed-2,infra-smoke-d021bd79-d44b-5179-8a83-8f41e456d5b6,completed_in_time,44.516000000000076
b2-p3-fixed-2,infra-smoke-ea2a1028-f73d-5955-9863-22640a4c034c,completed_in_time,44.547000000000025
b2-p3-fixed-2,infra-smoke-d58232fe-fc3e-5e41-9612-23ac8d7fc5c8,completed_in_time,45.03099999999995
b2-p3-fixed-2,infra-smoke-c71020e7-853d-527e-be16-64b67078e710,completed_in_time,44.73500000000013
b2-p3-fixed-2,infra-smoke-f26de28a-6689-59be-b08b-a7951a286313,completed_in_time,44.4369999999999
b2-p3-fixed-2,infra-smoke-787cea0c-80e7-5f9f-830d-7cd178184da4,completed_in_time,44.422000000000025
b2-p3-fixed-2,infra-smoke-6032b78b-7446-5205-9c92-afc97aebd3bd,completed_in_time,44.202999999999975
b2-p3-fixed-2,infra-smoke-c64648fe-5411-54f7-8d0c-bb02170769b4,completed_in_time,44.3119999999999
b2-p3-fixed-2,infra-smoke-cfd4c823-92c5-52bc-bc18-6ebef2bdbcff,completed_in_time,44.108999999999924
b2-p3-fixed-2,infra-smoke-b379f156-935a-526e-9d57-58f253b46ef1,completed_in_time,44.375
b2-p3-fixed-2,infra-smoke-5db8d082-e544-52bc-ac64-f4956b659287,completed_in_time,44.90599999999995
b2-p3-fixed-2,infra-smoke-a4fe4ecb-fe77-507c-a267-8512ea8ed6eb,completed_in_time,44.11000000000013
b2-p3-fixed-2,infra-smoke-69d68408-51d1-58ca-a231-17530edefdc8,completed_in_time,44.71900000000005
b2-p3-fixed-2,infra-smoke-0d65c59b-976c-5074-bce4-8932db34280e,completed_in_time,44.96799999999985
b2-p3-fixed-2,infra-smoke-66531945-486c-592b-8ce4-517a0723079a,completed_in_time,45.0
b2-p3-fixed-2,infra-smoke-ca3ca1f2-8c6d-50db-ad56-524aa1f14b01,completed_in_time,44.71900000000005
b2-p3-fixed-2,infra-smoke-795e4f5b-5574-5a34-9cc4-bd59516cc00c,completed_in_time,44.577999999999975
b2-p3-fixed-2,infra-smoke-3d957315-5f43-58ca-8673-ba9ee93eb3b0,completed_in_time,44.422000000000025
b2-p3-fixed-2,infra-smoke-c42558a3-5a54-5176-864d-6ef51d33fb18,completed_in_time,45.608999999999924
b2-p3-fixed-2,infra-smoke-6b3843a4-5b91-56c9-ba58-c37c40770b8d,completed_in_time,45.1869999999999
b2-p3-fixed-2,infra-smoke-e94fc140-6bb1-5d6b-9fb3-01bbcea18320,completed_in_time,44.71900000000005
b2-p3-fixed-2,infra-smoke-118cccc7-874e-5d90-b4f7-e73000b65c0d,completed_in_time,44.577999999999975
b2-p3-fixed-2,infra-smoke-382d7a8a-5fae-5813-b2b8-5ad45e05c27e,completed_in_time,44.983999999999924
b2-p3-fixed-2,infra-smoke-b3ade55c-10f4-5a20-826a-e697d114240a,completed_in_time,44.88999999999987
b2-p3-fixed-2,infra-smoke-94dc9043-7ca4-5767-a842-240f00706599,completed_in_time,45.21900000000005
b2-p3-fixed-2,infra-smoke-5047c03d-7ae6-5dfb-8761-9b3745cbc6ea,completed_in_time,45.42099999999982
b2-p3-fixed-2,infra-smoke-dea7ff5a-f40c-5a71-9570-59025f17a12c,completed_in_time,45.702999999999975
b2-p3-fixed-2,infra-smoke-65973168-33f4-5626-8cb9-aad4cee5177e,completed_in_time,45.797000000000025
b2-p3-fixed-2,infra-smoke-d2a77c84-c16b-5264-9a44-1d15e4b981d8,completed_in_time,45.172000000000025
b2-p3-fixed-2,infra-smoke-55426901-11af-5bce-a91d-f787209b0c69,completed_in_time,45.4380000000001
b2-p3-fixed-2,infra-smoke-14001932-9f90-5f95-81c6-d46d27ac7297,completed_in_time,45.4369999999999
b2-p3-fixed-2,infra-smoke-53333ed1-b358-5ca8-96da-08a8e8ba2ec7,completed_in_time,45.297000000000025
b2-p3-fixed-2,infra-smoke-87497d14-ba7e-55b3-998e-db12672aaf1a,completed_in_time,45.483999999999924
b2-p3-fixed-2,infra-smoke-b2ea1829-b69e-5743-9233-6d6fe01429d7,completed_in_time,45.40599999999995
b2-p3-fixed-2,infra-smoke-dac26140-eea2-524b-9b00-fc9e9042b83d,completed_in_time,45.327999999999975
b2-p3-fixed-2,infra-smoke-703542ab-b978-5e62-a00a-7d8810242e1f,completed_in_time,45.70400000000018
b2-p3-fixed-2,infra-smoke-3644e4e8-58cd-5fb4-960a-9dc19ec69566,completed_in_time,46.016000000000076
b2-p3-fixed-2,infra-smoke-f61b516b-081f-511c-81f1-b166f91334f5,completed_in_time,45.6869999999999
b2-p3-fixed-2,infra-smoke-d9816b24-bbdf-5159-a9c7-9fee7576d4a8,completed_in_time,45.608999999999924
b2-p3-fixed-2,infra-smoke-f256960a-3349-5b09-85b0-9bde5ac06ea6,completed_in_time,45.5619999999999
b2-p3-fixed-2,infra-smoke-5fcea130-e2ef-5167-a3b8-9bcbd831519b,completed_in_time,45.70400000000018
b2-p3-fixed-2,infra-smoke-9d28766e-627e-5c32-8a05-acd697844542,completed_in_time,45.702999999999975
b2-p3-fixed-2,infra-smoke-6ced9af0-2133-57e9-b405-293a9280e0a1,completed_in_time,45.875
b2-p3-fixed-2,infra-smoke-980b99fe-724c-511c-957e-2c342847b406,completed_in_time,45.577999999999975
b2-p3-fixed-2,infra-smoke-3a0ddb8f-9ac8-5925-aefa-c57706b8810b,completed_in_time,45.96900000000005
b2-p3-fixed-2,infra-smoke-a6f14890-fc95-5979-a76c-c46cf56d5208,completed_in_time,45.608999999999924
b2-p3-fixed-2,infra-smoke-5c1cb3f3-7181-5c73-86c8-010d0d0613ec,completed_in_time,45.71900000000005
b2-p3-fixed-2,infra-smoke-724a627f-314f-5eef-963f-fa97ef66cc07,completed_in_time,45.9369999999999
b2-p3-fixed-2,infra-smoke-ec084184-8f38-578a-9ae0-409e31f1eac5,completed_in_time,45.6869999999999
b2-p3-fixed-2,infra-smoke-91bdf1ed-7a4e-577e-8a8d-ffaa71ef2d77,completed_in_time,46.48500000000013
b2-p3-fixed-2,infra-smoke-d4a97600-f295-5a13-872d-6870b03fa5aa,completed_in_time,46.077999999999975
b2-p3-fixed-2,infra-smoke-30f9b24a-9be9-5074-82f9-2cea2fcbb264,completed_in_time,46.13999999999987
b2-p3-fixed-2,infra-smoke-7646ba52-d2a0-5d99-9bf0-6b0cdc128763,completed_in_time,46.233999999999924
b2-p3-fixed-2,infra-smoke-569b14c4-15d5-5644-885a-2cd9c80520b6,completed_in_time,45.952999999999975
b2-p3-fixed-2,infra-smoke-484a7bea-dc74-5d72-8e7b-fa06e4d8013f,completed_in_time,46.0
b2-p3-fixed-2,infra-smoke-1caf3c98-6bc2-5138-9e02-c48defb16813,completed_in_time,46.391000000000076
b2-p3-fixed-2,infra-smoke-1861a80f-28a3-5bc3-bf1d-7a0e61c2119e,completed_in_time,45.797000000000025
b2-p3-fixed-2,infra-smoke-515b6c80-c62e-5173-9294-9eebc251e445,completed_in_time,46.125
b2-p3-fixed-2,infra-smoke-9af513fe-ab21-5a22-9d62-6f2d087a0369,completed_in_time,46.202999999999975
b2-p3-fixed-2,infra-smoke-c54f9be1-b982-509b-9428-a26e09833636,completed_in_time,46.23500000000013
b2-p3-fixed-2,infra-smoke-07ed6b43-0ecd-57d6-afbc-12353d9cda15,completed_in_time,46.38999999999987
b2-p3-fixed-2,infra-smoke-bf39600e-c8cd-5bc9-88b0-6f1361949ae3,completed_in_time,46.28099999999995
b2-p3-fixed-2,infra-smoke-5dff665f-9d75-59f1-9447-2ce4b409e9aa,completed_in_time,46.483999999999924
b2-p3-fixed-2,infra-smoke-8d0db453-4fdf-5f8d-b1cf-cffd067d46e8,completed_in_time,46.608999999999924
b2-p3-fixed-2,infra-smoke-e9c0053e-eaae-52cb-a596-2693955b82ca,completed_in_time,46.01499999999987
b2-p3-fixed-2,infra-smoke-d7546477-8ddd-57e7-8273-f5444cac233e,completed_in_time,46.233999999999924
b2-p3-fixed-2,infra-smoke-db85a681-69ab-5c3f-b1ca-6549ae199376,completed_in_time,46.3119999999999
b2-p3-fixed-2,infra-smoke-b2a419f1-f88d-53b0-a1cd-19b843ded609,completed_in_time,46.422000000000025
b2-p3-fixed-2,infra-smoke-027c4175-2352-5b56-b693-5b4ac9c6357b,completed_in_time,46.40599999999995
b2-p3-fixed-2,infra-smoke-60768528-6025-5614-8733-b1b29e092cbc,completed_in_time,46.6869999999999
b2-p3-fixed-2,infra-smoke-d5f4104e-4f11-5ec0-a187-5a9885a2a972,completed_in_time,46.5
b2-p3-fixed-2,infra-smoke-a797eaa4-8449-519d-96b9-2306bad96b0b,completed_in_time,47.108999999999924
b2-p3-fixed-2,infra-smoke-05e6f714-3e4d-5f76-bd7a-aca151d0cbb4,completed_in_time,46.59299999999985
b2-p3-fixed-2,infra-smoke-6c407c77-561f-5004-9403-4d6a67e7a83a,completed_in_time,46.88999999999987
b2-p3-fixed-2,infra-smoke-9446b1ef-fb51-5926-9a80-1f1f7cda0e40,completed_in_time,46.88999999999987
b2-p3-fixed-2,infra-smoke-197abbd9-2664-54ad-b85f-35281fa7e6cc,completed_in_time,47.01499999999987
b2-p3-fixed-2,infra-smoke-03300954-3d04-5d69-9d08-c1a81e19abfb,completed_in_time,47.202999999999975
b2-p3-fixed-2,infra-smoke-c1cbb9c3-e7e1-51e0-b118-fe60c6e8e375,completed_in_time,47.0
b2-p3-fixed-2,infra-smoke-0ca5712c-a9b5-55df-becb-29ae89824c27,completed_in_time,47.28099999999995
b2-p3-fixed-2,infra-smoke-ce8f12b1-331e-5cc3-82cb-393d1d1e8a99,completed_in_time,46.88999999999987
b2-p3-fixed-2,infra-smoke-0a369eb1-8e4f-568f-8956-d646dd85314c,completed_in_time,47.391000000000076
b2-p3-fixed-2,infra-smoke-7ea44411-4191-5caa-8b32-4f387ca9e90b,completed_in_time,46.922000000000025
b2-p3-fixed-2,infra-smoke-3b3c5f9b-4212-5af3-8cfc-37ed3932a27a,completed_in_time,46.891000000000076
b2-p3-fixed-2,infra-smoke-25ccf302-293c-5c1c-8e9a-61d96fec1a2e,completed_in_time,46.90599999999995
b2-p3-fixed-2,infra-smoke-60b2a654-8d7e-525e-850b-cb6df01101d5,completed_in_time,47.422000000000025
b2-p3-fixed-2,infra-smoke-80ecbe4e-ce8b-515e-9550-e8d767831660,completed_in_time,47.28099999999995
b2-p3-fixed-2,infra-smoke-1e0cc1f8-2393-5b52-bad7-9bd3f5b19220,completed_in_time,47.202999999999975
b2-p3-fixed-2,infra-smoke-d8a1527d-571b-59e8-a6f3-8505d361ae7d,completed_in_time,47.0
b2-p3-fixed-2,infra-smoke-259572d2-191d-5bf0-b03c-9045900a28fd,completed_in_time,46.891000000000076
b2-p3-fixed-2,infra-smoke-f85bbec4-a822-5791-a7b4-d9d575c97ba6,completed_in_time,47.09400000000005
b2-p3-fixed-2,infra-smoke-f263ef38-de53-5d10-8a0a-cab41af1737f,completed_in_time,47.20400000000018
b2-p3-fixed-2,infra-smoke-e0d24735-c315-51af-b3a5-6050330b0629,completed_in_time,47.125
b2-p3-fixed-2,infra-smoke-ea40242e-c097-50e1-a562-8f53501fed24,completed_in_time,47.375
b2-p3-fixed-2,infra-smoke-53017504-fa6a-5cc8-bb63-8775b4c2163f,completed_in_time,47.577999999999975
b2-p3-fixed-2,infra-smoke-3179e75e-0995-5a6f-b9c7-7990f0ca80f5,completed_in_time,47.21900000000005
b2-p3-fixed-2,infra-smoke-b3b39443-00dd-5dff-b36e-17cf07b2454f,completed_in_time,47.09400000000005
b2-p3-fixed-2,infra-smoke-f5432e7f-c717-5f83-aec6-8d7600d202ca,completed_in_time,47.0
b2-p3-fixed-2,infra-smoke-4b806b41-de0d-5044-ad7d-7823632765ca,completed_in_time,47.0630000000001
b2-p3-fixed-2,infra-smoke-98d931d6-8225-55a8-af19-112f96a240fc,completed_in_time,47.577999999999975
b2-p3-fixed-2,infra-smoke-b49f79eb-753c-5c19-9c4b-a4ec1bc3be6c,completed_in_time,47.202999999999975
b2-p3-fixed-2,infra-smoke-15f31689-44c4-525c-817c-eab406f34be8,completed_in_time,47.1880000000001
b2-p3-fixed-2,infra-smoke-853f5376-4469-5ad0-bb03-ff383c278d1f,completed_in_time,47.077999999999975
b2-p3-fixed-2,infra-smoke-5566df42-77df-5651-a5af-06d26815b67f,completed_in_time,46.983999999999924
b2-p3-fixed-2,infra-smoke-ac649c06-2a2a-53dc-b6e1-931ac37e3bc4,completed_in_time,47.125
b2-p3-fixed-2,infra-smoke-c07b3b97-de8b-5665-9372-6e6bc995d842,completed_in_time,47.46799999999985
b2-p3-fixed-2,infra-smoke-dd71bbf8-ab28-5d5d-aaff-993a4418a6b5,completed_in_time,47.202999999999975
b2-p3-fixed-2,infra-smoke-c1f6dd13-5dc1-51b4-b968-35f79c3aa767,completed_in_time,47.391000000000076
b2-p3-fixed-2,infra-smoke-6b138d66-b74c-545a-a533-6f0acc392c9b,completed_in_time,47.577999999999975
b2-p3-fixed-2,infra-smoke-09d9dd83-4618-57ec-8b93-3941e7b6a6d1,completed_in_time,47.59400000000005
b2-p3-fixed-2,infra-smoke-02db39e4-f83b-5e82-803d-b2351d9aa117,completed_in_time,47.422000000000025
b2-p3-fixed-2,infra-smoke-5f60cf5e-fbf9-57b6-95c0-7bf2080f76be,completed_in_time,47.3119999999999
b2-p3-fixed-2,infra-smoke-c64165ab-97fc-5849-9dc9-379d95fd502b,completed_in_time,47.422000000000025
b2-p3-fixed-2,infra-smoke-d2d2dc8d-c244-5e2d-8de0-e2d3f08c7a43,completed_in_time,47.5619999999999
b2-p3-fixed-2,infra-smoke-6d7041a5-c715-5c98-b66f-2b5bc3ad6f1d,completed_in_time,47.59400000000005
b2-p3-fixed-2,infra-smoke-db43414b-c0ef-5121-a569-61fba1c38c86,completed_in_time,47.797000000000025
b2-p3-fixed-2,infra-smoke-5d0891f0-347f-533a-9eaa-0e9412ea06d4,completed_in_time,47.78200000000015
b2-p3-fixed-2,infra-smoke-fde90982-b2af-57ab-8720-d9f0e2b60be0,completed_in_time,47.59400000000005
b2-p3-fixed-2,infra-smoke-1563e3df-91a6-5eab-a9b2-7b8a8ee60bf0,completed_in_time,47.6869999999999
b2-p3-fixed-2,infra-smoke-d255cf41-4785-5b00-8c87-5db5df80a64a,completed_in_time,48.11000000000013
b2-p3-fixed-2,infra-smoke-5fc2be1f-c418-5acc-b181-cf7f204658e0,completed_in_time,47.391000000000076
b2-p3-fixed-2,infra-smoke-713c91ca-ccfd-5ca1-9161-78fc6815e42c,completed_in_time,47.88999999999987
b2-p3-fixed-2,infra-smoke-e5f4af47-6244-577d-9f08-4ace679a6bed,completed_in_time,47.702999999999975
b2-p3-fixed-2,infra-smoke-78c48b16-b8cd-58ac-be4e-ecf0ea9fe9e0,completed_in_time,47.6880000000001
b2-p3-fixed-2,infra-smoke-3c2f21d0-5fdb-5499-9d44-0bab9a3ee434,completed_in_time,48.422000000000025
b2-p3-fixed-2,infra-smoke-77455e69-a87f-5094-83c8-5afb78505e8a,completed_in_time,47.92099999999982
b2-p3-fixed-2,infra-smoke-ea29c7fb-3dc0-5f15-a096-45f310fcaa77,completed_in_time,47.6880000000001
b2-p3-fixed-2,infra-smoke-cfa4a03b-3865-5725-83ab-448fad2447d1,completed_in_time,48.0619999999999
b2-p3-fixed-2,infra-smoke-286f4355-ad40-58ae-96e9-b9cf39261920,completed_in_time,48.1869999999999
b2-p3-fixed-2,infra-smoke-292115b0-92e4-5301-9c73-ad48b5a53848,completed_in_time,48.172000000000025
b2-p3-fixed-2,infra-smoke-9fd605ae-338e-53a2-abb4-1c5df0879872,completed_in_time,48.202999999999975
b2-p3-fixed-2,infra-smoke-9c535d66-44b7-5255-8dcb-b25f4afee932,completed_in_time,48.422000000000025
b2-p3-fixed-2,infra-smoke-a2d1b6e0-2f2c-5a2a-8a31-770a4c7e10ca,completed_in_time,48.3130000000001
b2-p3-fixed-2,infra-smoke-53678805-c144-57e7-92db-86a1f9da547a,completed_in_time,48.59400000000005
b2-p3-fixed-2,infra-smoke-b66aca73-d5e0-5846-bb55-0f4b02a1dcb1,completed_in_time,48.3119999999999
b2-p3-fixed-2,infra-smoke-3f7734bc-203b-52b0-9b78-1d1e8719ddfb,completed_in_time,48.375
b2-p3-fixed-2,infra-smoke-16ba656c-1921-549b-abdc-981d96ac0497,completed_in_time,48.59299999999985
b2-p3-fixed-2,infra-smoke-62783341-37e4-5b25-8d49-105454f5fd0e,completed_in_time,47.922000000000025
b2-p3-fixed-2,infra-smoke-f361f38f-eb45-554e-a953-90024cb19064,completed_in_time,48.09299999999985
b2-p3-fixed-2,infra-smoke-9c2f6245-a652-51af-a8b9-1e7b8d62527e,completed_in_time,48.40700000000015
b2-p3-fixed-2,infra-smoke-8220a25b-e0c7-5adc-92bc-93c71d942f55,completed_in_time,48.04599999999982
b2-p3-fixed-2,infra-smoke-3c6ce6e7-2781-51d3-bfb6-3b746dcb2fae,completed_in_time,48.21799999999985
b2-p3-fixed-2,infra-smoke-cc5d3d26-6f19-5fd4-89f8-cd5e8b324c95,completed_in_time,48.233999999999924
b2-p3-fixed-2,infra-smoke-46e22706-e3ce-5891-9f13-77781a06d91a,completed_in_time,48.90700000000015
b2-p3-fixed-2,infra-smoke-23ef2a8b-0009-5ba0-96b6-454e092f2a47,completed_in_time,48.672000000000025
b2-p3-fixed-2,infra-smoke-633dbf6c-80d6-5c67-8322-76702aed2ff7,completed_in_time,48.5619999999999
b2-p3-fixed-2,infra-smoke-bc568246-bc06-57eb-bcfa-aecb9ba852e4,completed_in_time,48.922000000000025
b2-p3-fixed-2,infra-smoke-68339698-e00f-5024-80b8-9b558d13f371,completed_in_time,48.88999999999987
b2-p3-fixed-2,infra-smoke-5a4a212f-2f5f-5a4e-a00d-422add04fd3f,completed_in_time,48.8130000000001
b2-p3-fixed-2,infra-smoke-b5922a1a-769e-5b5b-93e6-316455445a55,completed_in_time,48.76499999999987
b2-p3-fixed-2,infra-smoke-75ca60e8-7a93-5622-89f3-eb4062ec9f9a,completed_in_time,48.90599999999995
b2-p3-fixed-2,infra-smoke-790b3b65-4148-52a6-9677-64485a097a81,completed_in_time,48.78099999999995
b2-p3-fixed-2,infra-smoke-77f49df6-2fd6-54c7-be9b-4b4e3108aa59,completed_in_time,48.733999999999924
b2-p3-fixed-2,infra-smoke-92c587ca-f850-502d-9d1a-478d90c75124,completed_in_time,48.96900000000005
b2-p3-fixed-2,infra-smoke-88873f24-9c8c-5b13-b5c3-5edb2b2d1311,completed_in_time,49.09299999999985
b2-p3-fixed-2,infra-smoke-cebf0a22-09e0-5f7e-9439-2e3cb738bfb2,completed_in_time,49.077999999999975
b2-p3-fixed-2,infra-smoke-3347149b-cfff-54c7-a7e8-72c6a3b8b5b9,completed_in_time,48.827999999999975
b2-p3-fixed-2,infra-smoke-978da31a-aac3-5422-aec0-51fc3659fd1f,completed_in_time,49.202999999999975
b2-p3-fixed-2,infra-smoke-8fe39711-4767-521d-9703-624b170c711f,completed_in_time,48.766000000000076
b2-p3-fixed-2,infra-smoke-e4ef9da7-e5fa-59e5-b8a1-ae7e1cde8744,completed_in_time,48.702999999999975
b2-p3-fixed-2,infra-smoke-746e03df-88e9-57ea-97c8-bc6d0b32b69d,completed_in_time,49.125
b2-p3-fixed-2,infra-smoke-8a856b80-65bf-5a52-ba52-832b560d4d10,completed_in_time,48.73500000000013
b2-p3-fixed-2,infra-smoke-f63d18db-5dd5-564e-a1ff-2b737caa3fd9,completed_in_time,49.0
b2-p3-fixed-2,infra-smoke-9245f19d-b661-5a79-a72c-5eb89d66f8bf,completed_in_time,49.5
b2-p3-fixed-2,infra-smoke-0bed4771-e5c2-52d7-9bb6-d956c7dbb36f,completed_in_time,48.9369999999999
b2-p3-fixed-2,infra-smoke-40c820a3-d45e-5cd3-b7f2-21f8998af0e0,completed_in_time,49.327999999999975
b2-p3-fixed-2,infra-smoke-775cb232-e76d-557a-bc52-cc563e4b97e6,completed_in_time,49.375
b2-p3-fixed-2,infra-smoke-91bc1868-06c1-5340-bbcf-f1f83c1a3230,completed_in_time,48.1869999999999
b2-p3-fixed-2,infra-smoke-b0822423-8950-555d-b3cb-9ce8a1550459,completed_in_time,49.28099999999995
b2-p3-fixed-2,infra-smoke-73bfb102-49e6-5347-88fe-60049f1b2f28,completed_in_time,49.327999999999975
b2-p3-fixed-2,infra-smoke-69b750ea-672d-5bfc-924c-a55daa062630,completed_in_time,49.297000000000025
b2-p3-fixed-2,infra-smoke-73c54275-8a1f-5a98-ac8a-3974e965095b,completed_in_time,49.391000000000076
b2-p3-fixed-2,infra-smoke-6e2e81de-05bb-5582-b211-c0244153b6c3,completed_in_time,49.327999999999975
b2-p3-fixed-2,infra-smoke-82a305e7-3d4a-5876-a79b-d950269e6dc2,completed_in_time,49.5
b2-p3-fixed-2,infra-smoke-26360f54-b152-5aae-a329-3503a18db043,completed_in_time,49.375
b2-p3-fixed-2,infra-smoke-4a6e4af6-5f6e-52f0-bcc4-c9391c79bf59,completed_in_time,49.1869999999999
b2-p3-fixed-2,infra-smoke-f41992d5-eced-5a91-8f95-69b47f56415f,completed_in_time,49.1869999999999
b2-p3-fixed-2,infra-smoke-a9757fd6-352a-50a6-b44a-34f6fb1df69c,completed_in_time,48.96900000000005
b2-p3-fixed-2,infra-smoke-8e247b0e-453f-573e-b97f-fccba57ef827,completed_in_time,49.28099999999995
b2-p3-fixed-2,infra-smoke-d107d46c-b400-537c-a88f-f098e76fc137,completed_in_time,49.28099999999995
b2-p3-fixed-2,infra-smoke-1c669bd5-d7b6-5d9f-832c-5c3e36e0dc6f,completed_in_time,49.46900000000005
b2-p3-fixed-2,infra-smoke-a911297c-65b8-5b55-8fcb-538a2f56ff5a,completed_in_time,49.391000000000076
b2-p3-fixed-2,infra-smoke-3923206b-d4b4-5fa5-9930-3bb888db23f6,completed_in_time,49.40599999999995
b2-p3-fixed-2,infra-smoke-c904ca71-5d84-576e-abf9-c9dd3c202bc8,completed_in_time,49.40599999999995
b2-p3-fixed-2,infra-smoke-de63fcf9-10d9-53d0-811d-55ef78452de4,completed_in_time,49.0
b2-p3-fixed-2,infra-smoke-cdb4eb79-034a-5cd7-b46b-e876ccfb7846,completed_in_time,49.59400000000005
b2-p3-fixed-2,infra-smoke-6d9f5d05-1006-5ff5-a06a-3dfa3673bcdb,completed_in_time,49.90599999999995
b2-p3-fixed-2,infra-smoke-b804d7fb-2d0c-52f9-8120-ef2ca3d3fb1d,completed_in_time,50.0
b2-p3-fixed-2,infra-smoke-13189098-6d5a-515a-bca7-9113f35cc712,completed_in_time,49.483999999999924
b2-p3-fixed-2,infra-smoke-be9652df-9b92-51af-aa73-39cc7f523868,completed_in_time,49.73500000000013
b2-p3-fixed-2,infra-smoke-56bb01f6-9530-5d1c-9678-0e0cdf357ede,completed_in_time,49.797000000000025
b2-p3-fixed-2,infra-smoke-a3856f9b-d347-5126-badb-cb9de6bcb847,completed_in_time,50.01499999999987
b2-p3-fixed-2,infra-smoke-f59c45a0-0d46-5bb9-9782-2169683e9834,completed_in_time,49.9380000000001
b2-p3-fixed-2,infra-smoke-7288dcd4-3938-59fd-bc76-2dbf41d2425e,completed_in_time,50.38999999999987
b2-p3-fixed-2,infra-smoke-094166c1-6703-5e70-bcea-1c697bf2a844,completed_in_time,50.40599999999995
b2-p3-fixed-2,infra-smoke-da77499b-77a2-5fe1-9115-3ed4b5df1e0d,completed_in_time,50.202999999999975
b2-p3-fixed-2,infra-smoke-f12b183f-837e-5754-938d-ec2f476c6f12,completed_in_time,49.702999999999975
b2-p3-fixed-2,infra-smoke-92003ab4-bc39-5f15-a55e-e660d8a709a7,completed_in_time,50.3119999999999
b2-p3-fixed-2,infra-smoke-40bb9750-4bbc-5cac-abdd-89b10a40bde3,completed_in_time,50.202999999999975
b2-p3-fixed-2,infra-smoke-8994da35-d1b4-5c68-88ec-60483b7b79cf,completed_in_time,50.09400000000005
b2-p3-fixed-2,infra-smoke-035e182a-81e3-5c44-9cf8-4c7403f3666d,completed_in_time,49.983999999999924
b2-p3-fixed-2,infra-smoke-b00dd81f-dfb2-52a8-aa76-1a8595611d3a,completed_in_time,50.03099999999995
b2-p3-fixed-2,infra-smoke-cb3641e8-05fd-5ffd-98f8-dbe7a888f747,completed_in_time,50.11000000000013
b2-p3-fixed-2,infra-smoke-864d81ea-c5cb-5900-863a-1cee9b61d539,completed_in_time,50.391000000000076
b2-p3-fixed-2,infra-smoke-f07ec285-28ff-5d88-a7c1-1a7ab783544d,completed_in_time,50.5
b2-p3-fixed-2,infra-smoke-571f387a-a9c0-5b19-9ba9-5733ae9b43e2,completed_in_time,50.422000000000025
b2-p3-fixed-2,infra-smoke-5cba8836-800e-5c14-b303-c31d89427652,completed_in_time,50.61000000000013
b2-p3-fixed-2,infra-smoke-fdb96b96-8972-5922-9124-117ae782b64a,completed_in_time,50.516000000000076
b2-p3-fixed-2,infra-smoke-bc8dbace-9af2-5564-8241-ddf5536ea4a2,completed_in_time,50.59400000000005
b2-p3-fixed-2,infra-smoke-285cb661-ebe9-5666-a5f7-375b9d47d160,completed_in_time,50.608999999999924
b2-p3-fixed-2,infra-smoke-8fdad31b-d670-5db2-9a09-4fccc3f74bec,completed_in_time,50.71900000000005
b2-p3-fixed-2,infra-smoke-d3a28898-d40e-554a-9a93-cf6ec4d663e7,completed_in_time,50.672000000000025
b2-p3-fixed-2,infra-smoke-ada80817-b3e0-5a33-b393-88bb29fb43b5,completed_in_time,50.672000000000025
b2-p3-fixed-2,infra-smoke-261f6cee-c2a0-50c9-bcbf-891c5465631f,completed_in_time,50.577999999999975
b2-p3-fixed-2,infra-smoke-94acef3a-49f3-55b5-9259-d8342953f28d,completed_in_time,50.5
b2-p3-fixed-2,infra-smoke-c8d17061-d8e3-52f6-9cf0-b3371353c6cc,completed_in_time,50.1869999999999
b2-p3-fixed-2,infra-smoke-69343fc6-9482-50e3-a5b9-3394949b25d7,completed_in_time,50.202999999999975
b2-p3-fixed-2,infra-smoke-35d41178-dbb1-542b-92b9-68d31777a852,completed_in_time,50.077999999999975
b2-p3-fixed-2,infra-smoke-9e1c1118-3799-5db6-99ca-a422f7647035,completed_in_time,50.21900000000005
b2-p3-fixed-2,infra-smoke-a81e1bb0-a1db-5b34-abc8-ab9e9972ad22,completed_in_time,50.29599999999982
b2-p3-fixed-2,infra-smoke-b1f273ec-535b-5e6f-b2e8-d9070aa5bce0,completed_in_time,50.09299999999985
b2-p3-fixed-2,infra-smoke-c5aee0d2-7acd-5974-948d-692aa59c9af9,completed_in_time,50.21900000000005
b2-p3-fixed-2,infra-smoke-478f9b44-ce4d-5db0-ad96-0617dae2ecde,completed_in_time,50.79599999999982
b2-p3-fixed-2,infra-smoke-ee61a7b8-074c-5dd2-b181-e4da9264c0c9,completed_in_time,50.672000000000025
b2-p3-fixed-2,infra-smoke-0c71d466-0718-56a5-a171-d6e79b55d966,completed_in_time,50.4380000000001
b2-p3-fixed-2,infra-smoke-c1ae4954-312d-5997-a76a-a5ea13b9eb7d,completed_in_time,50.608999999999924
b2-p3-fixed-2,infra-smoke-9f9ee6d7-1df4-5728-93ab-27c65bff63ec,completed_in_time,50.70400000000018
b2-p3-fixed-2,infra-smoke-2222d65a-2cef-5e17-aa6a-3410164474dc,completed_in_time,50.797000000000025
b2-p3-fixed-2,infra-smoke-0e129f48-7dcf-564f-befc-1b98170651d8,completed_in_time,50.90599999999995
b2-p3-fixed-2,infra-smoke-1f7d475b-f849-52dc-90e0-73cd94c1770b,completed_in_time,51.21799999999985
b2-p3-fixed-2,infra-smoke-712a1f88-4c54-57e1-8b95-3b95b7b355f9,completed_in_time,50.6869999999999
b2-p3-fixed-2,infra-smoke-40f6fa42-49e1-5d6f-87ac-0ea155c87595,completed_in_time,50.797000000000025
b2-p3-fixed-2,infra-smoke-acfc189b-e9c0-5171-bc15-210a7bd8b1a1,completed_in_time,51.11000000000013
b2-p3-fixed-2,infra-smoke-b8aecba7-c758-518c-9fee-bec233c3d55f,completed_in_time,50.608999999999924
b2-p3-fixed-2,infra-smoke-750e05f5-767a-557d-9e25-7389e820d997,completed_in_time,50.82900000000018
b2-p3-fixed-2,infra-smoke-2c3faa5b-16c3-5e6d-87d6-671a3e8a35b4,completed_in_time,50.8130000000001
b2-p3-fixed-2,infra-smoke-8c3ced51-0d64-518f-8061-6dc71f1ac82b,completed_in_time,51.38999999999987
b2-p3-fixed-2,infra-smoke-55afb4d9-895c-5968-91db-b6b5ba00c495,completed_in_time,51.016000000000076
b2-p3-fixed-2,infra-smoke-2f341023-7c9c-5c58-9c3a-70e2dc341ae4,completed_in_time,51.125
b2-p3-fixed-2,infra-smoke-ec8c8918-7125-57a1-8d7f-3969b2ed6824,completed_in_time,51.625
b2-p3-fixed-2,infra-smoke-aa1c968a-360a-5a7a-955d-1a218c4805cf,completed_in_time,51.59400000000005
b2-p3-fixed-2,infra-smoke-6e633028-2287-585c-af95-56b61147e16c,completed_in_time,51.422000000000025
b2-p3-fixed-2,infra-smoke-52f444e3-2196-572d-93aa-0306ac25c1ec,completed_in_time,51.51499999999987
b2-p3-fixed-2,infra-smoke-49fc6593-cddd-5980-85df-4f709bb429be,completed_in_time,51.53099999999995
b2-p3-fixed-2,infra-smoke-016ff77f-e1d9-548e-8aa2-21783889f4ad,completed_in_time,51.59400000000005
b2-p3-fixed-2,infra-smoke-68afbb05-7ba4-5b97-a07b-531586160230,completed_in_time,51.797000000000025
b2-p3-fixed-2,infra-smoke-72a93ab2-59ee-57c3-9f63-b7bfd44fc666,completed_in_time,51.625
b2-p3-fixed-2,infra-smoke-84c52932-a1e4-5443-b36b-0b46584b4514,completed_in_time,51.6880000000001
b2-p3-fixed-2,infra-smoke-b4f5fd70-54bc-5fbf-902f-a6129f1d5a8c,completed_in_time,51.78099999999995
b2-p3-fixed-2,infra-smoke-41451297-8bc1-552b-bf21-280f6438c0ea,completed_in_time,51.297000000000025
b2-p3-fixed-2,infra-smoke-0a3a02d2-004b-598f-a818-5939416dc209,completed_in_time,51.6880000000001
b2-p3-fixed-2,infra-smoke-06d0b05d-c2fc-5839-af50-60a0e777a479,completed_in_time,51.6880000000001
b2-p3-fixed-2,infra-smoke-c59e2206-d6a5-5110-be2f-202617c75a50,completed_in_time,51.51499999999987
b2-p3-fixed-2,infra-smoke-6282f3b9-1d97-5564-b554-2849bb9afb65,completed_in_time,51.70400000000018
b2-p3-fixed-2,infra-smoke-abbce5e3-fcf1-59f4-9978-243b80b8bca4,completed_in_time,51.90599999999995
b2-p3-fixed-2,infra-smoke-789f2ad7-cf70-5d29-8ebe-67318f2f97e4,completed_in_time,51.73500000000013
b2-p3-fixed-2,infra-smoke-158c1e71-d958-5bc6-a37e-4078e385b29a,completed_in_time,51.875
b2-p3-fixed-2,infra-smoke-2afe6ca0-2e83-5265-a818-d14e86ae8035,completed_in_time,50.827999999999975
b2-p3-fixed-2,infra-smoke-c4611725-1464-5a48-abaf-217ebc7eee5e,completed_in_time,51.4380000000001
b2-p3-fixed-2,infra-smoke-da8955af-115c-5b55-96b9-1a1df0cd7124,completed_in_time,51.86000000000013
b2-p3-fixed-2,infra-smoke-8481fd8e-8049-5f80-b647-b3864d2c65aa,completed_in_time,51.21900000000005
b2-p3-fixed-2,infra-smoke-79b55776-961f-51d3-8f1c-662c04923a4f,completed_in_time,51.797000000000025
b2-p3-fixed-2,infra-smoke-e395073a-6dbd-5fe9-8439-1bf61e5dca5c,completed_in_time,51.922000000000025
b2-p3-fixed-2,infra-smoke-a4220f36-b079-5a64-9283-e3c822fa2ded,completed_in_time,52.1869999999999
b2-p3-fixed-2,infra-smoke-399b4c7b-0afb-5b64-9245-29200cc9c4f7,completed_in_time,51.98500000000013
b2-p3-fixed-2,infra-smoke-637814ff-0cda-517e-933e-3811fdddc65e,completed_in_time,52.28099999999995
b2-p3-fixed-2,infra-smoke-50305430-92dc-5244-8365-b74eafed7d74,completed_in_time,51.59400000000005
b2-p3-fixed-2,infra-smoke-b91f4f32-59be-5aba-bf88-747252ae3cf6,completed_in_time,51.61000000000013
b2-p3-fixed-2,infra-smoke-d3d5eb69-5199-5536-a156-58fd2026c855,completed_in_time,52.077999999999975
b2-p3-fixed-2,infra-smoke-2f6cc962-9959-5148-9ce3-8a25602956a6,completed_in_time,51.90599999999995
b2-p3-fixed-2,infra-smoke-eafa0dab-3d5e-5b9e-9f65-f9ef7ad275e9,completed_in_time,52.09400000000005
b2-p3-fixed-2,infra-smoke-c6e6f032-2f70-5467-828a-cffa5d25444a,completed_in_time,52.28099999999995
b2-p3-fixed-2,infra-smoke-21fccdbb-efbf-5d67-8b32-fa3699af6eb8,completed_in_time,52.391000000000076
b2-p3-fixed-2,infra-smoke-6684bd5a-4d6d-5c71-a46a-717a73a54283,completed_in_time,52.28099999999995
b2-p3-fixed-2,infra-smoke-93302e3d-b44b-5ce0-8fd2-88f7e722dfb9,completed_in_time,52.09299999999985
b2-p3-fixed-2,infra-smoke-2f771e4d-06d9-55f9-9fbf-5f2a9e0f3b49,completed_in_time,52.46900000000005
b2-p3-fixed-2,infra-smoke-29250bc8-80ba-5891-b441-65b368b9b022,completed_in_time,52.21900000000005
b2-p3-fixed-2,infra-smoke-4b56f6df-cdd6-50b9-9c16-baeb01600ab0,completed_in_time,52.21900000000005
b2-p3-fixed-2,infra-smoke-7c9a587b-af95-5a06-b9f0-3d3557cd60ba,completed_in_time,52.21900000000005
b2-p3-fixed-2,infra-smoke-7646d82e-dc99-5fca-b337-9ea0607f664a,completed_in_time,52.391000000000076
b2-p3-fixed-2,infra-smoke-e151f0eb-0d33-52f3-b643-aad719cbaa06,completed_in_time,52.90599999999995
b2-p3-fixed-2,infra-smoke-0e3c33ca-ade4-5f7c-95f0-fb18d6e2b726,completed_in_time,52.391000000000076
b2-p3-fixed-2,infra-smoke-86ec5520-5291-5019-aa30-dfeb8bd297cc,completed_in_time,52.266000000000076
b2-p3-fixed-2,infra-smoke-c3eb5c09-bc4c-513a-8c1e-51d9f0546cd6,completed_in_time,52.3130000000001
b2-p3-fixed-2,infra-smoke-4141cfc9-b503-50fa-966c-669efbb1fadd,completed_in_time,52.38999999999987
b2-p3-fixed-2,infra-smoke-a5676a69-342e-521b-ab00-fb3f0cb348bc,completed_in_time,52.40599999999995
b2-p3-fixed-2,infra-smoke-911b1013-a2a1-5392-b50f-2fc29de1ec74,completed_in_time,52.483999999999924
b2-p3-fixed-2,infra-smoke-8139dd57-4c4a-5d3f-b1e0-090645e3827e,completed_in_time,52.608999999999924
b2-p3-fixed-2,infra-smoke-10aca846-d496-5994-9afd-1a7e0d69849a,completed_in_time,52.3130000000001
b2-p3-fixed-2,infra-smoke-055870f7-91c9-54f3-bb3c-84b59c2d8db0,completed_in_time,52.6869999999999
b2-p3-fixed-2,infra-smoke-74d8a5a2-3701-5793-8696-93d6a6a38930,completed_in_time,52.983999999999924
b2-p3-fixed-2,infra-smoke-8297a446-63a0-5c9e-bc49-ba365169ad87,completed_in_time,52.46900000000005
b2-p3-fixed-2,infra-smoke-ca9ccade-3902-53e4-8917-2137115880d2,completed_in_time,52.90599999999995
b2-p3-fixed-2,infra-smoke-d29cb254-5509-5a15-b9bd-271c47ad624c,completed_in_time,52.922000000000025
b2-p3-fixed-2,infra-smoke-2976d652-4350-511a-b075-2f61d02a85fe,completed_in_time,52.59400000000005
b2-p3-fixed-2,infra-smoke-1d77aea6-4998-5d28-8cd1-b2b8250264fa,completed_in_time,53.0630000000001
b2-p3-fixed-2,infra-smoke-23e87118-cf5f-548a-a9ca-ab729f87b5cb,completed_in_time,52.875
b2-p3-fixed-2,infra-smoke-f6d74091-d6d8-5bfe-b69d-78538a663272,completed_in_time,53.0
b2-p3-fixed-2,infra-smoke-5971b4b0-c8c8-5284-9ef0-fd7adeae59bf,completed_in_time,53.1869999999999
b2-p3-fixed-2,infra-smoke-691964a6-d58b-5917-aa2f-8da6682b828f,completed_in_time,53.09299999999985
b2-p3-fixed-2,infra-smoke-e606d12f-1787-52e9-96e4-3b52ddd70e67,completed_in_time,53.108999999999924
b2-p3-fixed-2,infra-smoke-a41c8b19-a4e9-5611-904d-9586b14c38a0,completed_in_time,53.09400000000005
b2-p3-fixed-2,infra-smoke-f79d7c99-dd67-5171-93d0-9a34d52370b7,completed_in_time,53.172000000000025
b2-p3-fixed-2,infra-smoke-bbc3aba2-b972-5d03-b72a-00526a3b0d96,completed_in_time,53.108999999999924
b2-p3-fixed-2,infra-smoke-3f50788a-6b63-54e7-ba35-cb0ac8e22c3c,completed_in_time,53.1880000000001
b2-p3-fixed-2,infra-smoke-4c06bae8-3619-5941-b3a5-eec1d83cd255,completed_in_time,53.1880000000001
b2-p3-fixed-2,infra-smoke-604efb60-3ca3-58d6-b071-2d2efbf51fe0,completed_in_time,53.15700000000015
b2-p3-fixed-2,infra-smoke-72f18f01-5530-50cb-a109-e193c7cce5b5,completed_in_time,53.125
b2-p3-fixed-2,infra-smoke-cb8da6cb-ef86-5535-87e9-cadc3cdd920a,completed_in_time,53.15599999999995
b2-p3-fixed-2,infra-smoke-46c28151-3e2b-5080-b20b-c66fc1ccce38,completed_in_time,54.09400000000005
b2-p3-fixed-2,infra-smoke-cca88647-5c4e-571d-b38f-656e114afeea,completed_in_time,53.71799999999985
b2-p3-fixed-2,infra-smoke-2661695c-51ae-57cf-86a2-0e2a2b431815,completed_in_time,53.375
b2-p3-fixed-2,infra-smoke-10b2a998-1893-5087-abee-2225b70808d4,completed_in_time,53.422000000000025
b2-p3-fixed-2,infra-smoke-67c17960-90e6-5f97-b764-7015445dd8a2,completed_in_time,53.625
b2-p3-fixed-2,infra-smoke-7b47a322-ec41-511a-b0df-ec2f5cae138b,completed_in_time,53.797000000000025
b2-p3-fixed-2,infra-smoke-b0eae264-e3da-5a87-9cde-cc05813562b4,completed_in_time,53.702999999999975
b2-p3-fixed-2,infra-smoke-94095c4c-53c9-50c6-a7b8-47112016fa64,completed_in_time,53.5
b2-p3-fixed-2,infra-smoke-7b466c94-ee5e-55bc-8c61-4482d4f8b5bf,completed_in_time,53.827999999999975
b2-p3-fixed-2,infra-smoke-fd34b0ff-7237-5df1-97ab-f5e8f4719969,completed_in_time,53.59400000000005
b2-p3-fixed-2,infra-smoke-696a03f0-6ae9-510a-ab5a-00680f27db7f,completed_in_time,53.4380000000001
b2-p3-fixed-2,infra-smoke-e280ec90-7b4d-5813-885e-7c81787ca9a7,completed_in_time,53.202999999999975
b2-p3-fixed-2,infra-smoke-06915a63-a445-5664-9298-682db75e8e99,completed_in_time,53.202999999999975
b2-p3-fixed-2,infra-smoke-15a17b05-8758-53e7-97bf-7191849c8802,completed_in_time,53.172000000000025
b2-p3-fixed-2,infra-smoke-3e583805-d3be-5c04-9374-7983dafea301,completed_in_time,53.21900000000005
b2-p3-fixed-2,infra-smoke-456f2fa3-0d14-5344-a1e4-9d069109ba3e,completed_in_time,52.84400000000005
b2-p3-fixed-2,infra-smoke-5902026a-509b-5e85-a452-0d21526bd10f,completed_in_time,53.40599999999995
b2-p3-fixed-2,infra-smoke-171b1fc5-8728-5c27-821f-76e9ceb4cb07,completed_in_time,53.38999999999987
b2-p3-fixed-2,infra-smoke-a8607aad-d91a-5868-bb8a-017fe5133d33,completed_in_time,53.75
b2-p3-fixed-2,infra-smoke-795ad6b5-65ff-5f1d-a3d5-a5bff6c50c89,completed_in_time,52.875
b2-p3-fixed-2,infra-smoke-05037a9b-52d6-55ee-a058-d341c40c25a0,completed_in_time,52.88999999999987
b2-p3-fixed-2,infra-smoke-fea17028-07fa-58f2-ac92-01bf3b21d1f7,completed_in_time,53.266000000000076
b2-p3-fixed-2,infra-smoke-aab945b0-8a74-5c98-818a-5abb09a61e8c,completed_in_time,53.59400000000005
b2-p3-fixed-2,infra-smoke-ba344109-0985-50db-bcc6-e1465f75d0a3,completed_in_time,53.3130000000001
b2-p3-fixed-2,infra-smoke-c3c31417-a51f-5550-b94b-f96b4bb1021c,completed_in_time,53.01499999999987
b2-p3-fixed-2,infra-smoke-5876eb73-c504-55cd-bbdb-4cfa7339057a,completed_in_time,53.125
b2-p3-fixed-2,infra-smoke-74dcc0fa-d957-5af2-80d0-31352f4d8988,completed_in_time,53.858999999999924
b2-p3-fixed-2,infra-smoke-46d6d437-6749-5295-9869-0afc4568603c,completed_in_time,53.077999999999975
b2-p3-fixed-2,infra-smoke-fb3e13b0-fc4d-5eea-a19e-e52fb6fc0369,completed_in_time,52.48500000000013
b2-p3-fixed-2,infra-smoke-f0ccc707-2e38-5986-a097-ed3d3f4cb5b9,completed_in_time,53.78099999999995
b2-p3-fixed-2,infra-smoke-e242bd63-69dd-5b10-9128-0d8a0ec0b446,completed_in_time,53.108999999999924
b2-p3-fixed-2,infra-smoke-9cfa0ec0-a3b5-553e-8370-7b5b5dda921e,completed_in_time,53.26499999999987
b2-p3-fixed-2,infra-smoke-e2b58005-1dd2-5c53-ac2b-1416855612b5,completed_in_time,53.20400000000018
b2-p3-fixed-2,infra-smoke-ae394256-79de-58c6-918c-dfe581c97e5a,completed_in_time,53.202999999999975
b2-p3-fixed-2,infra-smoke-15f5e638-acd1-5aa3-a58e-7261aa0fcbaf,completed_in_time,53.858999999999924
b2-p3-fixed-2,infra-smoke-c2a0b0c5-aa5c-556c-b9e8-d8f9257e73e9,completed_in_time,52.625
b2-p3-fixed-2,infra-smoke-cf5e7b76-36dd-5352-af7e-a25c6e200c00,completed_in_time,53.40599999999995
b2-p3-fixed-2,infra-smoke-d9e3de54-b5b4-5040-838a-a9c9cd353744,completed_in_time,53.90599999999995
b2-p3-fixed-2,infra-smoke-3e548983-a161-5eb9-b9f0-4569af0b445b,completed_in_time,54.0
b2-p3-fixed-2,infra-smoke-9477228b-621b-5aec-9cbc-357032f8eed9,completed_in_time,53.90700000000015
b2-p3-fixed-2,infra-smoke-49a49068-a3da-5b49-a348-9b3c3c39dde3,completed_in_time,54.03099999999995
b2-p3-fixed-2,infra-smoke-3554723e-1509-5c9a-8546-079ee4278c3d,completed_in_time,53.8119999999999
b2-p3-fixed-2,infra-smoke-a8881d5a-1f4a-52a7-8eb7-a88d0b37470a,completed_in_time,53.922000000000025
b2-p3-fixed-2,infra-smoke-68314bea-ce64-59a5-9946-9ffe5217ab56,completed_in_time,53.672000000000025
b2-p3-fixed-2,infra-smoke-bea322f7-f352-5496-8aad-41f2093e6393,completed_in_time,53.891000000000076
b2-p3-fixed-2,infra-smoke-d7702d00-e439-5dff-84fc-a88e44d18a81,completed_in_time,53.625
b2-p3-fixed-2,infra-smoke-80199ec8-87b0-5f30-8922-48b750ee61ff,completed_in_time,53.702999999999975
b2-p3-fixed-2,infra-smoke-ae7ff771-b93d-5a1d-9cf0-81f1045ca7ae,completed_in_time,53.922000000000025
b2-p3-fixed-2,infra-smoke-f5d3e3e4-c7d7-5cc5-8572-e099d044dd29,completed_in_time,53.797000000000025
b2-p3-fixed-2,infra-smoke-3b8e4af3-406d-5cfa-97a4-48967a6fedf2,completed_in_time,54.6880000000001
b2-p3-fixed-2,infra-smoke-0eaed7fc-bde4-5201-8744-8f7ba6c8d00d,completed_in_time,54.78099999999995
b2-p3-fixed-2,infra-smoke-ac0b58c2-125f-5557-9c53-02a5be990d25,completed_in_time,54.577999999999975
b2-p3-fixed-2,infra-smoke-59ea51dd-c0d5-5f5b-8284-5641b252db97,completed_in_time,54.625
b2-p3-fixed-2,infra-smoke-717d459b-02d8-518c-bd7b-13791918a978,completed_in_time,54.4380000000001
b2-p3-fixed-2,infra-smoke-35a5e1aa-0c2c-5d7e-be56-68a5d162eaa7,completed_in_time,54.48500000000013
b2-p3-fixed-2,infra-smoke-42f90c84-9005-5be7-87d6-1192b67c2c34,completed_in_time,54.65599999999995
b2-p3-fixed-2,infra-smoke-8b9046df-6f9b-5f03-9103-00b9aff409d5,completed_in_time,54.672000000000025
b2-p3-fixed-2,infra-smoke-c8cd932e-7840-5034-a218-cea9d17c9e75,completed_in_time,54.88999999999987
b2-p3-fixed-2,infra-smoke-dd50aabf-6230-5f1b-a00c-6756addeae5b,completed_in_time,54.53099999999995
b2-p3-fixed-2,infra-smoke-cbc492d6-477c-5a93-b722-bcfc95b60977,completed_in_time,54.71900000000005
b2-p3-fixed-2,infra-smoke-46a2fef4-f3fb-56bd-9fc1-eab1449cb2b4,completed_in_time,54.6869999999999
b2-p3-fixed-2,infra-smoke-03c6ed85-62a8-574a-a177-bf0ee129482e,completed_in_time,54.82900000000018
b2-p3-fixed-2,infra-smoke-cf312f26-b485-503e-b846-8261eac7296b,completed_in_time,54.672000000000025
b2-p3-fixed-2,infra-smoke-85a9bd00-801e-5734-aca1-84a7c1ae2f5e,completed_in_time,54.6869999999999
b2-p3-fixed-2,infra-smoke-b606355e-28c9-5b5c-b5a9-042bad25ea72,completed_in_time,54.797000000000025
b2-p3-fixed-2,infra-smoke-8c7827fd-a71b-52f4-a0bc-c972bce72321,completed_in_time,54.8119999999999
b2-p3-fixed-2,infra-smoke-4d3cd616-5c49-5b22-a4af-09ae87823e6e,completed_in_time,55.1869999999999
b2-p3-fixed-2,infra-smoke-04fb6524-4e48-5164-acf7-7314274e4964,completed_in_time,55.32900000000018
b2-p3-fixed-2,infra-smoke-1a728bda-b108-52c5-b4b7-ab45c4f9fb12,completed_in_time,54.90599999999995
b2-p3-fixed-2,infra-smoke-35bddbee-8006-519c-8c9a-cfaf3e78adc2,completed_in_time,54.922000000000025
b2-p3-fixed-2,infra-smoke-ff57c8a0-908d-5313-8381-d6423311b841,completed_in_time,54.90599999999995
b2-p3-fixed-2,infra-smoke-fffa97f1-e960-54d4-bcab-e250bd019f2f,completed_in_time,55.577999999999975
b2-p3-fixed-2,infra-smoke-13643aed-a59f-5cd7-9a93-7137e2cad989,completed_in_time,55.0630000000001
b2-p3-fixed-2,infra-smoke-736dafc6-c885-5507-93e3-e68fd8112b17,completed_in_time,55.077999999999975
b2-p3-fixed-2,infra-smoke-987b65ac-767a-52bf-af97-c6003188c3de,completed_in_time,55.09400000000005
b2-p3-fixed-2,infra-smoke-834ba70c-c83d-588f-9549-04ca9c4febe4,completed_in_time,55.1869999999999
b2-p3-fixed-2,infra-smoke-02ec872f-338a-5840-ba6b-77fb531d8ec5,completed_in_time,55.3130000000001
b2-p3-fixed-2,infra-smoke-85240f4e-45dd-5435-96ad-6d0d21c243a8,completed_in_time,55.0
b2-p3-fixed-2,infra-smoke-51b75eb1-1ab5-532f-9845-d07085559e59,completed_in_time,55.4380000000001
b2-p3-fixed-2,infra-smoke-09221b81-8f0f-5bbe-bdad-05c59364a5e0,completed_in_time,55.40599999999995
b2-p3-fixed-2,infra-smoke-65f938a4-4e88-50c1-8cf6-823154ba7cd7,completed_in_time,55.391000000000076
b2-p3-fixed-2,infra-smoke-8022972e-1a73-55da-8b92-4a13360081f4,completed_in_time,55.1880000000001
b2-p3-fixed-2,infra-smoke-0117431a-3a31-555f-bf0b-ba20911bfe98,completed_in_time,55.11000000000013
b2-p3-fixed-2,infra-smoke-db6bfd40-ef79-5c9b-bde5-7003eb4a0eff,completed_in_time,55.3130000000001
b2-p3-fixed-2,infra-smoke-77181f6f-b008-546c-b69d-25bb99612872,completed_in_time,55.391000000000076
b2-p3-fixed-2,infra-smoke-6374f19e-4bcb-5631-a4e0-fc88e9c54104,completed_in_time,54.983999999999924
b2-p3-fixed-2,infra-smoke-363ce90b-f5c5-5eb3-ba21-6a5917203284,completed_in_time,55.202999999999975
b2-p3-fixed-2,infra-smoke-eb9efeea-de31-506d-aaf7-7b2c95897a33,completed_in_time,55.38999999999987
b2-p3-fixed-2,infra-smoke-693123f9-e19f-57ef-aeda-7a4c78d19624,completed_in_time,55.59400000000005
b2-p3-fixed-2,infra-smoke-4fe1a726-e49f-5783-9306-6a9ed1bef87b,completed_in_time,55.5
b2-p3-fixed-2,infra-smoke-c47359cd-b790-52f7-aa02-98ab0bb892d9,completed_in_time,55.391000000000076
b2-p3-fixed-2,infra-smoke-d095b82a-521b-588c-84a3-695dcaa9c01a,completed_in_time,55.78099999999995
b2-p3-fixed-2,infra-smoke-84f0f93a-77dd-5113-8bf4-373f3b3937e3,completed_in_time,55.375
b2-p3-fixed-2,infra-smoke-16c3734e-bd47-5bac-bdf1-560780fdd7be,completed_in_time,55.28099999999995
b2-p3-fixed-2,infra-smoke-c08f7535-e55c-578b-88bc-c469cda453ff,completed_in_time,55.71900000000005
b2-p3-fixed-2,infra-smoke-d155b003-3153-5e5f-bb62-6c56d65232a8,completed_in_time,55.797000000000025
b2-p3-fixed-2,infra-smoke-8d208970-eb70-5d15-ad56-f2f609afd984,completed_in_time,55.5
b2-p3-fixed-2,infra-smoke-a72306f3-6be9-5255-b52d-fb7b08d83dd3,completed_in_time,55.78099999999995
b2-p3-fixed-2,infra-smoke-edf4d8c8-5346-5920-8a42-1392d96f8a30,completed_in_time,56.03200000000015
b2-p3-fixed-2,infra-smoke-59d43735-d410-5d07-9862-f125aec9bcd2,completed_in_time,56.016000000000076
b2-p3-fixed-2,infra-smoke-7649a1bb-167c-573b-a501-e220162166d5,completed_in_time,55.875
b2-p3-fixed-2,infra-smoke-af28c81a-2965-550b-8346-5e98265be2c1,completed_in_time,56.11000000000013
b2-p3-fixed-2,infra-smoke-56d42309-aa22-5699-bfa1-26c468c769de,completed_in_time,55.8130000000001
b2-p3-fixed-2,infra-smoke-2722838e-aa7d-54ff-b8be-0f4da7a093ac,completed_in_time,55.9369999999999
b2-p3-fixed-2,infra-smoke-85b3cac3-1b84-5a0c-b0ce-24d0def023b3,completed_in_time,55.98500000000013
b2-p3-fixed-2,infra-smoke-86e63152-8a72-534c-bb61-aba93e8e8967,completed_in_time,56.5
b2-p3-fixed-2,infra-smoke-80ef024b-8f70-59f5-84c3-38f9376c74b9,completed_in_time,56.172000000000025
b2-p3-fixed-2,infra-smoke-dcc430ea-ed6c-59cc-8a65-a7dd13d268eb,completed_in_time,55.71900000000005
b2-p3-fixed-2,infra-smoke-9d811f8a-f5da-5c5e-b570-ade9c3edaafb,completed_in_time,56.3130000000001
b2-p3-fixed-2,infra-smoke-aa87dd79-711c-59c9-999e-d91f58354d12,completed_in_time,55.983999999999924
b2-p3-fixed-2,infra-smoke-5b0f289e-41ce-5789-be97-72789cefe8eb,completed_in_time,56.125
b2-p3-fixed-2,infra-smoke-b0a93465-cf95-5c9e-bc44-e3b0203ad8ae,completed_in_time,56.202999999999975
b2-p3-fixed-2,infra-smoke-67dc4eb9-d74d-5a3e-a056-5b77dce3cc5d,completed_in_time,56.077999999999975
b2-p3-fixed-2,infra-smoke-17252446-e8a4-5fea-9aa1-75ee22418c0a,completed_in_time,56.59299999999985
b2-p3-fixed-2,infra-smoke-fd92ee8e-3992-5e47-b4bc-5d0480814c66,completed_in_time,56.09400000000005
b2-p3-fixed-2,infra-smoke-f3d904d6-92db-5235-b801-9b2001d754dd,completed_in_time,56.202999999999975
b2-p3-fixed-2,infra-smoke-4dd99854-50bc-5045-97e8-5031372851f9,completed_in_time,56.297000000000025
b2-p3-fixed-2,infra-smoke-67457d27-a05a-5d57-a8b6-d6c69daea1d2,completed_in_time,56.297000000000025
b2-p3-fixed-2,infra-smoke-bcd4b194-f714-5fdb-bb41-d9ffd8410a63,completed_in_time,56.09400000000005
b2-p3-fixed-2,infra-smoke-a9b108a9-1672-5e8e-8a15-605ae6053578,completed_in_time,56.21900000000005
b2-p3-fixed-2,infra-smoke-f2a4b232-b0a2-5848-8482-263e3883eb78,completed_in_time,56.21900000000005
b2-p3-fixed-2,infra-smoke-4dd2f6e1-8e13-5249-b297-88f194d491b8,completed_in_time,56.3119999999999
b2-p3-fixed-2,infra-smoke-f3069232-633e-5849-b003-5e0f2b4caeba,completed_in_time,56.0
b2-p3-fixed-2,infra-smoke-f5065e04-d54b-5a09-b0d0-89e6d3675f33,completed_in_time,56.40599999999995
b2-p3-fixed-2,infra-smoke-7e797adf-c641-56a5-914c-712b014f205f,completed_in_time,56.40599999999995
b2-p3-fixed-2,infra-smoke-73d0d5e6-48d7-5fdd-88dd-6224b369e736,completed_in_time,56.6869999999999
b2-p3-fixed-2,infra-smoke-3cfe2fed-4744-58ed-8acf-6642ef3bcdf5,completed_in_time,56.25
b2-p3-fixed-2,infra-smoke-d72021b7-e5ec-51de-b857-b4b53c58b513,completed_in_time,57.0
b2-p3-fixed-2,infra-smoke-19e84188-acc9-5619-aa02-3f92396ee3cc,completed_in_time,56.672000000000025
b2-p3-fixed-2,infra-smoke-c72b4cc3-5b84-5c3d-a971-dd364420ecb7,completed_in_time,56.327999999999975
b2-p3-fixed-2,infra-smoke-2595e029-77e5-5204-8cdf-bf2a04bfd98e,completed_in_time,56.53099999999995
b2-p3-fixed-2,infra-smoke-2accc5d1-b61a-5040-879a-7e734cb370c3,completed_in_time,56.5
b2-p3-fixed-2,infra-smoke-e283366d-496f-58ae-ac88-9e4b5d90daea,completed_in_time,56.672000000000025
b2-p3-fixed-2,infra-smoke-67956bc5-ce7b-5bf8-a0d8-6ea0aa810de0,completed_in_time,57.047000000000025
b2-p3-fixed-2,infra-smoke-9cda9bf9-5bba-5187-a9fe-556aec13d23d,completed_in_time,56.797000000000025
b2-p3-fixed-2,infra-smoke-bb88e73f-26cb-57ad-bafd-d7c5f6f96688,completed_in_time,56.702999999999975
b2-p3-fixed-2,infra-smoke-3b1d6074-41f1-59c6-9d55-522d4020f66f,completed_in_time,56.11000000000013
b2-p3-fixed-2,infra-smoke-fb2fd171-fa6e-57f1-9ee7-ccf66c263764,completed_in_time,56.78099999999995
b2-p3-fixed-2,infra-smoke-2ba12e92-3abf-5ecf-bdba-9f58a16fbddc,completed_in_time,56.88999999999987
b2-p3-fixed-2,infra-smoke-2522889a-9263-5233-be2a-ecf2cd42ae43,completed_in_time,56.702999999999975
b2-p3-fixed-2,infra-smoke-8a96f5cc-0104-537e-bcbd-27ea781ad1dd,completed_in_time,56.702999999999975
b2-p3-fixed-2,infra-smoke-23baab33-4fe1-5395-ac89-1e6c6af0b4c8,completed_in_time,57.07900000000018
b2-p3-fixed-2,infra-smoke-c7f424a2-c7e6-5865-99fb-f8c09c7a0212,completed_in_time,56.547000000000025
b2-p3-fixed-2,infra-smoke-c9717e1a-a18e-56a2-93ad-6cf3463d5b5e,completed_in_time,56.86000000000013
b2-p3-fixed-2,infra-smoke-fef2584b-c745-59ac-a002-7da02281dab4,completed_in_time,56.6880000000001
b2-p3-fixed-2,infra-smoke-8fc57b7f-5c5b-5555-a3da-90e9e461947a,completed_in_time,56.51499999999987
b2-p3-fixed-2,infra-smoke-1deed1ee-8c5e-5669-89cf-f115f3577809,completed_in_time,56.78099999999995
b2-p3-fixed-2,infra-smoke-3e430292-3182-5693-9afc-33f12b63b0d1,completed_in_time,56.40599999999995
b2-p3-fixed-2,infra-smoke-304a1737-9d61-5922-819e-8153664f5df0,completed_in_time,56.51499999999987
b2-p3-fixed-2,infra-smoke-7121adfd-e851-54c3-b22c-b938ecdb854f,completed_in_time,56.827999999999975
b2-p3-fixed-2,infra-smoke-323603fc-e8ba-50e5-8271-c217a8b321b7,completed_in_time,57.016000000000076
b2-p3-fixed-2,infra-smoke-d9aebe28-da73-5ab3-8610-98f18e69bbff,completed_in_time,57.375
b2-p3-fixed-2,infra-smoke-2f36db23-82d0-5d31-8fc2-503852056a3b,completed_in_time,57.297000000000025
b2-p3-fixed-2,infra-smoke-b6eaf034-be64-50d2-afab-7bb1cbed206e,completed_in_time,57.358999999999924
b2-p3-fixed-2,infra-smoke-9c96509c-b3c9-538f-b561-47b41d29bdc9,completed_in_time,57.297000000000025
b2-p3-fixed-2,infra-smoke-f3f62d55-7647-5cca-89b7-efe06ce4a57a,completed_in_time,57.125
b2-p3-fixed-2,infra-smoke-886ec33d-5489-51c2-b74a-72c9c36b484f,completed_in_time,57.391000000000076
b2-p3-fixed-2,infra-smoke-eb4eae95-4d0f-5671-9beb-8b15e60277f2,completed_in_time,57.202999999999975
b2-p3-fixed-2,infra-smoke-0be49a48-7552-52e1-93be-f7c32fd4064c,completed_in_time,57.3119999999999
b2-p3-fixed-2,infra-smoke-c34dca56-27ee-5fdb-a62e-add57b75dc4a,completed_in_time,57.4369999999999
b2-p3-fixed-2,infra-smoke-e33ad232-ac9b-5c06-b0f2-8a6b0ac20591,completed_in_time,57.608999999999924
b2-p3-fixed-2,infra-smoke-42b5c018-6c6e-5bae-b2a3-56b76bfdf13e,completed_in_time,57.5
b2-p3-fixed-2,infra-smoke-c5deaccb-4e22-5a96-9b84-8e8f12e6c687,completed_in_time,57.422000000000025
b2-p3-fixed-2,infra-smoke-e3eb5781-7b4d-5bc9-a3c6-1acad3ff230a,completed_in_time,57.8119999999999
b2-p3-fixed-2,infra-smoke-3aab1de6-1103-5d68-8c65-3c6260e157a1,completed_in_time,57.5
b2-p3-fixed-2,infra-smoke-f45e8f90-032c-5f3f-b0c3-8e4d917f84a2,completed_in_time,57.827999999999975
b2-p3-fixed-2,infra-smoke-c149e0c8-056e-5c45-baa1-044fe7daba6f,completed_in_time,57.8119999999999
b2-p3-fixed-2,infra-smoke-1fefa62b-109b-5127-b635-002afc7290fc,completed_in_time,57.90599999999995
b2-p3-fixed-2,infra-smoke-8698e34e-bb8d-5dbc-839f-15fbb2c0c8ae,completed_in_time,57.73500000000013
b2-p3-fixed-2,infra-smoke-408f8366-35ca-5eed-a869-a5f0f194ac45,completed_in_time,57.797000000000025
b2-p3-fixed-2,infra-smoke-6c8b2cf4-ae59-506b-9f0b-6d3479268c03,completed_in_time,57.90599999999995
b2-p3-fixed-2,infra-smoke-e25ad7e3-2e99-5881-ad4d-0629f1b224ce,completed_in_time,58.1869999999999
b2-p3-fixed-2,infra-smoke-d44852a5-909d-568e-8d17-79acdaddd665,completed_in_time,58.0
b2-p3-fixed-2,infra-smoke-2731fbdc-a283-524e-b1c6-ce2c677f5104,completed_in_time,58.46900000000005
b2-p3-fixed-2,infra-smoke-e1979a85-5ae7-576e-8576-8cf0b80359f6,completed_in_time,57.983999999999924
b2-p3-fixed-2,infra-smoke-4ee49b48-033a-56f9-9648-d9c20c89c3be,completed_in_time,57.327999999999975
b2-p3-fixed-2,infra-smoke-58ce72f1-97e3-5b42-9e3d-6dc0c86736ee,completed_in_time,57.46900000000005
b2-p3-fixed-2,infra-smoke-f213b073-d195-522a-b36b-d84bc467b4ff,completed_in_time,58.28099999999995
b2-p3-fixed-2,infra-smoke-0b4f9c58-a17a-51a4-8824-d513ded4bcc3,completed_in_time,57.891000000000076
b2-p3-fixed-2,infra-smoke-b9a66274-0cce-5828-89a9-97826a944cf4,completed_in_time,57.702999999999975
b2-p3-fixed-2,infra-smoke-7e1bc64e-741a-526d-b77c-2fa6122b0547,completed_in_time,58.483999999999924
b2-p3-fixed-2,infra-smoke-e9d0b7fd-1b34-56a8-9ae7-f660da5be13c,completed_in_time,58.0
b2-p3-fixed-2,infra-smoke-1715a009-5b68-5fb2-bde9-496adcd472bb,completed_in_time,58.0
b2-p3-fixed-2,infra-smoke-c8b776eb-2c9b-5d8c-8f6b-a0b6269e5d41,completed_in_time,58.01499999999987
b2-p3-fixed-2,infra-smoke-6288de4b-6b4c-59dc-a3af-c7778789f400,completed_in_time,58.38999999999987
b2-p3-fixed-2,infra-smoke-8ea6b481-eb42-5386-b1d7-8a5d109d5eb4,completed_in_time,57.90599999999995
b2-p3-fixed-2,infra-smoke-fa1c799e-2939-56bb-b196-0f3efd8bc81a,completed_in_time,58.40700000000015
b2-p3-fixed-2,infra-smoke-8f27a624-ce78-5d57-9632-2cd3c318ab1b,completed_in_time,57.90700000000015
b2-p3-fixed-2,infra-smoke-b6a29a86-6f77-58f0-949e-c51ebe5f5967,completed_in_time,57.9369999999999
b2-p3-fixed-2,infra-smoke-af667fef-3c28-57f4-97b9-403c4ea18170,completed_in_time,57.891000000000076
b2-p3-fixed-2,infra-smoke-0e668e1d-4b23-50b4-83c5-df7eaf342fdb,completed_in_time,58.202999999999975
b2-p3-fixed-2,infra-smoke-c67222e4-ced8-585b-8cef-a71841297031,completed_in_time,57.702999999999975
b2-p3-fixed-2,infra-smoke-879c4fd1-5be4-569b-b92c-d3f4e403cc15,completed_in_time,57.483999999999924
b2-p3-fixed-2,infra-smoke-9518f82e-0f9a-5ef7-90d5-82d3a6afdb14,completed_in_time,57.8130000000001
b2-p3-fixed-2,infra-smoke-ba01caae-289a-5553-b939-b2e704c1e948,completed_in_time,58.577999999999975
b2-p3-fixed-2,infra-smoke-05205937-2980-56c0-8930-fe57ffdd0ce8,completed_in_time,57.6880000000001
b2-p3-fixed-2,infra-smoke-82257a20-5992-54c0-a788-8afb243e7eea,completed_in_time,57.90599999999995
b2-p3-fixed-2,infra-smoke-654efa95-6f7c-5907-bd07-8d4a1f3326c1,completed_in_time,57.90700000000015
b2-p3-fixed-2,infra-smoke-5d9572fd-a26f-5bed-be14-c5effefb41d0,completed_in_time,58.672000000000025
b2-p3-fixed-2,infra-smoke-dd8f68df-6d5b-57da-873a-f8e9467f9250,completed_in_time,57.983999999999924
b2-p3-fixed-2,infra-smoke-3d1fa0b8-71f0-5392-911b-b6cd296c157e,completed_in_time,58.3119999999999
b2-p3-fixed-2,infra-smoke-559921ed-d236-54ee-be72-152084677eef,completed_in_time,58.297000000000025
b2-p3-fixed-2,infra-smoke-9963a93e-385b-5cf5-a7a6-7231d6dc1d39,completed_in_time,58.40599999999995
b2-p3-fixed-2,infra-smoke-4f885312-165f-5530-b73c-af41de4e39bd,completed_in_time,58.38999999999987
b2-p3-fixed-2,infra-smoke-e94b778f-4be4-5a8f-ac56-c4fecf6da872,completed_in_time,58.8119999999999
b2-p3-fixed-2,infra-smoke-2bcf375a-2793-5f8e-ad25-4abff0f71588,completed_in_time,58.702999999999975
b2-p3-fixed-2,infra-smoke-9d965d93-2f50-51be-84b8-8e8d29d36142,completed_in_time,58.61000000000013
b2-p3-fixed-2,infra-smoke-ff160ec3-d3d8-5118-bf74-df6ba530c9d0,completed_in_time,58.516000000000076
b2-p3-fixed-2,infra-smoke-154c7ef3-c11b-580d-8a3d-40fbafe46ae3,completed_in_time,58.6869999999999
b2-p3-fixed-2,infra-smoke-94f3c6bb-8f06-5072-97c2-757de9d65043,completed_in_time,58.8119999999999
b2-p3-fixed-2,infra-smoke-87c35385-28fe-5a48-aafa-4827d2f1fdb8,completed_in_time,59.1869999999999
b2-p3-fixed-2,infra-smoke-00f67b43-e26a-56de-a13c-a28eff0dc50c,completed_in_time,58.797000000000025
b2-p3-fixed-2,infra-smoke-6c20f803-7820-5a8c-8c4c-5441e7aeac37,completed_in_time,58.90700000000015
b2-p3-fixed-2,infra-smoke-aa60969d-ddb5-55f8-8e09-2a44e88631c9,completed_in_time,59.0
b2-p3-fixed-2,infra-smoke-9dbf7693-395a-508f-a377-2ff70331ef9a,completed_in_time,58.96900000000005
b2-p3-fixed-2,infra-smoke-74628ae8-856c-5fa2-8acb-e1c5cdc67829,completed_in_time,57.8119999999999
b2-p3-fixed-2,infra-smoke-3f9b5708-2f6f-5c7c-aad6-2f8267c3e4d8,completed_in_time,57.88999999999987
b2-p3-fixed-2,infra-smoke-e4942b14-a401-5bc6-b0a3-3b1d4133917d,completed_in_time,57.672000000000025
b2-p3-fixed-2,infra-smoke-6144c88f-bd3d-51c1-8327-58e0b5302419,completed_in_time,57.28099999999995
b2-p3-fixed-2,infra-smoke-8ed402b1-af5d-5607-aec1-4d3adc0ed67e,completed_in_time,56.59400000000005
b2-p3-fixed-2,infra-smoke-96c6e321-d8d2-5a35-ae33-42cdf6b4dd5d,completed_in_time,56.108999999999924
b2-p3-fixed-2,infra-smoke-150b99e9-456c-51c2-a19e-ffc4b6b50734,completed_in_time,56.016000000000076
b2-p3-fixed-2,infra-smoke-ff3baa7c-5dc4-521b-8526-312adf9264c0,completed_in_time,55.375
b2-p3-fixed-2,infra-smoke-54b32485-76ac-5e7a-8d5f-0e442a346e0e,completed_in_time,54.875
b2-p3-fixed-2,infra-smoke-b52c96ec-17bb-5f75-a55c-1aabae2bf455,completed_in_time,54.73500000000013
b2-p3-fixed-2,infra-smoke-cb1363b9-84c9-5a20-b65c-f04764366e4e,completed_in_time,53.84400000000005
b2-p3-fixed-2,infra-smoke-95f3b8e6-65cc-550f-97e2-098658e136af,completed_in_time,53.797000000000025
b2-p3-fixed-2,infra-smoke-ac0e035c-9f89-5819-bbdf-1b716c1d8d05,completed_in_time,53.48500000000013
b2-p3-fixed-2,infra-smoke-d8b8672e-095e-58d7-9a70-98619150f3d1,completed_in_time,53.03099999999995
b2-p3-fixed-2,infra-smoke-76a97279-7476-5b48-ae5e-b315238fb783,completed_in_time,52.46900000000005
b2-p3-fixed-2,infra-smoke-82fdc540-7a3c-5931-a0ef-c7db71dd9d86,completed_in_time,51.702999999999975
b2-p3-fixed-2,infra-smoke-4e1d640d-9a77-52ae-b25c-38cf4e7e12b8,completed_in_time,51.71900000000005
b2-p3-fixed-2,infra-smoke-479c426d-3990-564c-8f09-77fcf6703ea7,completed_in_time,51.1869999999999
b2-p3-fixed-2,infra-smoke-69f014b5-6269-5b3b-9d81-a907432612f3,completed_in_time,50.891000000000076
b2-p3-fixed-2,infra-smoke-d586098a-b583-54fe-968d-95bb9f2c4409,completed_in_time,50.391000000000076
b2-p3-fixed-2,infra-smoke-749fe7cb-e2e1-5136-8304-e6f46cc1fdbf,completed_in_time,49.9369999999999
b2-p3-fixed-2,infra-smoke-d2f850bc-be10-52bb-aef1-99190907f53c,completed_in_time,49.51499999999987
b2-p3-fixed-2,infra-smoke-a0c1a1a6-a8b9-5a65-b67f-dd3c7339e9e9,completed_in_time,48.96900000000005
b2-p3-fixed-2,infra-smoke-406e7790-d262-5e07-9764-ca774f720c48,completed_in_time,48.483999999999924
b2-p3-fixed-2,infra-smoke-3542d90c-01a2-5486-8a71-44efe673826b,completed_in_time,48.125
b2-p3-fixed-2,infra-smoke-8556e176-a533-56f0-83a1-842ec9a60fcf,completed_in_time,47.28200000000015
b2-p3-fixed-2,infra-smoke-8379c9ab-9ce3-5413-97b1-71e694d0114e,completed_in_time,46.75
b2-p3-fixed-2,infra-smoke-79f52c28-80c7-58e0-a1f0-e0f48c3b46e4,completed_in_time,46.452999999999975
b3-p1-fixed-2,infra-smoke-f3bd558e-556c-5962-abea-bd7d0c9d6d07,completed_in_time,4.671999999999571
b3-p1-fixed-2,infra-smoke-0161fad5-e58e-5bb5-8376-e8f6576444f5,completed_in_time,4.233999999999469
b3-p1-fixed-2,infra-smoke-e5e06ea7-c692-5f1a-a46b-58bd7270ef10,completed_in_time,3.70299999999952
b3-p1-fixed-2,infra-smoke-b4764a0c-1f6b-5817-baaa-96006113a6dc,completed_in_time,3.219000000000051
b3-p1-fixed-2,infra-smoke-eb9ef1a8-01d7-515a-aa05-a4decc640115,completed_in_time,2.75
b3-p1-fixed-2,infra-smoke-307f3593-c206-5c80-99cb-a2fd697b9ba3,completed_in_time,2.2659999999996217
b3-p1-fixed-2,infra-smoke-e37bbf3c-0177-54f7-ae1e-0a7575b8c5e8,completed_in_time,1.719000000000051
b3-p1-fixed-2,infra-smoke-0aae68b6-438f-5836-9e0c-e76f9f0b68a4,completed_in_time,6.219000000000051
b3-p1-fixed-2,infra-smoke-7d185dfd-0150-5d00-ba9f-af6eb7ae0053,completed_in_time,6.015000000000327
b3-p1-fixed-2,infra-smoke-ff0a6380-e9ac-580d-959b-cc592b9b7dab,completed_in_time,5.344000000000051
b3-p1-fixed-2,infra-smoke-ba3dc3f7-8c16-59f7-8764-4c737ce29bc3,completed_in_time,4.9210000000002765
b3-p1-fixed-2,infra-smoke-fa8d4f0e-bc6b-58b0-8262-b7c57b7569e9,completed_in_time,4.515999999999622
b3-p1-fixed-2,infra-smoke-0fab97d9-2831-531f-b12a-2e25e4e73149,completed_in_time,4.04700000000048
b3-p1-fixed-2,infra-smoke-f7e17afd-1647-5084-8a7b-e023141311e1,completed_in_time,3.5
b3-p1-fixed-2,infra-smoke-439126e2-cf93-5989-911e-58dce8b9fb3b,completed_in_time,3.0469999999995707
b3-p1-fixed-2,infra-smoke-f70f3ae7-1fd2-50bd-be04-7ad386c283e1,completed_in_time,2.5159999999996217
b3-p1-fixed-2,infra-smoke-b9ecce2b-d53a-5078-8f5e-17db1611ad55,completed_in_time,2.030999999999949
b3-p1-fixed-2,infra-smoke-a8f2d465-7b37-5b81-8768-26d641e594a6,completed_in_time,6.516000000000531
b3-p1-fixed-2,infra-smoke-9652e608-75f3-5f71-a89b-47ecdd5a3aac,completed_in_time,5.9210000000002765
b3-p1-fixed-2,infra-smoke-923883dc-32ba-5aa9-9bcc-7bb3fc0ee88b,completed_in_time,5.280999999999949
b3-p1-fixed-2,infra-smoke-566a7885-606b-573a-85c6-9ccf07c8a5c8,completed_in_time,4.953000000000429
b3-p1-fixed-2,infra-smoke-cfb90584-9653-5548-92f2-1a172f0d9380,completed_in_time,4.5
b3-p1-fixed-2,infra-smoke-6643f6d9-3306-5324-8b3b-3c34562b0243,completed_in_time,3.936999999999898
b3-p1-fixed-2,infra-smoke-dfe2c2f0-18ea-5501-8bca-2890561dde37,completed_in_time,3.54700000000048
b3-p1-fixed-2,infra-smoke-48bf695a-e802-5b49-a296-a0de4dd852d9,completed_in_time,2.936999999999898
b3-p1-fixed-2,infra-smoke-5236edd8-6112-55ed-9cd8-cbe3019e0994,completed_in_time,2.516000000000531
b3-p1-fixed-2,infra-smoke-fd725f26-d1a1-5f45-bf9c-3827e596576b,completed_in_time,2.0159999999996217
b3-p1-fixed-2,infra-smoke-f8080b95-66fc-5160-a50b-401b638fbabb,completed_in_time,1.530999999999949
b3-p1-fixed-2,infra-smoke-cb6c4936-e663-51b9-a45c-1f85f6a23ead,completed_in_time,6.905999999999949
b3-p1-fixed-2,infra-smoke-f960a57e-9cfb-52ce-bae2-e2738e899f04,completed_in_time,6.594000000000051
b3-p1-fixed-2,infra-smoke-7dc0df23-4ad7-557c-9c06-fbc611a3c099,completed_in_time,6.671999999999571
b3-p1-fixed-2,infra-smoke-5f17ac9b-f97d-5bdb-901f-e7d39e9dbe79,completed_in_time,6.016000000000531
b3-p1-fixed-2,infra-smoke-189d4557-3d55-5def-aa16-da914e0108c4,completed_in_time,6.25
b3-p1-fixed-2,infra-smoke-974b37d8-5b99-5102-8207-c0a03dfc4fbc,completed_in_time,5.796999999999571
b3-p1-fixed-2,infra-smoke-521eda9f-c15b-50a3-bfeb-429e7e6e236a,completed_in_time,6.342999999999847
b3-p1-fixed-2,infra-smoke-78cae365-7f0f-5e3f-99a4-8f71b92afd26,completed_in_time,6.0789999999997235
b3-p1-fixed-2,infra-smoke-0cb0c162-a062-50b9-9436-555883b7f845,completed_in_time,5.344000000000051
b3-p1-fixed-2,infra-smoke-1730b4fb-32f5-57ca-a984-a1039a04f808,completed_in_time,5.796999999999571
b3-p1-fixed-2,infra-smoke-b4280738-15c7-52cb-8813-242d0dd8c24b,completed_in_time,5.828000000000429
b3-p1-fixed-2,infra-smoke-8bedb7ea-b93a-5a9d-98c6-89dbc793f454,completed_in_time,5.9539999999997235
b3-p1-fixed-2,infra-smoke-2e3cdebd-3443-5c85-81e3-265fdef30f56,completed_in_time,5.7960000000002765
b3-p1-fixed-2,infra-smoke-5992b708-2fd8-5f3c-9c10-7b2da908cb12,completed_in_time,5.70299999999952
b3-p1-fixed-2,infra-smoke-99c6e9e9-98d5-5e79-bc80-453376c7b40d,completed_in_time,6.155999999999949
b3-p1-fixed-2,infra-smoke-52e17a34-984b-56ae-80ac-2126353a86e7,completed_in_time,5.484999999999673
b3-p1-fixed-2,infra-smoke-00ee9450-5046-55ee-8eab-905888fa7f4f,completed_in_time,6.828000000000429
b3-p1-fixed-2,infra-smoke-c19c6377-6b85-5cd3-a39c-a5853452039a,completed_in_time,6.875
b3-p1-fixed-2,infra-smoke-2ead0035-ea8d-5af7-a0dc-c2395c762439,completed_in_time,6.953000000000429
b3-p1-fixed-2,infra-smoke-5298502e-3b91-58cf-a947-2bf4f15cc713,completed_in_time,7.157000000000153
b3-p1-fixed-2,infra-smoke-528ea394-35dd-5f6c-8a9c-27c355f32259,completed_in_time,6.905999999999949
b3-p1-fixed-2,infra-smoke-4b51a060-6419-5696-8bee-4c78569ba63a,completed_in_time,7.7039999999997235
b3-p1-fixed-2,infra-smoke-97f7352e-6645-5035-a453-689ed585ade0,completed_in_time,7.266000000000531
b3-p1-fixed-2,infra-smoke-ea354820-7375-5288-95e7-b58ec124d81c,completed_in_time,7.0
b3-p1-fixed-2,infra-smoke-a0096c15-488d-539a-b24b-6b5262ec0bcc,completed_in_time,7.530999999999949
b3-p1-fixed-2,infra-smoke-9d6394f8-b4b9-5d9b-a654-43666399d7cf,completed_in_time,6.5789999999997235
b3-p1-fixed-2,infra-smoke-acac3a28-4abc-5044-9f90-0305f33f743e,completed_in_time,6.7960000000002765
b3-p1-fixed-2,infra-smoke-855211af-3353-5122-8084-f1d811c1b309,completed_in_time,7.186999999999898
b3-p1-fixed-2,infra-smoke-836c5b4f-e821-52f6-a8b1-d20d77536b32,completed_in_time,7.20299999999952
b3-p1-fixed-2,infra-smoke-68bb0463-e9ee-573f-8767-8e657a832b6c,completed_in_time,7.219000000000051
b3-p1-fixed-2,infra-smoke-cc211939-61f7-50c2-98c6-9bc0faecaae4,completed_in_time,7.375
b3-p1-fixed-2,infra-smoke-12850d01-bf7f-58b6-b579-834a13107b3d,completed_in_time,7.875
b3-p1-fixed-2,infra-smoke-96093d32-ba39-54ad-bc8a-f6c3d7e84a95,completed_in_time,8.67199999999957
b3-p1-fixed-2,infra-smoke-240757bd-51a5-56c5-bff0-d9179a7e5d17,completed_in_time,8.875
b3-p1-fixed-2,infra-smoke-cfe4ec45-aea3-5eff-97d8-3cbd303b9001,completed_in_time,8.609000000000378
b3-p1-fixed-2,infra-smoke-f1962619-fe4a-57aa-90e3-175acbc79462,completed_in_time,8.578999999999724
b3-p1-fixed-2,infra-smoke-ebc8b284-8a9a-55bc-8a7f-41a7f278e6f4,completed_in_time,8.655999999999949
b3-p1-fixed-2,infra-smoke-ed0a5e1e-ff4e-5e23-9289-d1ee0a67a20a,completed_in_time,8.82800000000043
b3-p1-fixed-2,infra-smoke-8567cf0b-43e7-5dd8-9ae4-d9b167e0dac5,completed_in_time,8.890999999999622
b3-p1-fixed-2,infra-smoke-81bedee4-3e4b-50e0-b952-d169805bb7f4,completed_in_time,8.984000000000378
b3-p1-fixed-2,infra-smoke-36b4386e-2493-58a0-b989-5695e55a6fb5,completed_in_time,8.625
b3-p1-fixed-2,infra-smoke-f6414817-e32b-5590-9c0d-474b6b5a2c77,completed_in_time,9.407000000000153
b3-p1-fixed-2,infra-smoke-09d3145f-5c06-542a-a446-3aab39284876,completed_in_time,8.735000000000582
b3-p1-fixed-2,infra-smoke-a5bd3e6b-4386-5da3-abc1-01ae083bbf5e,completed_in_time,8.563000000000102
b3-p1-fixed-2,infra-smoke-62e046c7-a598-5a44-8416-fadd55d051f5,completed_in_time,8.796000000000276
b3-p1-fixed-2,infra-smoke-c2a7779f-447e-5ab8-9be3-4e959ecce086,completed_in_time,8.891000000000531
b3-p1-fixed-2,infra-smoke-36b21e1c-cb4d-56ac-99a1-dc8989fcbf47,completed_in_time,8.561999999999898
b3-p1-fixed-2,infra-smoke-941bb1ed-ff5c-51cb-a836-a1a498b798a6,completed_in_time,9.203999999999724
b3-p1-fixed-2,infra-smoke-c797d5fc-8a71-5f33-891e-67b3653c3346,completed_in_time,9.811999999999898
b3-p1-fixed-2,infra-smoke-67cb99de-e95a-525a-87ef-d7017929e4d8,completed_in_time,9.891000000000531
b3-p1-fixed-2,infra-smoke-4892a039-68b9-5773-87dc-46e440d3a83e,completed_in_time,9.813000000000102
b3-p1-fixed-2,infra-smoke-cf403ac3-86f8-5688-afea-b50e626f2275,completed_in_time,9.657000000000153
b3-p1-fixed-2,infra-smoke-5c7f0bca-97a5-5247-b2f3-96d2e5add572,completed_in_time,9.608999999999469
b3-p1-fixed-2,infra-smoke-28826c2d-d741-51f3-badb-1a1d01eec025,completed_in_time,9.734999999999673
b3-p1-fixed-2,infra-smoke-68c61e3b-ffb7-54a6-9393-c29ceceee5a8,completed_in_time,10.25
b3-p1-fixed-2,infra-smoke-5e1f931c-73b1-5cc0-8cb4-96c1678a49fd,completed_in_time,10.563000000000102
b3-p1-fixed-2,infra-smoke-5cb83b9d-35e1-5033-9314-699c44457242,completed_in_time,9.734000000000378
b3-p1-fixed-2,infra-smoke-78eb69f9-b50f-5a21-8bef-73203085a324,completed_in_time,9.984000000000378
b3-p1-fixed-2,infra-smoke-4151431c-ca0a-5fed-8ef9-f9d419d3cbe7,completed_in_time,10.765999999999622
b3-p1-fixed-2,infra-smoke-dc5909a2-a79f-5207-8f18-cdc48921ee05,completed_in_time,9.375
b3-p1-fixed-2,infra-smoke-0b503c4d-f668-583c-ba6b-ae9fda2c051b,completed_in_time,10.155999999999949
b3-p1-fixed-2,infra-smoke-9ae3cb90-104c-5309-bb3a-4209254d6c69,completed_in_time,10.344000000000051
b3-p1-fixed-2,infra-smoke-dfd7f159-5421-51d8-8e03-e2792f601d6b,completed_in_time,10.359000000000378
b3-p1-fixed-2,infra-smoke-4efbe3a3-0326-5f90-a71c-583a47112904,completed_in_time,10.389999999999418
b3-p1-fixed-2,infra-smoke-e9471ce5-bb05-59c5-a6b5-06fa11fdde7a,completed_in_time,10.842999999999847
b3-p1-fixed-2,infra-smoke-7a831d40-d8ec-57c2-b88d-5c0fc3cdf8ea,completed_in_time,10.844000000000051
b3-p1-fixed-2,infra-smoke-fc5a2797-0afe-5a16-80ec-3361881fa501,completed_in_time,10.780999999999949
b3-p1-fixed-2,infra-smoke-fb4b092e-575f-51b1-9f40-213dbb8e3f09,completed_in_time,10.782000000000153
b3-p1-fixed-2,infra-smoke-f0169806-63ce-578f-9fd8-7090a91303fb,completed_in_time,10.484000000000378
b3-p1-fixed-2,infra-smoke-85094c0c-dc0b-5220-87fd-e30a5f5234d3,completed_in_time,10.594000000000051
b3-p1-fixed-2,infra-smoke-a2f4ad95-ba21-5baf-8224-f99f4268cf06,completed_in_time,12.688000000000102
b3-p1-fixed-2,infra-smoke-ac7ecfcb-7208-5c38-8d31-0f807fd3b2fa,completed_in_time,12.734999999999673
b3-p1-fixed-2,infra-smoke-d710eb31-6ac2-550c-bf5d-ead78b3f43b6,completed_in_time,12.813000000000102
b3-p1-fixed-2,infra-smoke-28d58b19-b05c-538f-97c4-3b3bee1b29d7,completed_in_time,11.92200000000048
b3-p1-fixed-2,infra-smoke-3936789b-5e95-5a36-abf0-b2ee85e38b22,completed_in_time,12.203999999999724
b3-p1-fixed-2,infra-smoke-8d96b4b6-a30e-5728-95ad-92e19ec9153a,completed_in_time,12.030999999999949
b3-p1-fixed-2,infra-smoke-db4f012e-5e3f-5545-bb26-8b43fa633fd4,completed_in_time,13.625
b3-p1-fixed-2,infra-smoke-bac2d895-2963-5c51-af0f-3ad33632a58a,completed_in_time,12.57800000000043
b3-p1-fixed-2,infra-smoke-15cfc0b2-6167-5b9f-9eac-6041af50cd46,completed_in_time,12.734000000000378
b3-p1-fixed-2,infra-smoke-4e5ca66d-c3fe-55c0-bd35-9862a13cdba7,completed_in_time,11.905999999999949
b3-p1-fixed-2,infra-smoke-4544712d-fd58-5a4e-89bc-20ef93414c71,completed_in_time,12.766000000000531
b3-p1-fixed-2,infra-smoke-e68653c4-513f-5c0d-b4ed-2f2a0edcf866,completed_in_time,11.609000000000378
b3-p1-fixed-2,infra-smoke-c915ff93-8859-5a95-a511-a8e57fd1bee9,completed_in_time,11.765999999999622
b3-p1-fixed-2,infra-smoke-79a6196b-a404-537e-872b-8d024a6e08c6,completed_in_time,12.110000000000582
b3-p1-fixed-2,infra-smoke-a8f35176-f94a-5138-9c48-2d9bfcd95651,completed_in_time,12.969000000000051
b3-p1-fixed-2,infra-smoke-35e33702-cfcd-50aa-9d9a-eefcbe5176b6,completed_in_time,10.828999999999724
b3-p1-fixed-2,infra-smoke-d9c3bfab-6974-5b7b-a83a-7fbbe640f907,completed_in_time,13.95300000000043
b3-p1-fixed-2,infra-smoke-61bb032b-ea95-55f2-bbe5-abd1bf96eb35,completed_in_time,14.828999999999724
b3-p1-fixed-2,infra-smoke-0e7e421a-2d4c-5c62-b96f-0f921c94b9e0,completed_in_time,13.82799999999952
b3-p1-fixed-2,infra-smoke-aaa45bff-3b6c-5fb7-bc88-1955aed31e4c,completed_in_time,14.688000000000102
b3-p1-fixed-2,infra-smoke-62f88d07-7add-5e91-a333-e908eab750ad,completed_in_time,13.438000000000102
b3-p1-fixed-2,infra-smoke-25c5f864-a62b-553e-a745-701e8ae85500,completed_in_time,13.984999999999673
b3-p1-fixed-2,infra-smoke-985590ed-da4d-5644-84a8-0308f7479695,completed_in_time,14.530999999999949
b3-p1-fixed-2,infra-smoke-27ea0b58-55b7-5b6e-94e3-7c1dc1844a25,completed_in_time,14.17199999999957
b3-p1-fixed-2,infra-smoke-a8997750-4df0-51bb-a393-b5e393047123,completed_in_time,14.109999999999673
b3-p1-fixed-2,infra-smoke-9c2c8146-bae7-572f-8980-10234e093852,completed_in_time,14.625
b3-p1-fixed-2,infra-smoke-d47fefbb-160f-5984-bf63-aebe0cfba7c8,completed_in_time,14.70299999999952
b3-p1-fixed-2,infra-smoke-addc61dc-16a4-5d2c-bc85-429a76713d81,completed_in_time,13.733999999999469
b3-p1-fixed-2,infra-smoke-1a75eda3-6daa-5af2-863f-fbe579cc8007,completed_in_time,14.217999999999847
b3-p1-fixed-2,infra-smoke-1041c538-77e4-5c57-a983-d66af571fdeb,completed_in_time,14.625
b3-p1-fixed-2,infra-smoke-5acbddfc-487c-5fa8-9c2a-a83ffd75ae97,completed_in_time,14.42200000000048
b3-p1-fixed-2,infra-smoke-c18c0a40-9868-55a8-b018-eb557eca6221,completed_in_time,14.686999999999898
b3-p1-fixed-2,infra-smoke-77b2fec7-12b0-5344-8ffd-07cac9580727,completed_in_time,14.984000000000378
b3-p1-fixed-2,infra-smoke-53939d93-32a8-5c7c-ab11-6a1f989d27d9,completed_in_time,15.530999999999949
b3-p1-fixed-2,infra-smoke-2d170926-9e51-58e3-bf9d-616e2bc84a7e,completed_in_time,15.515000000000327
b3-p1-fixed-2,infra-smoke-58e7fcfe-cb62-5cd1-b299-c716ec426e61,completed_in_time,15.515999999999622
b3-p1-fixed-2,infra-smoke-f7b6ba6f-5a48-5c93-841e-a24830737731,completed_in_time,15.484999999999673
b3-p1-fixed-2,infra-smoke-01530415-05d5-50dd-ae17-4074609c8825,completed_in_time,16.60900000000038
b3-p1-fixed-2,infra-smoke-82cc07f1-7bd6-56fa-90c6-f7f1db2de637,completed_in_time,15.186999999999898
b3-p1-fixed-2,infra-smoke-dc4636c8-0986-55ed-9293-c1004e50fb7a,completed_in_time,15.5
b3-p1-fixed-2,infra-smoke-070b375d-4257-5fa4-832e-3e884a57e777,completed_in_time,15.719000000000051
b3-p1-fixed-2,infra-smoke-13a67d4a-1258-5358-869e-e972e933b5a3,completed_in_time,15.594000000000051
b3-p1-fixed-2,infra-smoke-9078c4cf-4164-5c8f-9d24-febc3f087e74,completed_in_time,16.09400000000005
b3-p1-fixed-2,infra-smoke-55c16fad-723c-5d3d-bbf0-4abbc23734ae,completed_in_time,15.311999999999898
b3-p1-fixed-2,infra-smoke-58daae93-745c-5a2b-a82e-ee8c2bf351d1,completed_in_time,16.28099999999995
b3-p1-fixed-2,infra-smoke-658cb237-0438-536c-a1d3-6cd91d66f09a,completed_in_time,16.29699999999957
b3-p1-fixed-2,infra-smoke-ec6d6303-2e9c-5672-ba1a-683263fedc65,completed_in_time,16.73399999999947
b3-p1-fixed-2,infra-smoke-3fff8677-a25a-5bad-9152-57dbe1fe6540,completed_in_time,16.92200000000048
b3-p1-fixed-2,infra-smoke-296cfcbb-a746-5352-9b42-4807013a1292,completed_in_time,17.23400000000038
b3-p1-fixed-2,infra-smoke-034663f5-10b9-5bec-886e-06bd517b76e7,completed_in_time,17.063000000000102
b3-p1-fixed-2,infra-smoke-7776cc94-e376-5209-996b-9cdd8120272d,completed_in_time,17.40599999999995
b3-p1-fixed-2,infra-smoke-34f31c88-2905-5c71-87d6-ab651ba9d001,completed_in_time,17.436999999999898
b3-p1-fixed-2,infra-smoke-5f1ce216-ea45-5bfc-b467-5805a41973e8,completed_in_time,17.061999999999898
b3-p1-fixed-2,infra-smoke-af68af04-05aa-54c8-9515-0f301468494a,completed_in_time,17.48399999999947
b3-p1-fixed-2,infra-smoke-951056cf-649b-546c-8c55-0522910955f7,completed_in_time,17.5
b3-p1-fixed-2,infra-smoke-3d009288-4a18-5966-a278-e11e86f25983,completed_in_time,17.15599999999995
b3-p1-fixed-2,infra-smoke-377463e0-8df1-517a-aa3e-39af766da364,completed_in_time,17.985000000000582
b3-p1-fixed-2,infra-smoke-62a2a897-712a-56f3-a172-af13c01a48a8,completed_in_time,18.42199999999957
b3-p1-fixed-2,infra-smoke-b6c45bc3-f781-559e-80ae-41e13197b39c,completed_in_time,18.76600000000053
b3-p1-fixed-2,infra-smoke-9d3588b0-2115-548c-98f4-833846062dfd,completed_in_time,18.436999999999898
b3-p1-fixed-2,infra-smoke-c67551cd-14e1-55ef-a067-ddb46aab1332,completed_in_time,18.125
b3-p1-fixed-2,infra-smoke-8ca30f60-2761-5ce4-b124-c2e6e699a53d,completed_in_time,17.59400000000005
b3-p1-fixed-2,infra-smoke-392190de-6b26-5c0d-a8b7-86a11b0d75b8,completed_in_time,18.51600000000053
b3-p1-fixed-2,infra-smoke-e867f188-489f-5038-bd4a-1c0bbc3d27d5,completed_in_time,18.186999999999898
b3-p1-fixed-2,infra-smoke-8a9d3bdb-ae2d-5472-8e15-5f696af6a094,completed_in_time,18.907000000000153
b3-p1-fixed-2,infra-smoke-ffab0a01-3e68-558b-ac8c-b9e77f7d5038,completed_in_time,18.828999999999724
b3-p1-fixed-2,infra-smoke-c2c0a598-6cb1-51cd-aaed-c3d2c8875041,completed_in_time,18.73400000000038
b3-p1-fixed-2,infra-smoke-1bf8c285-6b72-5a66-8ec2-107eddd6befd,completed_in_time,18.48399999999947
b3-p1-fixed-2,infra-smoke-e2f643f8-d9ac-530c-80f7-f2454135d55e,completed_in_time,18.89099999999962
b3-p1-fixed-2,infra-smoke-6aae4ba9-9304-54c4-9d92-22b9c2def359,completed_in_time,18.59400000000005
b3-p1-fixed-2,infra-smoke-5db5073c-8479-55ec-ac9d-23ae2feff3a7,completed_in_time,18.811999999999898
b3-p1-fixed-2,infra-smoke-e823f568-872f-593d-901a-09146ded9983,completed_in_time,18.907000000000153
b3-p1-fixed-2,infra-smoke-743caa8e-7a1b-5cd3-bd4f-edb03edfa05e,completed_in_time,19.71900000000005
b3-p1-fixed-2,infra-smoke-ebba629a-39c9-5bc0-be0f-69431f471488,completed_in_time,18.984999999999673
b3-p1-fixed-2,infra-smoke-0bd2a415-3976-5083-a732-2f8d0a63850a,completed_in_time,20.07799999999952
b3-p1-fixed-2,infra-smoke-23953fac-46a9-5d44-a15e-af1c87412dad,completed_in_time,20.125
b3-p1-fixed-2,infra-smoke-750bdc21-3ab5-5eea-88f3-b936ca3ce663,completed_in_time,20.532000000000153
b3-p1-fixed-2,infra-smoke-e1ee8531-8a27-5f50-bd0a-1902ed6086f3,completed_in_time,20.60900000000038
b3-p1-fixed-2,infra-smoke-10db8d60-b04e-5af7-8364-c90f9b19f977,completed_in_time,20.813000000000102
b3-p1-fixed-2,infra-smoke-597173fb-1d53-53bb-b50a-b9dbe8335c03,completed_in_time,19.20299999999952
b3-p1-fixed-2,infra-smoke-4c90eae6-8cc8-5840-a667-1c3b34c815b0,completed_in_time,20.25
b3-p1-fixed-2,infra-smoke-0849397c-cc2a-5dd0-98ac-df6c6cfb123c,completed_in_time,20.640000000000327
b3-p1-fixed-2,infra-smoke-bf40d158-250c-514a-a581-e2f25f6bc1ec,completed_in_time,21.015000000000327
b3-p1-fixed-2,infra-smoke-de5f0c97-cbe5-5c57-b08a-9f4ca126b073,completed_in_time,20.71900000000005
b3-p1-fixed-2,infra-smoke-907070cf-c72d-5b88-81d8-21d5ae89847c,completed_in_time,20.092999999999847
b3-p1-fixed-2,infra-smoke-6f94aa91-7e4e-56e9-b5df-e9a165e80cbb,completed_in_time,21.70300000000043
b3-p1-fixed-2,infra-smoke-7d60b991-37c3-55a4-bd01-d19e0fc3c724,completed_in_time,20.59400000000005
b3-p1-fixed-2,infra-smoke-e5a3ec10-539e-5c0b-82d6-e84a2dff1260,completed_in_time,20.67200000000048
b3-p1-fixed-2,infra-smoke-5288d5e7-1e1d-57e7-83d3-95f78d2a99d6,completed_in_time,20.57799999999952
b3-p1-fixed-2,infra-smoke-5ea5af57-e184-588e-9685-26ca9c190451,completed_in_time,21.82800000000043
b3-p1-fixed-2,infra-smoke-b89aeee6-424b-5135-9787-77ec2c4aebce,completed_in_time,20.71900000000005
b3-p1-fixed-2,infra-smoke-e2ef32c2-6c5a-5021-9576-2525aa1975c6,completed_in_time,21.40599999999995
b3-p1-fixed-2,infra-smoke-eee3e029-d098-591d-b039-b6f5e2ebb923,completed_in_time,21.39099999999962
b3-p1-fixed-2,infra-smoke-447fdfaa-0332-5d5c-a6fb-e2c66996778d,completed_in_time,22.125
b3-p1-fixed-2,infra-smoke-fda84df6-18ba-5d99-9d03-8bb3d6e01a56,completed_in_time,21.92199999999957
b3-p1-fixed-2,infra-smoke-accc8f78-a580-5920-b5d3-abaf65b0bf67,completed_in_time,21.514999999999418
b3-p1-fixed-2,infra-smoke-bcd38b09-ff67-53a2-9732-4f9e4a1e8c20,completed_in_time,22.60899999999947
b3-p1-fixed-2,infra-smoke-88943e9b-04b3-576a-bb40-844ab254d981,completed_in_time,22.5
b3-p1-fixed-2,infra-smoke-a55b8fa6-a51e-513d-94e8-7b1b517be036,completed_in_time,22.0
b3-p1-fixed-2,infra-smoke-17f33147-d7bd-5c8d-ac05-66f987ac1a07,completed_in_time,21.90599999999995
b3-p1-fixed-2,infra-smoke-6a09fccd-87f2-58db-bd1c-e3399d73a54f,completed_in_time,22.592999999999847
b3-p1-fixed-2,infra-smoke-59c142de-c5d3-5396-a03b-1a8a74b2030b,completed_in_time,22.265000000000327
b3-p1-fixed-2,infra-smoke-53477104-4cc1-5f74-9f87-8bedd2873784,completed_in_time,22.436999999999898
b3-p1-fixed-2,infra-smoke-35d4b2d3-690a-56a3-a89c-b5ce3febf95f,completed_in_time,22.14099999999962
b3-p1-fixed-2,infra-smoke-751708eb-e3a1-564a-960f-de874cfb955b,completed_in_time,23.0
b3-p1-fixed-2,infra-smoke-4601c142-ee40-531d-8e17-c2ad60a1f830,completed_in_time,22.313000000000102
b3-p1-fixed-2,infra-smoke-977fe0b0-e509-54bb-a51c-0ca889e1fb9e,completed_in_time,22.703999999999724
b3-p1-fixed-2,infra-smoke-b3f3affa-2937-5ea5-9a4a-06290a2a816c,completed_in_time,23.51599999999962
b3-p1-fixed-2,infra-smoke-25203a47-69e4-576d-aa28-2a4bb61fee16,completed_in_time,24.03099999999995
b3-p1-fixed-2,infra-smoke-b65e2151-1fc8-5887-8809-82d340496ff6,completed_in_time,23.796000000000276
b3-p1-fixed-2,infra-smoke-d0a5e00a-d80c-5873-8843-4bce0cb9220d,completed_in_time,23.436999999999898
b3-p1-fixed-2,infra-smoke-cfa0c38c-b844-57e9-85fa-8fedf049090a,completed_in_time,24.532000000000153
b3-p1-fixed-2,infra-smoke-76060c88-860e-5c28-bd0a-178cf4d50e82,completed_in_time,24.32800000000043
b3-p1-fixed-2,infra-smoke-4a85a1fa-5a20-5306-a537-2a015ac9e36b,completed_in_time,23.782000000000153
b3-p1-fixed-2,infra-smoke-d31fce87-2cb5-5708-9ea1-23b6db57f199,completed_in_time,25.125
b3-p1-fixed-2,infra-smoke-61e9d80f-0229-585c-87d8-d636c60bb3ab,completed_in_time,25.20300000000043
b3-p1-fixed-2,infra-smoke-6c2cf7cd-d6c5-50d8-b085-d779bbc5422f,completed_in_time,23.70300000000043
b3-p1-fixed-2,infra-smoke-b6119b01-5f0a-5d4d-92e5-30d96813cc8c,completed_in_time,24.811999999999898
b3-p1-fixed-2,infra-smoke-620b15e6-97cc-55e8-a3d8-a2a628b647b2,completed_in_time,24.813000000000102
b3-p1-fixed-2,infra-smoke-5fc414a6-fe75-522c-a74d-5170112f1c01,completed_in_time,24.48399999999947
b3-p1-fixed-2,infra-smoke-4d96e07d-f937-5fe2-bb14-7a5a80789a0a,completed_in_time,24.59400000000005
b3-p1-fixed-2,infra-smoke-1c6ed7c3-2513-5213-a047-bf6fb5e99df3,completed_in_time,23.79700000000048
b3-p1-fixed-2,infra-smoke-ffd08a87-1450-5abb-a3ea-cae1e4536153,completed_in_time,25.407000000000153
b3-p1-fixed-2,infra-smoke-bd926c13-4b3e-5566-85d9-421785415b48,completed_in_time,25.01600000000053
b3-p1-fixed-2,infra-smoke-0ebc6d79-f437-5c87-ae9b-850b5109023c,completed_in_time,25.70299999999952
b3-p1-fixed-2,infra-smoke-37523211-c97c-5314-afcb-c37e29a82110,completed_in_time,26.70299999999952
b3-p1-fixed-2,infra-smoke-242721ab-df54-5c6c-af4b-f433301d9097,completed_in_time,25.639999999999418
b3-p1-fixed-2,infra-smoke-6c5ba679-dbe7-5624-a84e-b887c9eba8d6,completed_in_time,25.92199999999957
b3-p1-fixed-2,infra-smoke-358c778b-2f13-5b3a-87b9-71c1a95652cb,completed_in_time,25.21900000000005
b3-p1-fixed-2,infra-smoke-7850767d-23f5-5c99-bc58-53fcc664961d,completed_in_time,27.07800000000043
b3-p1-fixed-2,infra-smoke-6483b4a9-3e8f-5639-bb2e-a7221334ae51,completed_in_time,27.125
b3-p1-fixed-2,infra-smoke-e39af44d-ca74-5cb8-8eca-c36754e713bf,completed_in_time,26.485000000000582
b3-p1-fixed-2,infra-smoke-545951f3-e7fb-5551-9983-40b70645cb26,completed_in_time,27.10899999999947
b3-p1-fixed-2,infra-smoke-be057506-6542-54cb-8eaa-f75aa1a83026,completed_in_time,27.09400000000005
b3-p1-fixed-2,infra-smoke-6aa4189d-ff80-50a1-9670-20c77a85e0c8,completed_in_time,26.125
b3-p1-fixed-2,infra-smoke-16689774-c083-5758-a4c5-bbc4f57d41a6,completed_in_time,27.40599999999995
b3-p1-fixed-2,infra-smoke-d6136b25-1e50-5c40-98c1-6005a597bba7,completed_in_time,26.5
b3-p1-fixed-2,infra-smoke-ff05de23-e79d-5e9d-be8c-029b4814fd5e,completed_in_time,26.09400000000005
b3-p1-fixed-2,infra-smoke-36a2943a-ed68-581c-bbed-b0f8d289a480,completed_in_time,27.42199999999957
b3-p1-fixed-2,infra-smoke-c6e2d4e0-64ef-54c9-b845-75c02f920c5e,completed_in_time,27.186999999999898
b3-p1-fixed-2,infra-smoke-99a8a274-deae-5650-b461-981faa0d2d4f,completed_in_time,27.40599999999995
b3-p1-fixed-2,infra-smoke-36af9ad3-a81f-509a-9fb4-cfaf0ee7151a,completed_in_time,27.23400000000038
b3-p1-fixed-2,infra-smoke-846221c9-01cd-5674-b115-0d9bff52f940,completed_in_time,27.328999999999724
b3-p1-fixed-2,infra-smoke-dd80d48f-2042-57f0-a9ca-a0892cb3ca86,completed_in_time,27.79699999999957
b3-p1-fixed-2,infra-smoke-225c3c76-b3a0-54d4-92b0-af8d9ee70ea7,completed_in_time,28.578999999999724
b3-p1-fixed-2,infra-smoke-15fa1c68-9abd-554a-9a30-e35bce3c8ee2,completed_in_time,28.67200000000048
b3-p1-fixed-2,infra-smoke-217aba86-3487-50a2-9936-a7767c3ad686,completed_in_time,28.265000000000327
b3-p1-fixed-2,infra-smoke-7f09fcb7-a01a-5d56-8dd7-fef08d2650b8,completed_in_time,27.907000000000153
b3-p1-fixed-2,infra-smoke-dfafda2b-e90a-5f54-999b-8efe4ec9c059,completed_in_time,28.59400000000005
b3-p1-fixed-2,infra-smoke-4c764f74-880f-55aa-9824-7675f2ce4f76,completed_in_time,28.125
b3-p1-fixed-2,infra-smoke-54cf8e81-6a7c-5d4a-8c96-b9bea0533ad7,completed_in_time,28.79699999999957
b3-p1-fixed-2,infra-smoke-7b20c119-8b4d-582e-a5a4-42905b86dc31,completed_in_time,29.625
b3-p1-fixed-2,infra-smoke-6567c99d-2933-5e2c-aaa7-5f8deb0dc557,completed_in_time,28.875
b3-p1-fixed-2,infra-smoke-311c1957-3d3b-58aa-8698-66ec254cd4b6,completed_in_time,28.390000000000327
b3-p1-fixed-2,infra-smoke-0f0f3490-97fd-5d8b-b866-2f164098a4c2,completed_in_time,29.0
b3-p1-fixed-2,infra-smoke-1e5fe210-a407-5f2d-a4bd-3669e21a61c7,completed_in_time,28.717999999999847
b3-p1-fixed-2,infra-smoke-4682f1b8-f4b1-5f6f-9f2c-71a4b245520b,completed_in_time,29.875
b3-p1-fixed-2,infra-smoke-93b39ab2-9195-559f-b29f-16c8aa1df307,completed_in_time,29.54699999999957
b3-p1-fixed-2,infra-smoke-a1812ef0-53ba-5f62-a691-387b7f1c0d49,completed_in_time,30.342999999999847
b3-p1-fixed-2,infra-smoke-56368036-dc32-5b9f-ae55-7cef96903d60,completed_in_time,29.407000000000153
b3-p1-fixed-2,infra-smoke-31251f45-de66-5c74-ac2e-0b5d4a1ae288,completed_in_time,30.20299999999952
b3-p1-fixed-2,infra-smoke-b086a0d6-01a4-590b-a4fe-b9d5620e1313,completed_in_time,29.813000000000102
b3-p1-fixed-2,infra-smoke-7a760a97-6350-5197-9c4f-f023cec79979,completed_in_time,30.438000000000102
b3-p1-fixed-2,infra-smoke-b70a490e-da94-5f12-b59f-5c1693a5ea0d,completed_in_time,30.092999999999847
b3-p1-fixed-2,infra-smoke-a6e2fa30-2add-59b0-9413-99b22c1f989f,completed_in_time,30.29700000000048
b3-p1-fixed-2,infra-smoke-03b4ba4f-d9cc-59b3-8a55-059db7f89d94,completed_in_time,30.10900000000038
b3-p1-fixed-2,infra-smoke-7b1326eb-1ca7-5bea-8f1c-e67ebf0eb460,completed_in_time,30.109999999999673
b3-p1-fixed-2,infra-smoke-5beaf239-bac9-5401-8926-4c95ef204360,completed_in_time,30.375
b3-p1-fixed-2,infra-smoke-2a049d41-dbcf-5e91-b77a-3cf8aa0baf6e,completed_in_time,30.46900000000005
b3-p1-fixed-2,infra-smoke-34cd44b8-c8b9-5dcf-81ad-9ca09acdd0c4,completed_in_time,30.467999999999847
b3-p1-fixed-2,infra-smoke-796d987c-5a0b-5afb-8660-7532332de596,completed_in_time,32.29699999999957
b3-p1-fixed-2,infra-smoke-0f299e6a-c937-5729-b545-fa8b5892c79f,completed_in_time,31.73400000000038
b3-p1-fixed-2,infra-smoke-35df1555-f533-52a7-a140-41fdd3d9dfe9,completed_in_time,32.21900000000005
b3-p1-fixed-2,infra-smoke-be639ee7-e10a-5799-bf23-b6c2e648c30c,completed_in_time,32.3119999999999
b3-p1-fixed-2,infra-smoke-4ecdad66-e4be-590b-b5ba-a5a5b42d739d,completed_in_time,31.92200000000048
b3-p1-fixed-2,infra-smoke-fa043fee-132c-5e3f-bdaa-7fef1154f289,completed_in_time,31.514999999999418
b3-p1-fixed-2,infra-smoke-520fda9a-22b9-5cfd-b6e3-76c7b85df6e3,completed_in_time,32.32800000000043
b3-p1-fixed-2,infra-smoke-c95e1eb2-c532-5dd5-9e98-b62b08ea22e3,completed_in_time,32.1880000000001
b3-p1-fixed-2,infra-smoke-979f2475-b4e3-55e5-8fd7-6af27f1803b7,completed_in_time,32.15599999999995
b3-p1-fixed-2,infra-smoke-c2143438-908c-5a1e-b57d-1221ab6d911d,completed_in_time,31.188000000000102
b3-p1-fixed-2,infra-smoke-f0d66dc2-5e6b-5f09-8a31-28017e18a07d,completed_in_time,31.936999999999898
b3-p1-fixed-2,infra-smoke-901570cb-be6b-5d29-8a1f-953c330e5ea8,completed_in_time,31.811999999999898
b3-p1-fixed-2,infra-smoke-e6c9dfb3-3ce5-53c2-9c14-a129dd07d2d2,completed_in_time,31.5
b3-p1-fixed-2,infra-smoke-50c094c1-0a2f-57fa-b43f-15642ca493d5,completed_in_time,31.109999999999673
b3-p1-fixed-2,infra-smoke-e361d547-a082-51b5-a6ce-69e61a3ba7ca,completed_in_time,31.40599999999995
b3-p1-fixed-2,infra-smoke-e96a049c-28f2-5252-a7d9-125ea153f2c6,completed_in_time,31.46900000000005
b3-p1-fixed-2,infra-smoke-34726690-8ff5-5932-acd2-b139f006f26c,completed_in_time,32.85900000000038
b3-p1-fixed-2,infra-smoke-13226936-4e58-51ee-81df-3fcef10e604e,completed_in_time,34.21799999999985
b3-p1-fixed-2,infra-smoke-d59b9e95-a03c-5a5a-90e8-602ec57f7c3e,completed_in_time,33.40700000000015
b3-p1-fixed-2,infra-smoke-3836cb72-ffcf-59db-91b3-e97fff835a4c,completed_in_time,33.03099999999995
b3-p1-fixed-2,infra-smoke-d3a39aa8-c7f6-5a42-9bc1-4188ad02d322,completed_in_time,33.51600000000053
b3-p1-fixed-2,infra-smoke-247d028f-a07d-5e18-847d-ee347546b716,completed_in_time,34.67199999999957
b3-p1-fixed-2,infra-smoke-e3f424ad-504f-50c4-8587-73fd842bf4f3,completed_in_time,34.51499999999942
b3-p1-fixed-2,infra-smoke-119716bc-5944-5250-80f5-13d8ad5aa400,completed_in_time,33.79699999999957
b3-p1-fixed-2,infra-smoke-b9d8471f-5ed5-5230-bcf5-80c563be6d9e,completed_in_time,33.71900000000005
b3-p1-fixed-2,infra-smoke-796105c5-72f4-59ae-b7f9-f6a9b67d2f85,completed_in_time,32.75
b3-p1-fixed-2,infra-smoke-3a2b037f-458c-5459-9b8c-58af161aad36,completed_in_time,34.53099999999995
b3-p1-fixed-2,infra-smoke-9d8c4944-1886-5fe6-b421-4ffd69c4ff67,completed_in_time,33.84299999999985
b3-p1-fixed-2,infra-smoke-a223e18e-6fdb-5fdb-bcbf-e8b8eeffea49,completed_in_time,33.3130000000001
b3-p1-fixed-2,infra-smoke-d36a1239-26ec-57a3-9ad8-b7a4466b5a09,completed_in_time,33.42200000000048
b3-p1-fixed-2,infra-smoke-da3f7898-147b-5812-a74c-2d65096ab2d8,completed_in_time,33.89099999999962
b3-p1-fixed-2,infra-smoke-0991271e-8643-5ec4-aa30-8db56d01bd92,completed_in_time,33.39099999999962
b3-p1-fixed-2,infra-smoke-da7953b8-e9f7-5c7b-a9c5-d290508748b6,completed_in_time,34.92199999999957
b3-p1-fixed-2,infra-smoke-b3e1019c-2451-54cc-a3e3-210f233083df,completed_in_time,34.3119999999999
b3-p1-fixed-2,infra-smoke-f1041531-3bfa-5314-b6ee-2c92d4a8049a,completed_in_time,34.3130000000001
b3-p1-fixed-2,infra-smoke-d75c8c50-9303-52ab-aa05-997d778fff11,completed_in_time,34.8130000000001
b3-p1-fixed-2,infra-smoke-803ee682-c8bb-5809-83db-fdea45fd2011,completed_in_time,35.60899999999947
b3-p1-fixed-2,infra-smoke-64d14059-8796-512b-89f5-1efa406d3829,completed_in_time,34.6869999999999
b3-p1-fixed-2,infra-smoke-5f65fc76-eeff-5747-a45a-b6bcc8a6ed81,completed_in_time,35.21900000000005
b3-p1-fixed-2,infra-smoke-5af44d8b-4c91-55d6-a482-20480d6bf1e2,completed_in_time,34.90599999999995
b3-p1-fixed-2,infra-smoke-2adb2f2c-a091-5290-a37f-74c1b202059f,completed_in_time,35.125
b3-p1-fixed-2,infra-smoke-d82aecb9-5464-52b0-af9f-a44c0caeba8e,completed_in_time,34.79700000000048
b3-p1-fixed-2,infra-smoke-75a42c2c-ceab-57c1-9ac6-776e438d1549,completed_in_time,34.79699999999957
b3-p1-fixed-2,infra-smoke-6ede819c-003a-5acd-b6c3-5f504d3c4bee,completed_in_time,36.28099999999995
b3-p1-fixed-2,infra-smoke-15f4da6a-bb03-5e53-b745-f4c36b805e81,completed_in_time,34.79699999999957
b3-p1-fixed-2,infra-smoke-09b0bcae-c771-585a-b6b4-f0bbe5c3b33a,completed_in_time,35.71799999999985
b3-p1-fixed-2,infra-smoke-ce4fb9b1-8134-5128-8343-25094d8e8e53,completed_in_time,35.0
b3-p1-fixed-2,infra-smoke-57824e4c-9957-58bb-8b55-4b4c0a424697,completed_in_time,35.3119999999999
b3-p1-fixed-2,infra-smoke-46a1c13f-1829-5164-b85d-fac5f9bdd9fd,completed_in_time,37.0
b3-p1-fixed-2,infra-smoke-4857a05e-4bfe-5e5d-8505-2463fca89fd1,completed_in_time,36.70299999999952
b3-p1-fixed-2,infra-smoke-644fd4bc-5196-57ee-bcde-a26b5d4d161a,completed_in_time,36.625
b3-p1-fixed-2,infra-smoke-20b2a67e-6ce5-5455-9a01-4c860d99f200,completed_in_time,37.70300000000043
b3-p1-fixed-2,infra-smoke-0d57ef72-2349-5bfa-938c-6e8250cf3636,completed_in_time,36.92200000000048
b3-p1-fixed-2,infra-smoke-025835b9-ea18-5dda-9398-a164bc084cb0,completed_in_time,37.1880000000001
b3-p1-fixed-2,infra-smoke-f4d41c6a-de67-5eb7-be85-2262070c58c7,completed_in_time,37.96799999999985
b3-p1-fixed-2,infra-smoke-ee0f04d3-a4da-5cc0-9b98-77b51b235a12,completed_in_time,36.92199999999957
b3-p1-fixed-2,infra-smoke-d661d15e-2013-5563-a235-2df5c0736543,completed_in_time,37.3119999999999
b3-p1-fixed-2,infra-smoke-e6bebfb5-4703-545f-bb2f-0617cf1628f9,completed_in_time,37.35999999999967
b3-p1-fixed-2,infra-smoke-1c20bcd4-e653-5ea5-8560-79425999bc2c,completed_in_time,38.42200000000048
b3-p1-fixed-2,infra-smoke-9ff64fd4-c00c-5a5f-ac84-61b4307a655a,completed_in_time,37.09400000000005
b3-p1-fixed-2,infra-smoke-37853b82-548d-53ec-9ad3-3dc719fa10fe,completed_in_time,37.57800000000043
b3-p1-fixed-2,infra-smoke-604059f7-2b5a-5de7-b86c-cbd2b89e4b0f,completed_in_time,37.625
b3-p1-fixed-2,infra-smoke-2ad3eacf-2fe4-55d9-95cc-e3f411a736d6,completed_in_time,37.29699999999957
b3-p1-fixed-2,infra-smoke-8891b8b5-769c-5843-97aa-b91636944a89,completed_in_time,37.90599999999995
b3-p1-fixed-2,infra-smoke-4e25fd5b-95fd-509f-94fd-5e69a71d8154,completed_in_time,39.3119999999999
b3-p1-fixed-2,infra-smoke-6acef44d-b6f3-5673-aac5-f6699b8034e1,completed_in_time,39.29600000000028
b3-p1-fixed-2,infra-smoke-4f1e90a6-1051-5d9a-89dd-dee75ecc837c,completed_in_time,38.29700000000048
b3-p1-fixed-2,infra-smoke-9df47457-1e42-5b76-8550-53223414d2e8,completed_in_time,39.10999999999967
b3-p1-fixed-2,infra-smoke-c84dfe25-3c3a-571b-9567-32a18169ad46,completed_in_time,38.75
b3-p1-fixed-2,infra-smoke-c5a729f1-9d20-5a37-b0fa-5dea32490a45,completed_in_time,38.07799999999952
b3-p1-fixed-2,infra-smoke-4f00cbf2-e909-5c76-a608-eeaacc527e7f,completed_in_time,38.42199999999957
b3-p1-fixed-2,infra-smoke-41a200ef-51c4-5e19-a23b-7de618e7617d,completed_in_time,38.53099999999995
b3-p1-fixed-2,infra-smoke-aeee59c5-c01e-5f73-8c3b-f98e80095491,completed_in_time,38.60899999999947
b3-p1-fixed-2,infra-smoke-5bd582ce-87f7-56fb-b86c-68021ca399cb,completed_in_time,39.09400000000005
b3-p1-fixed-2,infra-smoke-c5ee0c60-9850-5ea7-8330-fe563c7c09fc,completed_in_time,38.8130000000001
b3-p1-fixed-2,infra-smoke-8e078175-01fe-574a-a8cb-785c831ee649,completed_in_time,39.82800000000043
b3-p1-fixed-2,infra-smoke-38494f29-585b-54d2-bcac-e5217ca5ec42,completed_in_time,38.39100000000053
b3-p1-fixed-2,infra-smoke-c4c4fdef-c6f6-5685-9aa5-c2088b57c59e,completed_in_time,39.48500000000058
b3-p1-fixed-2,infra-smoke-c1f599ba-9a6b-5db1-ace6-36dd11ed16f9,completed_in_time,39.71799999999985
b3-p1-fixed-2,infra-smoke-2e56c0bc-d324-54a5-b484-cc5a625cadb3,completed_in_time,39.42199999999957
b3-p1-fixed-2,infra-smoke-9f1d09be-152c-5a6a-9b21-1136960685f1,completed_in_time,39.70300000000043
b3-p1-fixed-2,infra-smoke-b599eaff-747d-52db-844e-ccee9a560b83,completed_in_time,40.51500000000033
b3-p1-fixed-2,infra-smoke-8c655ade-a522-5d5a-8d67-0d599cbd64f1,completed_in_time,40.3119999999999
b3-p1-fixed-2,infra-smoke-1b608bfb-d6b9-5493-b734-6395bc3670b0,completed_in_time,40.5
b3-p1-fixed-2,infra-smoke-4a757169-a581-5eb3-9fd7-5c7bbf77b5f9,completed_in_time,40.48399999999947
b3-p1-fixed-2,infra-smoke-70649310-7868-5662-8058-b0126c824ef8,completed_in_time,40.67200000000048
b3-p1-fixed-2,infra-smoke-b6278f88-686b-5c22-b5cf-fbca2d05aaf2,completed_in_time,40.39099999999962
b3-p1-fixed-2,infra-smoke-2a0da794-782f-53f9-924a-d159742954ce,completed_in_time,40.32799999999952
b3-p1-fixed-2,infra-smoke-0a659bd4-b1c2-5664-890c-9da584e79b07,completed_in_time,40.40599999999995
b3-p1-fixed-2,infra-smoke-0f788ccd-ef8b-5a63-be70-6a3c4184a7dc,completed_in_time,40.29600000000028
b3-p1-fixed-2,infra-smoke-e866789e-a767-59f9-ae50-32ebdf27a4ca,completed_in_time,40.40599999999995
b3-p1-fixed-2,infra-smoke-35499b9d-1dfb-50ef-ad00-d7e591589ade,completed_in_time,40.92100000000028
b3-p1-fixed-2,infra-smoke-1531baf5-c324-52cf-a642-dd8697fe0e75,completed_in_time,41.09400000000005
b3-p1-fixed-2,infra-smoke-0c9f6c89-ac05-592b-91d7-1f51aac38227,completed_in_time,40.59400000000005
b3-p1-fixed-2,infra-smoke-2328a285-01f5-53d9-bd04-e38b0ad9baf2,completed_in_time,40.46799999999985
b3-p1-fixed-2,infra-smoke-6bfb4742-e623-5e1f-973c-cd3503fb4599,completed_in_time,40.28099999999995
b3-p1-fixed-2,infra-smoke-eb69b6aa-eb72-58f4-a2a2-04daf0173327,completed_in_time,40.60900000000038
b3-p1-fixed-2,infra-smoke-3c367cb6-5f1b-560b-a2bd-6ea8e8602c0e,completed_in_time,41.46900000000005
b3-p1-fixed-2,infra-smoke-90cb07a6-556d-5298-aa75-2db426cb780a,completed_in_time,41.07800000000043
b3-p1-fixed-2,infra-smoke-9f1d0d6d-03b5-525a-8779-68358ba7b4b4,completed_in_time,41.21900000000005
b3-p1-fixed-2,infra-smoke-768d4bf0-999e-5988-b1f4-05260f02b81f,completed_in_time,41.3119999999999
b3-p1-fixed-2,infra-smoke-092cebff-4448-5629-ae1f-f7b3fe662a52,completed_in_time,41.29700000000048
b3-p1-fixed-2,infra-smoke-0f955712-e96d-54ef-9c8d-1ba87697fd7f,completed_in_time,40.8130000000001
b3-p1-fixed-2,infra-smoke-8f1ed06a-41f3-520c-94bd-94e1f5f6cb26,completed_in_time,41.10900000000038
b3-p1-fixed-2,infra-smoke-8e5203ee-48d4-51d7-88d4-4795dd63e3f8,completed_in_time,41.07800000000043
b3-p1-fixed-2,infra-smoke-100daf23-9801-5665-8664-cac77ae1b26f,completed_in_time,40.90599999999995
b3-p1-fixed-2,infra-smoke-4162f571-ad73-56f0-99a6-5e8d5c3e9c32,completed_in_time,41.0
b3-p1-fixed-2,infra-smoke-3c5131c5-59e6-59c9-9832-8810f38eb773,completed_in_time,41.39100000000053
b3-p1-fixed-2,infra-smoke-a32fec76-63df-50cc-9681-3b3a8b431c09,completed_in_time,41.6880000000001
b3-p1-fixed-2,infra-smoke-7221ae5a-fbd7-5b31-af21-5f3871d88a39,completed_in_time,41.125
b3-p1-fixed-2,infra-smoke-9a8bd2d4-1909-54e7-a8f2-1949403b907e,completed_in_time,40.79699999999957
b3-p1-fixed-2,infra-smoke-9c24c56e-aa45-5dfb-8550-6d6fcdc7bbf5,completed_in_time,41.09400000000005
b3-p1-fixed-2,infra-smoke-acb2fd7b-6783-53ac-8a03-88e3d57b8d82,completed_in_time,40.875
b3-p1-fixed-2,infra-smoke-e54ad64e-9b61-5ebb-af9c-9e30fb4938ce,completed_in_time,41.375
b3-p1-fixed-2,infra-smoke-6252ae37-28f0-59e7-8fb2-747df19bd8fb,completed_in_time,40.92199999999957
b3-p1-fixed-2,infra-smoke-c2f3ad3e-fa16-5319-b4ad-13c451d9345d,completed_in_time,41.4380000000001
b3-p1-fixed-2,infra-smoke-4409aad9-3146-59e7-849a-361bbb9194cc,completed_in_time,42.09400000000005
b3-p1-fixed-2,infra-smoke-86a1bf98-b45e-5a33-852a-695d5c76ace5,completed_in_time,41.73399999999947
b3-p1-fixed-2,infra-smoke-a6075b80-87b1-59d6-8171-16b3522de863,completed_in_time,42.0
b3-p1-fixed-2,infra-smoke-59ebca73-d341-566a-9405-00cacfb5043a,completed_in_time,41.29699999999957
b3-p1-fixed-2,infra-smoke-6cdbedda-bb92-5302-a391-9cfc612dee3d,completed_in_time,41.3119999999999
b3-p1-fixed-2,infra-smoke-8adb5ab9-c77e-5032-ae89-301a82860cbb,completed_in_time,41.6880000000001
b3-p1-fixed-2,infra-smoke-acefff10-143f-51a9-af81-373fc93ec76a,completed_in_time,42.01599999999962
b3-p1-fixed-2,infra-smoke-1909a194-5e20-5e73-82ca-8991add35c3d,completed_in_time,41.90700000000015
b3-p1-fixed-2,infra-smoke-b2ae53e2-0530-5b42-a5aa-c22ba842e8ad,completed_in_time,42.125
b3-p1-fixed-2,infra-smoke-0d174fdb-fa3c-5a81-8f11-03de04a93afa,completed_in_time,42.03099999999995
b3-p1-fixed-2,infra-smoke-a5ecca55-3d1b-5e13-8040-999ba196257e,completed_in_time,42.42199999999957
b3-p1-fixed-2,infra-smoke-09cd3e65-f91d-5bac-9a1e-006737b56b47,completed_in_time,41.65700000000015
b3-p1-fixed-2,infra-smoke-6642238f-4ea8-51d1-ac76-96b9fea878ac,completed_in_time,42.3130000000001
b3-p1-fixed-2,infra-smoke-2f073a0c-34e4-590f-819f-bd1434e16d77,completed_in_time,41.89000000000033
b3-p1-fixed-2,infra-smoke-3d02331c-2663-5750-9b3d-ea84cd472fce,completed_in_time,42.51600000000053
b3-p1-fixed-2,infra-smoke-d6a059c5-765d-54d3-a1be-8f7ca8d34017,completed_in_time,42.53099999999995
b3-p1-fixed-2,infra-smoke-640e86df-6710-5e69-94d7-f62e4ff53948,completed_in_time,42.59400000000005
b3-p1-fixed-2,infra-smoke-6fe5cafc-0432-54df-8406-47c4871fe918,completed_in_time,42.48399999999947
b3-p1-fixed-2,infra-smoke-714fe423-ca30-5c58-a3f4-9233a53a970a,completed_in_time,42.32800000000043
b3-p1-fixed-2,infra-smoke-e8a00697-ed9d-5542-bfb2-432561b53c1c,completed_in_time,42.26599999999962
b3-p1-fixed-2,infra-smoke-18495a5f-dffa-56a4-a170-238b49062319,completed_in_time,41.65700000000015
b3-p1-fixed-2,infra-smoke-f4e693b0-54b5-5d35-8e95-86b8297cae2c,completed_in_time,42.46900000000005
b3-p1-fixed-2,infra-smoke-95514840-67dd-52a9-b9f6-018ba1783d0c,completed_in_time,42.46799999999985
b3-p1-fixed-2,infra-smoke-7d3eddd4-2a42-5d82-969a-e997e119660d,completed_in_time,42.5
b3-p1-fixed-2,infra-smoke-8086127f-7f1d-5cc1-870a-bd8a47390d34,completed_in_time,42.46900000000005
b3-p1-fixed-2,infra-smoke-eb59f2a0-efed-57b9-b76c-b4db4fc27982,completed_in_time,42.03099999999995
b3-p1-fixed-2,infra-smoke-4df14f6c-aa6d-519f-9678-baecd6177893,completed_in_time,42.71900000000005
b3-p1-fixed-2,infra-smoke-e60f1c02-c8aa-5777-a9d6-c7a31ea0e6a0,completed_in_time,42.07799999999952
b3-p1-fixed-2,infra-smoke-89d7b99b-1e9a-57a4-ae91-8fffadce30e6,completed_in_time,41.70300000000043
b3-p1-fixed-2,infra-smoke-c93860d5-8116-5c45-a292-08cf0aa7e567,completed_in_time,42.57899999999972
b3-p1-fixed-2,infra-smoke-7d85ec69-9e66-546a-bf92-b9d9bd7e3549,completed_in_time,42.39099999999962
b3-p1-fixed-2,infra-smoke-ad6ff86d-76e9-51bd-a91a-36b2cb1f6919,completed_in_time,42.48400000000038
b3-p1-fixed-2,infra-smoke-6115e55b-e920-56ef-b044-ce1e8666e56e,completed_in_time,42.375
b3-p1-fixed-2,infra-smoke-3120d801-3eb8-5335-b7ff-df8d4255ca2f,completed_in_time,43.07899999999972
b3-p1-fixed-2,infra-smoke-d40c0d85-a466-50a3-b03b-949ef581b9ff,completed_in_time,42.67200000000048
b3-p1-fixed-2,infra-smoke-7dffa69a-dc81-5758-a244-ac1ddf8faa82,completed_in_time,43.0619999999999
b3-p1-fixed-2,infra-smoke-4e5d6fb9-4ff9-534c-bf4f-6d8ce648560c,completed_in_time,43.32800000000043
b3-p1-fixed-2,infra-smoke-536f2587-4f63-57b4-bba3-8c4d437acffb,completed_in_time,42.90599999999995
b3-p1-fixed-2,infra-smoke-af619706-79f9-580a-9756-af4ec8c810fc,completed_in_time,42.79700000000048
b3-p1-fixed-2,infra-smoke-3557a53a-65e3-54b2-b322-a897ba17c5de,completed_in_time,42.78200000000015
b3-p1-fixed-2,infra-smoke-af270716-86e4-59ef-9a70-995d4ba0f201,completed_in_time,42.78200000000015
b3-p1-fixed-2,infra-smoke-2cded73b-2926-50b5-9f6a-125592451226,completed_in_time,42.92200000000048
b3-p1-fixed-2,infra-smoke-601e9d77-f255-59f8-adf5-f9ed06539a2d,completed_in_time,42.42200000000048
b3-p1-fixed-2,infra-smoke-bdac6aea-758e-59f4-8a30-57e15385f9fb,completed_in_time,42.73499999999967
b3-p1-fixed-2,infra-smoke-900ee36d-f12e-5771-a93b-553f0beeacce,completed_in_time,42.78099999999995
b3-p1-fixed-2,infra-smoke-0f24453c-3a6d-51c8-b378-6a9b0892b9ad,completed_in_time,42.82799999999952
b3-p1-fixed-2,infra-smoke-340f0960-472d-5cd2-a85f-e28e34bf717e,completed_in_time,42.60900000000038
b3-p1-fixed-2,infra-smoke-fa0c21fd-0db7-5ff0-a58a-dc653fea1586,completed_in_time,43.39099999999962
b3-p1-fixed-2,infra-smoke-285f5006-4ddf-567b-a665-d262a7fb767a,completed_in_time,42.96900000000005
b3-p1-fixed-2,infra-smoke-49cf8077-b374-5581-b3d2-9f111aa2703d,completed_in_time,43.0
b3-p1-fixed-2,infra-smoke-f12bf75f-b105-5f38-a982-9240fefef826,completed_in_time,43.10900000000038
b3-p1-fixed-2,infra-smoke-fe5c0e39-b66b-5b77-91e4-f9eba6076275,completed_in_time,42.70299999999952
b3-p1-fixed-2,infra-smoke-a97a0720-b7b6-5009-b6d9-887fc52e616d,completed_in_time,43.3119999999999
b3-p1-fixed-2,infra-smoke-c48ed426-332f-5012-87f2-a19cae96889d,completed_in_time,43.51500000000033
b3-p1-fixed-2,infra-smoke-97bbed02-1118-5175-9590-34ad03f15ad5,completed_in_time,43.71799999999985
b3-p1-fixed-2,infra-smoke-7944df4d-832a-52b5-ace0-b4502e49f867,completed_in_time,43.51599999999962
b3-p1-fixed-2,infra-smoke-597ae903-fe40-545f-9fb4-beb24c7f7ede,completed_in_time,43.57800000000043
b3-p1-fixed-2,infra-smoke-30eccdae-f753-5e6a-ad07-e906557597a7,completed_in_time,44.20299999999952
b3-p1-fixed-2,infra-smoke-7203f12c-2298-5598-8762-e360fbe4ad96,completed_in_time,43.40599999999995
b3-p1-fixed-2,infra-smoke-9027e86e-feaf-55dd-b82c-44ee8f374099,completed_in_time,43.8119999999999
b3-p1-fixed-2,infra-smoke-d3494c01-bcf8-583a-83ef-e922b658c02c,completed_in_time,43.51599999999962
b3-p1-fixed-2,infra-smoke-9f8f0e7b-9518-510b-a60a-05713d4820cb,completed_in_time,43.61000000000058
b3-p1-fixed-2,infra-smoke-5e968f70-6ea1-5705-8eff-c56e7a223642,completed_in_time,43.79699999999957
b3-p1-fixed-2,infra-smoke-bee56432-8e68-545b-89ef-bc1e191ff357,completed_in_time,43.625
b3-p1-fixed-2,infra-smoke-93a25e44-459f-5571-b5cb-0323a36132a8,completed_in_time,43.28099999999995
b3-p1-fixed-2,infra-smoke-8383c6f9-b1dc-5f97-a360-0755a51b10d7,completed_in_time,43.6869999999999
b3-p1-fixed-2,infra-smoke-c0714dab-bb61-55e0-a12a-f3ce08ae6c94,completed_in_time,43.39099999999962
b3-p1-fixed-2,infra-smoke-28460b2a-6bd2-582a-9277-89e4cce82eda,completed_in_time,43.40599999999995
b3-p1-fixed-2,infra-smoke-d3349868-750b-5ffe-ab3d-46ae37dd5d31,completed_in_time,43.625
b3-p1-fixed-2,infra-smoke-39c4be8e-1d98-5853-8706-fdb7d38d41cd,completed_in_time,44.07799999999952
b3-p1-fixed-2,infra-smoke-173e9782-7b5d-5500-8183-102bea5add85,completed_in_time,43.67199999999957
b3-p1-fixed-2,infra-smoke-93051031-e08b-5d16-b18f-b05784ade15d,completed_in_time,44.20299999999952
b3-p1-fixed-2,infra-smoke-677b147b-bd55-5c98-8976-d0fe78537c7f,completed_in_time,43.8130000000001
b3-p1-fixed-2,infra-smoke-54ac1ee1-1a19-5998-a50b-53fee12974a8,completed_in_time,43.71900000000005
b3-p1-fixed-2,infra-smoke-407b4255-af0f-5e7a-819e-b8515d5702b7,completed_in_time,43.875
b3-p1-fixed-2,infra-smoke-f7a8bb99-cc61-5f40-9048-55427cd9ca76,completed_in_time,43.98499999999967
b3-p1-fixed-2,infra-smoke-b38f2889-3445-5859-9b36-9fb9db14a77b,completed_in_time,44.03200000000015
b3-p1-fixed-2,infra-smoke-da21a823-9d21-55bf-81b3-f6978d56957a,completed_in_time,44.20299999999952
b3-p1-fixed-2,infra-smoke-f99a5510-ad59-5a9c-be6e-c177c96ae83c,completed_in_time,43.89099999999962
b3-p1-fixed-2,infra-smoke-818d0de5-0d10-56fe-bdaf-cdc5ff4573c6,completed_in_time,44.67200000000048
b3-p1-fixed-2,infra-smoke-7390f878-fe27-552d-ba97-1f66d0e57dd2,completed_in_time,44.14099999999962
b3-p1-fixed-2,infra-smoke-ca4c5cda-50bb-5203-8ca6-4c09393b3620,completed_in_time,43.92200000000048
b3-p1-fixed-2,infra-smoke-76e6b7a6-f63f-53b0-9b5d-2554deeef112,completed_in_time,43.79699999999957
b3-p1-fixed-2,infra-smoke-ab2774d2-90b3-5b96-94df-3d4a25d39f0c,completed_in_time,44.0
b3-p1-fixed-2,infra-smoke-52cec26d-71b2-50bf-9fae-83dfb4fdb32f,completed_in_time,44.21900000000005
b3-p1-fixed-2,infra-smoke-d021bd79-d44b-5179-8a83-8f41e456d5b6,completed_in_time,44.375
b3-p1-fixed-2,infra-smoke-ea2a1028-f73d-5955-9863-22640a4c034c,completed_in_time,44.28099999999995
b3-p1-fixed-2,infra-smoke-d58232fe-fc3e-5e41-9612-23ac8d7fc5c8,completed_in_time,44.375
b3-p1-fixed-2,infra-smoke-c71020e7-853d-527e-be16-64b67078e710,completed_in_time,44.29700000000048
b3-p1-fixed-2,infra-smoke-f26de28a-6689-59be-b08b-a7951a286313,completed_in_time,44.67199999999957
b3-p1-fixed-2,infra-smoke-787cea0c-80e7-5f9f-830d-7cd178184da4,completed_in_time,44.3119999999999
b3-p1-fixed-2,infra-smoke-6032b78b-7446-5205-9c92-afc97aebd3bd,completed_in_time,44.40599999999995
b3-p1-fixed-2,infra-smoke-c64648fe-5411-54f7-8d0c-bb02170769b4,completed_in_time,44.51500000000033
b3-p1-fixed-2,infra-smoke-cfd4c823-92c5-52bc-bc18-6ebef2bdbcff,completed_in_time,44.51599999999962
b3-p1-fixed-2,infra-smoke-b379f156-935a-526e-9d57-58f253b46ef1,completed_in_time,44.8130000000001
b3-p1-fixed-2,infra-smoke-5db8d082-e544-52bc-ac64-f4956b659287,completed_in_time,44.53099999999995
b3-p1-fixed-2,infra-smoke-a4fe4ecb-fe77-507c-a267-8512ea8ed6eb,completed_in_time,44.90599999999995
b3-p1-fixed-2,infra-smoke-69d68408-51d1-58ca-a231-17530edefdc8,completed_in_time,44.42199999999957
b3-p1-fixed-2,infra-smoke-0d65c59b-976c-5074-bce4-8932db34280e,completed_in_time,44.375
b3-p1-fixed-2,infra-smoke-66531945-486c-592b-8ce4-517a0723079a,completed_in_time,44.71900000000005
b3-p1-fixed-2,infra-smoke-ca3ca1f2-8c6d-50db-ad56-524aa1f14b01,completed_in_time,44.1880000000001
b3-p1-fixed-2,infra-smoke-795e4f5b-5574-5a34-9cc4-bd59516cc00c,completed_in_time,44.60899999999947
b3-p1-fixed-2,infra-smoke-3d957315-5f43-58ca-8673-ba9ee93eb3b0,completed_in_time,44.78099999999995
b3-p1-fixed-2,infra-smoke-c42558a3-5a54-5176-864d-6ef51d33fb18,completed_in_time,45.40700000000015
b3-p1-fixed-2,infra-smoke-6b3843a4-5b91-56c9-ba58-c37c40770b8d,completed_in_time,44.625
b3-p1-fixed-2,infra-smoke-e94fc140-6bb1-5d6b-9fb3-01bbcea18320,completed_in_time,44.29699999999957
b3-p1-fixed-2,infra-smoke-118cccc7-874e-5d90-b4f7-e73000b65c0d,completed_in_time,44.6869999999999
b3-p1-fixed-2,infra-smoke-382d7a8a-5fae-5813-b2b8-5ad45e05c27e,completed_in_time,45.29600000000028
b3-p1-fixed-2,infra-smoke-b3ade55c-10f4-5a20-826a-e697d114240a,completed_in_time,45.3130000000001
b3-p1-fixed-2,infra-smoke-94dc9043-7ca4-5767-a842-240f00706599,completed_in_time,45.28099999999995
b3-p1-fixed-2,infra-smoke-5047c03d-7ae6-5dfb-8761-9b3745cbc6ea,completed_in_time,45.21900000000005
b3-p1-fixed-2,infra-smoke-dea7ff5a-f40c-5a71-9570-59025f17a12c,completed_in_time,45.5
b3-p1-fixed-2,infra-smoke-65973168-33f4-5626-8cb9-aad4cee5177e,completed_in_time,44.65700000000015
b3-p1-fixed-2,infra-smoke-d2a77c84-c16b-5264-9a44-1d15e4b981d8,completed_in_time,45.20300000000043
b3-p1-fixed-2,infra-smoke-55426901-11af-5bce-a91d-f787209b0c69,completed_in_time,45.1880000000001
b3-p1-fixed-2,infra-smoke-14001932-9f90-5f95-81c6-d46d27ac7297,completed_in_time,45.10900000000038
b3-p1-fixed-2,infra-smoke-53333ed1-b358-5ca8-96da-08a8e8ba2ec7,completed_in_time,44.40599999999995
b3-p1-fixed-2,infra-smoke-87497d14-ba7e-55b3-998e-db12672aaf1a,completed_in_time,44.98399999999947
b3-p1-fixed-2,infra-smoke-b2ea1829-b69e-5743-9233-6d6fe01429d7,completed_in_time,45.28099999999995
b3-p1-fixed-2,infra-smoke-dac26140-eea2-524b-9b00-fc9e9042b83d,completed_in_time,45.89100000000053
b3-p1-fixed-2,infra-smoke-703542ab-b978-5e62-a00a-7d8810242e1f,completed_in_time,45.3130000000001
b3-p1-fixed-2,infra-smoke-3644e4e8-58cd-5fb4-960a-9dc19ec69566,completed_in_time,45.42100000000028
b3-p1-fixed-2,infra-smoke-f61b516b-081f-511c-81f1-b166f91334f5,completed_in_time,45.32799999999952
b3-p1-fixed-2,infra-smoke-d9816b24-bbdf-5159-a9c7-9fee7576d4a8,completed_in_time,45.6869999999999
b3-p1-fixed-2,infra-smoke-f256960a-3349-5b09-85b0-9bde5ac06ea6,completed_in_time,45.67100000000028
b3-p1-fixed-2,infra-smoke-5fcea130-e2ef-5167-a3b8-9bcbd831519b,completed_in_time,45.70299999999952
b3-p1-fixed-2,infra-smoke-9d28766e-627e-5c32-8a05-acd697844542,completed_in_time,45.6869999999999
b3-p1-fixed-2,infra-smoke-6ced9af0-2133-57e9-b405-293a9280e0a1,completed_in_time,45.39099999999962
b3-p1-fixed-2,infra-smoke-980b99fe-724c-511c-957e-2c342847b406,completed_in_time,45.5
b3-p1-fixed-2,infra-smoke-3a0ddb8f-9ac8-5925-aefa-c57706b8810b,completed_in_time,45.60999999999967
b3-p1-fixed-2,infra-smoke-a6f14890-fc95-5979-a76c-c46cf56d5208,completed_in_time,45.60900000000038
b3-p1-fixed-2,infra-smoke-5c1cb3f3-7181-5c73-86c8-010d0d0613ec,completed_in_time,45.07799999999952
b3-p1-fixed-2,infra-smoke-724a627f-314f-5eef-963f-fa97ef66cc07,completed_in_time,45.71900000000005
b3-p1-fixed-2,infra-smoke-ec084184-8f38-578a-9ae0-409e31f1eac5,completed_in_time,45.3130000000001
b3-p1-fixed-2,infra-smoke-91bdf1ed-7a4e-577e-8a8d-ffaa71ef2d77,completed_in_time,46.03099999999995
b3-p1-fixed-2,infra-smoke-d4a97600-f295-5a13-872d-6870b03fa5aa,completed_in_time,45.78099999999995
b3-p1-fixed-2,infra-smoke-30f9b24a-9be9-5074-82f9-2cea2fcbb264,completed_in_time,45.90700000000015
b3-p1-fixed-2,infra-smoke-7646ba52-d2a0-5d99-9bf0-6b0cdc128763,completed_in_time,46.01600000000053
b3-p1-fixed-2,infra-smoke-569b14c4-15d5-5644-885a-2cd9c80520b6,completed_in_time,46.01500000000033
b3-p1-fixed-2,infra-smoke-484a7bea-dc74-5d72-8e7b-fa06e4d8013f,completed_in_time,46.21900000000005
b3-p1-fixed-2,infra-smoke-1caf3c98-6bc2-5138-9e02-c48defb16813,completed_in_time,46.28099999999995
b3-p1-fixed-2,infra-smoke-1861a80f-28a3-5bc3-bf1d-7a0e61c2119e,completed_in_time,46.09400000000005
b3-p1-fixed-2,infra-smoke-515b6c80-c62e-5173-9294-9eebc251e445,completed_in_time,46.17199999999957
b3-p1-fixed-2,infra-smoke-9af513fe-ab21-5a22-9d62-6f2d087a0369,completed_in_time,46.28200000000015
b3-p1-fixed-2,infra-smoke-c54f9be1-b982-509b-9428-a26e09833636,completed_in_time,46.10899999999947
b3-p1-fixed-2,infra-smoke-07ed6b43-0ecd-57d6-afbc-12353d9cda15,completed_in_time,46.20299999999952
b3-p1-fixed-2,infra-smoke-bf39600e-c8cd-5bc9-88b0-6f1361949ae3,completed_in_time,46.17100000000028
b3-p1-fixed-2,infra-smoke-5dff665f-9d75-59f1-9447-2ce4b409e9aa,completed_in_time,46.10900000000038
b3-p1-fixed-2,infra-smoke-8d0db453-4fdf-5f8d-b1cf-cffd067d46e8,completed_in_time,46.48400000000038
b3-p1-fixed-2,infra-smoke-e9c0053e-eaae-52cb-a596-2693955b82ca,completed_in_time,46.20399999999972
b3-p1-fixed-2,infra-smoke-d7546477-8ddd-57e7-8273-f5444cac233e,completed_in_time,46.04600000000028
b3-p1-fixed-2,infra-smoke-db85a681-69ab-5c3f-b1ca-6549ae199376,completed_in_time,46.39100000000053
b3-p1-fixed-2,infra-smoke-b2a419f1-f88d-53b0-a1cd-19b843ded609,completed_in_time,46.1880000000001
b3-p1-fixed-2,infra-smoke-027c4175-2352-5b56-b693-5b4ac9c6357b,completed_in_time,46.28099999999995
b3-p1-fixed-2,infra-smoke-60768528-6025-5614-8733-b1b29e092cbc,completed_in_time,46.5
b3-p1-fixed-2,infra-smoke-d5f4104e-4f11-5ec0-a187-5a9885a2a972,completed_in_time,46.57800000000043
b3-p1-fixed-2,infra-smoke-a797eaa4-8449-519d-96b9-2306bad96b0b,completed_in_time,46.82800000000043
b3-p1-fixed-2,infra-smoke-05e6f714-3e4d-5f76-bd7a-aca151d0cbb4,completed_in_time,46.39000000000033
b3-p1-fixed-2,infra-smoke-6c407c77-561f-5004-9403-4d6a67e7a83a,completed_in_time,46.59299999999985
b3-p1-fixed-2,infra-smoke-9446b1ef-fb51-5926-9a80-1f1f7cda0e40,completed_in_time,46.51599999999962
b3-p1-fixed-2,infra-smoke-197abbd9-2664-54ad-b85f-35281fa7e6cc,completed_in_time,46.0
b3-p1-fixed-2,infra-smoke-03300954-3d04-5d69-9d08-c1a81e19abfb,completed_in_time,46.29700000000048
b3-p1-fixed-2,infra-smoke-c1cbb9c3-e7e1-51e0-b118-fe60c6e8e375,completed_in_time,46.79700000000048
b3-p1-fixed-2,infra-smoke-0ca5712c-a9b5-55df-becb-29ae89824c27,completed_in_time,46.5
b3-p1-fixed-2,infra-smoke-ce8f12b1-331e-5cc3-82cb-393d1d1e8a99,completed_in_time,46.23499999999967
b3-p1-fixed-2,infra-smoke-0a369eb1-8e4f-568f-8956-d646dd85314c,completed_in_time,46.89000000000033
b3-p1-fixed-2,infra-smoke-7ea44411-4191-5caa-8b32-4f387ca9e90b,completed_in_time,46.60900000000038
b3-p1-fixed-2,infra-smoke-3b3c5f9b-4212-5af3-8cfc-37ed3932a27a,completed_in_time,46.57800000000043
b3-p1-fixed-2,infra-smoke-25ccf302-293c-5c1c-8e9a-61d96fec1a2e,completed_in_time,46.96900000000005
b3-p1-fixed-2,infra-smoke-60b2a654-8d7e-525e-850b-cb6df01101d5,completed_in_time,46.6880000000001
b3-p1-fixed-2,infra-smoke-80ecbe4e-ce8b-515e-9550-e8d767831660,completed_in_time,47.28099999999995
b3-p1-fixed-2,infra-smoke-1e0cc1f8-2393-5b52-bad7-9bd3f5b19220,completed_in_time,46.21900000000005
b3-p1-fixed-2,infra-smoke-d8a1527d-571b-59e8-a6f3-8505d361ae7d,completed_in_time,46.59400000000005
b3-p1-fixed-2,infra-smoke-259572d2-191d-5bf0-b03c-9045900a28fd,completed_in_time,46.96900000000005
b3-p1-fixed-2,infra-smoke-f85bbec4-a822-5791-a7b4-d9d575c97ba6,completed_in_time,46.8130000000001
b3-p1-fixed-2,infra-smoke-f263ef38-de53-5d10-8a0a-cab41af1737f,completed_in_time,46.8119999999999
b3-p1-fixed-2,infra-smoke-e0d24735-c315-51af-b3a5-6050330b0629,completed_in_time,46.78099999999995
b3-p1-fixed-2,infra-smoke-ea40242e-c097-50e1-a562-8f53501fed24,completed_in_time,46.73499999999967
b3-p1-fixed-2,infra-smoke-53017504-fa6a-5cc8-bb63-8775b4c2163f,completed_in_time,46.53099999999995
b3-p1-fixed-2,infra-smoke-3179e75e-0995-5a6f-b9c7-7990f0ca80f5,completed_in_time,46.70300000000043
b3-p1-fixed-2,infra-smoke-b3b39443-00dd-5dff-b36e-17cf07b2454f,completed_in_time,46.29699999999957
b3-p1-fixed-2,infra-smoke-f5432e7f-c717-5f83-aec6-8d7600d202ca,completed_in_time,46.51500000000033
b3-p1-fixed-2,infra-smoke-4b806b41-de0d-5044-ad7d-7823632765ca,completed_in_time,47.0
b3-p1-fixed-2,infra-smoke-98d931d6-8225-55a8-af19-112f96a240fc,completed_in_time,46.90599999999995
b3-p1-fixed-2,infra-smoke-b49f79eb-753c-5c19-9c4b-a4ec1bc3be6c,completed_in_time,46.67199999999957
b3-p1-fixed-2,infra-smoke-15f31689-44c4-525c-817c-eab406f34be8,completed_in_time,46.6880000000001
b3-p1-fixed-2,infra-smoke-853f5376-4469-5ad0-bb03-ff383c278d1f,completed_in_time,46.78200000000015
b3-p1-fixed-2,infra-smoke-5566df42-77df-5651-a5af-06d26815b67f,completed_in_time,46.70299999999952
b3-p1-fixed-2,infra-smoke-ac649c06-2a2a-53dc-b6e1-931ac37e3bc4,completed_in_time,46.79699999999957
b3-p1-fixed-2,infra-smoke-c07b3b97-de8b-5665-9372-6e6bc995d842,completed_in_time,46.98399999999947
b3-p1-fixed-2,infra-smoke-dd71bbf8-ab28-5d5d-aaff-993a4418a6b5,completed_in_time,47.01499999999942
b3-p1-fixed-2,infra-smoke-c1f6dd13-5dc1-51b4-b968-35f79c3aa767,completed_in_time,47.59400000000005
b3-p1-fixed-2,infra-smoke-6b138d66-b74c-545a-a533-6f0acc392c9b,completed_in_time,47.17200000000048
b3-p1-fixed-2,infra-smoke-09d9dd83-4618-57ec-8b93-3941e7b6a6d1,completed_in_time,47.20299999999952
b3-p1-fixed-2,infra-smoke-02db39e4-f83b-5e82-803d-b2351d9aa117,completed_in_time,46.84400000000005
b3-p1-fixed-2,infra-smoke-5f60cf5e-fbf9-57b6-95c0-7bf2080f76be,completed_in_time,47.1869999999999
b3-p1-fixed-2,infra-smoke-c64165ab-97fc-5849-9dc9-379d95fd502b,completed_in_time,47.10999999999967
b3-p1-fixed-2,infra-smoke-d2d2dc8d-c244-5e2d-8de0-e2d3f08c7a43,completed_in_time,47.42199999999957
b3-p1-fixed-2,infra-smoke-6d7041a5-c715-5c98-b66f-2b5bc3ad6f1d,completed_in_time,47.3119999999999
b3-p1-fixed-2,infra-smoke-db43414b-c0ef-5121-a569-61fba1c38c86,completed_in_time,47.46900000000005
b3-p1-fixed-2,infra-smoke-5d0891f0-347f-533a-9eaa-0e9412ea06d4,completed_in_time,47.5
b3-p1-fixed-2,infra-smoke-fde90982-b2af-57ab-8720-d9f0e2b60be0,completed_in_time,47.46799999999985
b3-p1-fixed-2,infra-smoke-1563e3df-91a6-5eab-a9b2-7b8a8ee60bf0,completed_in_time,47.59400000000005
b3-p1-fixed-2,infra-smoke-d255cf41-4785-5b00-8c87-5db5df80a64a,completed_in_time,47.28099999999995
b3-p1-fixed-2,infra-smoke-5fc2be1f-c418-5acc-b181-cf7f204658e0,completed_in_time,47.29700000000048
b3-p1-fixed-2,infra-smoke-713c91ca-ccfd-5ca1-9161-78fc6815e42c,completed_in_time,47.70299999999952
b3-p1-fixed-2,infra-smoke-e5f4af47-6244-577d-9f08-4ace679a6bed,completed_in_time,47.71799999999985
b3-p1-fixed-2,infra-smoke-78c48b16-b8cd-58ac-be4e-ecf0ea9fe9e0,completed_in_time,47.79700000000048
b3-p1-fixed-2,infra-smoke-3c2f21d0-5fdb-5499-9d44-0bab9a3ee434,completed_in_time,47.5
b3-p1-fixed-2,infra-smoke-77455e69-a87f-5094-83c8-5afb78505e8a,completed_in_time,47.51599999999962
b3-p1-fixed-2,infra-smoke-ea29c7fb-3dc0-5f15-a096-45f310fcaa77,completed_in_time,47.48499999999967
b3-p1-fixed-2,infra-smoke-cfa4a03b-3865-5725-83ab-448fad2447d1,completed_in_time,47.1880000000001
b3-p1-fixed-2,infra-smoke-286f4355-ad40-58ae-96e9-b9cf39261920,completed_in_time,47.5
b3-p1-fixed-2,infra-smoke-292115b0-92e4-5301-9c73-ad48b5a53848,completed_in_time,47.79600000000028
b3-p1-fixed-2,infra-smoke-9fd605ae-338e-53a2-abb4-1c5df0879872,completed_in_time,48.01600000000053
b3-p1-fixed-2,infra-smoke-9c535d66-44b7-5255-8dcb-b25f4afee932,completed_in_time,47.98400000000038
b3-p1-fixed-2,infra-smoke-a2d1b6e0-2f2c-5a2a-8a31-770a4c7e10ca,completed_in_time,48.42199999999957
b3-p1-fixed-2,infra-smoke-53678805-c144-57e7-92db-86a1f9da547a,completed_in_time,48.32799999999952
b3-p1-fixed-2,infra-smoke-b66aca73-d5e0-5846-bb55-0f4b02a1dcb1,completed_in_time,47.65599999999995
b3-p1-fixed-2,infra-smoke-3f7734bc-203b-52b0-9b78-1d1e8719ddfb,completed_in_time,47.90599999999995
b3-p1-fixed-2,infra-smoke-16ba656c-1921-549b-abdc-981d96ac0497,completed_in_time,48.1880000000001
b3-p1-fixed-2,infra-smoke-62783341-37e4-5b25-8d49-105454f5fd0e,completed_in_time,48.14099999999962
b3-p1-fixed-2,infra-smoke-f361f38f-eb45-554e-a953-90024cb19064,completed_in_time,48.23399999999947
b3-p1-fixed-2,infra-smoke-9c2f6245-a652-51af-a8b9-1e7b8d62527e,completed_in_time,48.29700000000048
b3-p1-fixed-2,infra-smoke-8220a25b-e0c7-5adc-92bc-93c71d942f55,completed_in_time,48.32800000000043
b3-p1-fixed-2,infra-smoke-3c6ce6e7-2781-51d3-bfb6-3b746dcb2fae,completed_in_time,48.23400000000038
b3-p1-fixed-2,infra-smoke-cc5d3d26-6f19-5fd4-89f8-cd5e8b324c95,completed_in_time,48.20300000000043
b3-p1-fixed-2,infra-smoke-46e22706-e3ce-5891-9f13-77781a06d91a,completed_in_time,47.875
b3-p1-fixed-2,infra-smoke-23ef2a8b-0009-5ba0-96b6-454e092f2a47,completed_in_time,48.625
b3-p1-fixed-2,infra-smoke-633dbf6c-80d6-5c67-8322-76702aed2ff7,completed_in_time,47.96900000000005
b3-p1-fixed-2,infra-smoke-bc568246-bc06-57eb-bcfa-aecb9ba852e4,completed_in_time,48.29699999999957
b3-p1-fixed-2,infra-smoke-68339698-e00f-5024-80b8-9b558d13f371,completed_in_time,48.1869999999999
b3-p1-fixed-2,infra-smoke-5a4a212f-2f5f-5a4e-a00d-422add04fd3f,completed_in_time,48.17200000000048
b3-p1-fixed-2,infra-smoke-b5922a1a-769e-5b5b-93e6-316455445a55,completed_in_time,48.26600000000053
b3-p1-fixed-2,infra-smoke-75ca60e8-7a93-5622-89f3-eb4062ec9f9a,completed_in_time,48.67100000000028
b3-p1-fixed-2,infra-smoke-790b3b65-4148-52a6-9677-64485a097a81,completed_in_time,49.03099999999995
b3-p1-fixed-2,infra-smoke-77f49df6-2fd6-54c7-be9b-4b4e3108aa59,completed_in_time,49.0
b3-p1-fixed-2,infra-smoke-92c587ca-f850-502d-9d1a-478d90c75124,completed_in_time,48.73400000000038
b3-p1-fixed-2,infra-smoke-88873f24-9c8c-5b13-b5c3-5edb2b2d1311,completed_in_time,48.6880000000001
b3-p1-fixed-2,infra-smoke-cebf0a22-09e0-5f7e-9439-2e3cb738bfb2,completed_in_time,48.6880000000001
b3-p1-fixed-2,infra-smoke-3347149b-cfff-54c7-a7e8-72c6a3b8b5b9,completed_in_time,48.96799999999985
b3-p1-fixed-2,infra-smoke-978da31a-aac3-5422-aec0-51fc3659fd1f,completed_in_time,48.60900000000038
b3-p1-fixed-2,infra-smoke-8fe39711-4767-521d-9703-624b170c711f,completed_in_time,48.51599999999962
b3-p1-fixed-2,infra-smoke-e4ef9da7-e5fa-59e5-b8a1-ae7e1cde8744,completed_in_time,48.98499999999967
b3-p1-fixed-2,infra-smoke-746e03df-88e9-57ea-97c8-bc6d0b32b69d,completed_in_time,48.59400000000005
b3-p1-fixed-2,infra-smoke-8a856b80-65bf-5a52-ba52-832b560d4d10,completed_in_time,48.98400000000038
b3-p1-fixed-2,infra-smoke-f63d18db-5dd5-564e-a1ff-2b737caa3fd9,completed_in_time,48.34400000000005
b3-p1-fixed-2,infra-smoke-9245f19d-b661-5a79-a72c-5eb89d66f8bf,completed_in_time,47.60900000000038
b3-p1-fixed-2,infra-smoke-0bed4771-e5c2-52d7-9bb6-d956c7dbb36f,completed_in_time,49.0
b3-p1-fixed-2,infra-smoke-40c820a3-d45e-5cd3-b7f2-21f8998af0e0,completed_in_time,49.1880000000001
b3-p1-fixed-2,infra-smoke-775cb232-e76d-557a-bc52-cc563e4b97e6,completed_in_time,48.5630000000001
b3-p1-fixed-2,infra-smoke-91bc1868-06c1-5340-bbcf-f1f83c1a3230,completed_in_time,49.40599999999995
b3-p1-fixed-2,infra-smoke-b0822423-8950-555d-b3cb-9ce8a1550459,completed_in_time,48.8119999999999
b3-p1-fixed-2,infra-smoke-73bfb102-49e6-5347-88fe-60049f1b2f28,completed_in_time,49.42199999999957
b3-p1-fixed-2,infra-smoke-69b750ea-672d-5bfc-924c-a55daa062630,completed_in_time,48.90599999999995
b3-p1-fixed-2,infra-smoke-73c54275-8a1f-5a98-ac8a-3974e965095b,completed_in_time,48.70399999999972
b3-p1-fixed-2,infra-smoke-6e2e81de-05bb-5582-b211-c0244153b6c3,completed_in_time,48.90599999999995
b3-p1-fixed-2,infra-smoke-82a305e7-3d4a-5876-a79b-d950269e6dc2,completed_in_time,48.71900000000005
b3-p1-fixed-2,infra-smoke-26360f54-b152-5aae-a329-3503a18db043,completed_in_time,48.89100000000053
b3-p1-fixed-2,infra-smoke-4a6e4af6-5f6e-52f0-bcc4-c9391c79bf59,completed_in_time,49.01600000000053
b3-p1-fixed-2,infra-smoke-f41992d5-eced-5a91-8f95-69b47f56415f,completed_in_time,48.73499999999967
b3-p1-fixed-2,infra-smoke-a9757fd6-352a-50a6-b44a-34f6fb1df69c,completed_in_time,48.8130000000001
b3-p1-fixed-2,infra-smoke-8e247b0e-453f-573e-b97f-fccba57ef827,completed_in_time,48.8130000000001
b3-p1-fixed-2,infra-smoke-d107d46c-b400-537c-a88f-f098e76fc137,completed_in_time,48.98499999999967
b3-p1-fixed-2,infra-smoke-1c669bd5-d7b6-5d9f-832c-5c3e36e0dc6f,completed_in_time,49.0
b3-p1-fixed-2,infra-smoke-a911297c-65b8-5b55-8fcb-538a2f56ff5a,completed_in_time,48.82800000000043
b3-p1-fixed-2,infra-smoke-3923206b-d4b4-5fa5-9930-3bb888db23f6,completed_in_time,48.89099999999962
b3-p1-fixed-2,infra-smoke-c904ca71-5d84-576e-abf9-c9dd3c202bc8,completed_in_time,49.1869999999999
b3-p1-fixed-2,infra-smoke-de63fcf9-10d9-53d0-811d-55ef78452de4,completed_in_time,49.67200000000048
b3-p1-fixed-2,infra-smoke-cdb4eb79-034a-5cd7-b46b-e876ccfb7846,completed_in_time,49.79700000000048
b3-p1-fixed-2,infra-smoke-6d9f5d05-1006-5ff5-a06a-3dfa3673bcdb,completed_in_time,49.125
b3-p1-fixed-2,infra-smoke-b804d7fb-2d0c-52f9-8120-ef2ca3d3fb1d,completed_in_time,49.5
b3-p1-fixed-2,infra-smoke-13189098-6d5a-515a-bca7-9113f35cc712,completed_in_time,49.125
b3-p1-fixed-2,infra-smoke-be9652df-9b92-51af-aa73-39cc7f523868,completed_in_time,49.20299999999952
b3-p1-fixed-2,infra-smoke-56bb01f6-9530-5d1c-9678-0e0cdf357ede,completed_in_time,49.48400000000038
b3-p1-fixed-2,infra-smoke-a3856f9b-d347-5126-badb-cb9de6bcb847,completed_in_time,49.46900000000005
b3-p1-fixed-2,infra-smoke-f59c45a0-0d46-5bb9-9782-2169683e9834,completed_in_time,49.5
b3-p1-fixed-2,infra-smoke-7288dcd4-3938-59fd-bc76-2dbf41d2425e,completed_in_time,49.6880000000001
b3-p1-fixed-2,infra-smoke-094166c1-6703-5e70-bcea-1c697bf2a844,completed_in_time,49.01499999999942
b3-p1-fixed-2,infra-smoke-da77499b-77a2-5fe1-9115-3ed4b5df1e0d,completed_in_time,49.60999999999967
b3-p1-fixed-2,infra-smoke-f12b183f-837e-5754-938d-ec2f476c6f12,completed_in_time,49.5
b3-p1-fixed-2,infra-smoke-92003ab4-bc39-5f15-a55e-e660d8a709a7,completed_in_time,49.5
b3-p1-fixed-2,infra-smoke-40bb9750-4bbc-5cac-abdd-89b10a40bde3,completed_in_time,49.60999999999967
b3-p1-fixed-2,infra-smoke-8994da35-d1b4-5c68-88ec-60483b7b79cf,completed_in_time,50.1880000000001
b3-p1-fixed-2,infra-smoke-035e182a-81e3-5c44-9cf8-4c7403f3666d,completed_in_time,49.39100000000053
b3-p1-fixed-2,infra-smoke-b00dd81f-dfb2-52a8-aa76-1a8595611d3a,completed_in_time,50.09400000000005
b3-p1-fixed-2,infra-smoke-cb3641e8-05fd-5ffd-98f8-dbe7a888f747,completed_in_time,50.3130000000001
b3-p1-fixed-2,infra-smoke-864d81ea-c5cb-5900-863a-1cee9b61d539,completed_in_time,49.8119999999999
b3-p1-fixed-2,infra-smoke-f07ec285-28ff-5d88-a7c1-1a7ab783544d,completed_in_time,50.10900000000038
b3-p1-fixed-2,infra-smoke-571f387a-a9c0-5b19-9ba9-5733ae9b43e2,completed_in_time,49.8130000000001
b3-p1-fixed-2,infra-smoke-5cba8836-800e-5c14-b303-c31d89427652,completed_in_time,50.0630000000001
b3-p1-fixed-2,infra-smoke-fdb96b96-8972-5922-9124-117ae782b64a,completed_in_time,50.4369999999999
b3-p1-fixed-2,infra-smoke-bc8dbace-9af2-5564-8241-ddf5536ea4a2,completed_in_time,50.40599999999995
b3-p1-fixed-2,infra-smoke-285cb661-ebe9-5666-a5f7-375b9d47d160,completed_in_time,50.21900000000005
b3-p1-fixed-2,infra-smoke-8fdad31b-d670-5db2-9a09-4fccc3f74bec,completed_in_time,50.17100000000028
b3-p1-fixed-2,infra-smoke-d3a28898-d40e-554a-9a93-cf6ec4d663e7,completed_in_time,50.26500000000033
b3-p1-fixed-2,infra-smoke-ada80817-b3e0-5a33-b393-88bb29fb43b5,completed_in_time,50.29699999999957
b3-p1-fixed-2,infra-smoke-261f6cee-c2a0-50c9-bcbf-891c5465631f,completed_in_time,50.10900000000038
b3-p1-fixed-2,infra-smoke-94acef3a-49f3-55b5-9259-d8342953f28d,completed_in_time,50.07799999999952
b3-p1-fixed-2,infra-smoke-c8d17061-d8e3-52f6-9cf0-b3371353c6cc,completed_in_time,50.0
b3-p1-fixed-2,infra-smoke-69343fc6-9482-50e3-a5b9-3394949b25d7,completed_in_time,50.21799999999985
b3-p1-fixed-2,infra-smoke-35d41178-dbb1-542b-92b9-68d31777a852,completed_in_time,50.6880000000001
b3-p1-fixed-2,infra-smoke-9e1c1118-3799-5db6-99ca-a422f7647035,completed_in_time,50.39000000000033
b3-p1-fixed-2,infra-smoke-a81e1bb0-a1db-5b34-abc8-ab9e9972ad22,completed_in_time,50.21799999999985
b3-p1-fixed-2,infra-smoke-b1f273ec-535b-5e6f-b2e8-d9070aa5bce0,completed_in_time,49.90700000000015
b3-p1-fixed-2,infra-smoke-c5aee0d2-7acd-5974-948d-692aa59c9af9,completed_in_time,50.46900000000005
b3-p1-fixed-2,infra-smoke-478f9b44-ce4d-5db0-ad96-0617dae2ecde,completed_in_time,50.40599999999995
b3-p1-fixed-2,infra-smoke-ee61a7b8-074c-5dd2-b181-e4da9264c0c9,completed_in_time,50.84400000000005
b3-p1-fixed-2,infra-smoke-0c71d466-0718-56a5-a171-d6e79b55d966,completed_in_time,50.11000000000058
b3-p1-fixed-2,infra-smoke-c1ae4954-312d-5997-a76a-a5ea13b9eb7d,completed_in_time,50.39000000000033
b3-p1-fixed-2,infra-smoke-9f9ee6d7-1df4-5728-93ab-27c65bff63ec,completed_in_time,50.875
b3-p1-fixed-2,infra-smoke-2222d65a-2cef-5e17-aa6a-3410164474dc,completed_in_time,50.28099999999995
b3-p1-fixed-2,infra-smoke-0e129f48-7dcf-564f-befc-1b98170651d8,completed_in_time,49.67199999999957
b3-p1-fixed-2,infra-smoke-1f7d475b-f849-52dc-90e0-73cd94c1770b,completed_in_time,49.9380000000001
b3-p1-fixed-2,infra-smoke-712a1f88-4c54-57e1-8b95-3b95b7b355f9,completed_in_time,50.28099999999995
b3-p1-fixed-2,infra-smoke-40f6fa42-49e1-5d6f-87ac-0ea155c87595,completed_in_time,50.09400000000005
b3-p1-fixed-2,infra-smoke-acfc189b-e9c0-5171-bc15-210a7bd8b1a1,completed_in_time,50.21900000000005
b3-p1-fixed-2,infra-smoke-b8aecba7-c758-518c-9fee-bec233c3d55f,completed_in_time,50.39100000000053
b3-p1-fixed-2,infra-smoke-750e05f5-767a-557d-9e25-7389e820d997,completed_in_time,50.45300000000043
b3-p1-fixed-2,infra-smoke-2c3faa5b-16c3-5e6d-87d6-671a3e8a35b4,completed_in_time,50.70300000000043
b3-p1-fixed-2,infra-smoke-8c3ced51-0d64-518f-8061-6dc71f1ac82b,completed_in_time,50.90599999999995
b3-p1-fixed-2,infra-smoke-55afb4d9-895c-5968-91db-b6b5ba00c495,completed_in_time,50.51599999999962
b3-p1-fixed-2,infra-smoke-2f341023-7c9c-5c58-9c3a-70e2dc341ae4,completed_in_time,50.6880000000001
b3-p1-fixed-2,infra-smoke-ec8c8918-7125-57a1-8d7f-3969b2ed6824,completed_in_time,50.53099999999995
b3-p1-fixed-2,infra-smoke-aa1c968a-360a-5a7a-955d-1a218c4805cf,completed_in_time,51.21900000000005
b3-p1-fixed-2,infra-smoke-6e633028-2287-585c-af95-56b61147e16c,completed_in_time,51.3119999999999
b3-p1-fixed-2,infra-smoke-52f444e3-2196-572d-93aa-0306ac25c1ec,completed_in_time,50.6869999999999
b3-p1-fixed-2,infra-smoke-49fc6593-cddd-5980-85df-4f709bb429be,completed_in_time,50.8119999999999
b3-p1-fixed-2,infra-smoke-016ff77f-e1d9-548e-8aa2-21783889f4ad,completed_in_time,51.28200000000015
b3-p1-fixed-2,infra-smoke-68afbb05-7ba4-5b97-a07b-531586160230,completed_in_time,50.375
b3-p1-fixed-2,infra-smoke-72a93ab2-59ee-57c3-9f63-b7bfd44fc666,completed_in_time,51.0630000000001
b3-p1-fixed-2,infra-smoke-84c52932-a1e4-5443-b36b-0b46584b4514,completed_in_time,51.23400000000038
b3-p1-fixed-2,infra-smoke-b4f5fd70-54bc-5fbf-902f-a6129f1d5a8c,completed_in_time,50.73400000000038
b3-p1-fixed-2,infra-smoke-41451297-8bc1-552b-bf21-280f6438c0ea,completed_in_time,51.40599999999995
b3-p1-fixed-2,infra-smoke-0a3a02d2-004b-598f-a818-5939416dc209,completed_in_time,51.79699999999957
b3-p1-fixed-2,infra-smoke-06d0b05d-c2fc-5839-af50-60a0e777a479,completed_in_time,51.07800000000043
b3-p1-fixed-2,infra-smoke-c59e2206-d6a5-5110-be2f-202617c75a50,completed_in_time,51.60899999999947
b3-p1-fixed-2,infra-smoke-6282f3b9-1d97-5564-b554-2849bb9afb65,completed_in_time,50.90700000000015
b3-p1-fixed-2,infra-smoke-abbce5e3-fcf1-59f4-9978-243b80b8bca4,completed_in_time,50.96900000000005
b3-p1-fixed-2,infra-smoke-789f2ad7-cf70-5d29-8ebe-67318f2f97e4,completed_in_time,51.85999999999967
b3-p1-fixed-2,infra-smoke-158c1e71-d958-5bc6-a37e-4078e385b29a,completed_in_time,51.1880000000001
b3-p1-fixed-2,infra-smoke-2afe6ca0-2e83-5265-a818-d14e86ae8035,completed_in_time,51.20299999999952
b3-p1-fixed-2,infra-smoke-c4611725-1464-5a48-abaf-217ebc7eee5e,completed_in_time,51.25
b3-p1-fixed-2,infra-smoke-da8955af-115c-5b55-96b9-1a1df0cd7124,completed_in_time,51.1869999999999
b3-p1-fixed-2,infra-smoke-8481fd8e-8049-5f80-b647-b3864d2c65aa,completed_in_time,51.3130000000001
b3-p1-fixed-2,infra-smoke-79b55776-961f-51d3-8f1c-662c04923a4f,completed_in_time,51.59400000000005
b3-p1-fixed-2,infra-smoke-e395073a-6dbd-5fe9-8439-1bf61e5dca5c,completed_in_time,51.4369999999999
b3-p1-fixed-2,infra-smoke-a4220f36-b079-5a64-9283-e3c822fa2ded,completed_in_time,51.48400000000038
b3-p1-fixed-2,infra-smoke-399b4c7b-0afb-5b64-9245-29200cc9c4f7,completed_in_time,51.51600000000053
b3-p1-fixed-2,infra-smoke-637814ff-0cda-517e-933e-3811fdddc65e,completed_in_time,51.29700000000048
b3-p1-fixed-2,infra-smoke-50305430-92dc-5244-8365-b74eafed7d74,completed_in_time,51.875
b3-p1-fixed-2,infra-smoke-b91f4f32-59be-5aba-bf88-747252ae3cf6,completed_in_time,51.57799999999952
b3-p1-fixed-2,infra-smoke-d3d5eb69-5199-5536-a156-58fd2026c855,completed_in_time,51.60899999999947
b3-p1-fixed-2,infra-smoke-2f6cc962-9959-5148-9ce3-8a25602956a6,completed_in_time,51.625
b3-p1-fixed-2,infra-smoke-eafa0dab-3d5e-5b9e-9f65-f9ef7ad275e9,completed_in_time,51.78200000000015
b3-p1-fixed-2,infra-smoke-c6e6f032-2f70-5467-828a-cffa5d25444a,completed_in_time,51.79699999999957
b3-p1-fixed-2,infra-smoke-21fccdbb-efbf-5d67-8b32-fa3699af6eb8,completed_in_time,51.89099999999962
b3-p1-fixed-2,infra-smoke-6684bd5a-4d6d-5c71-a46a-717a73a54283,completed_in_time,51.70299999999952
b3-p1-fixed-2,infra-smoke-93302e3d-b44b-5ce0-8fd2-88f7e722dfb9,completed_in_time,51.85900000000038
b3-p1-fixed-2,infra-smoke-2f771e4d-06d9-55f9-9fbf-5f2a9e0f3b49,completed_in_time,51.6869999999999
b3-p1-fixed-2,infra-smoke-29250bc8-80ba-5891-b441-65b368b9b022,completed_in_time,51.6880000000001
b3-p1-fixed-2,infra-smoke-4b56f6df-cdd6-50b9-9c16-baeb01600ab0,completed_in_time,51.8130000000001
b3-p1-fixed-2,infra-smoke-7c9a587b-af95-5a06-b9f0-3d3557cd60ba,completed_in_time,51.90700000000015
b3-p1-fixed-2,infra-smoke-7646d82e-dc99-5fca-b337-9ea0607f664a,completed_in_time,51.875
b3-p1-fixed-2,infra-smoke-e151f0eb-0d33-52f3-b643-aad719cbaa06,completed_in_time,51.96900000000005
b3-p1-fixed-2,infra-smoke-0e3c33ca-ade4-5f7c-95f0-fb18d6e2b726,completed_in_time,51.89100000000053
b3-p1-fixed-2,infra-smoke-86ec5520-5291-5019-aa30-dfeb8bd297cc,completed_in_time,51.89100000000053
b3-p1-fixed-2,infra-smoke-c3eb5c09-bc4c-513a-8c1e-51d9f0546cd6,completed_in_time,51.84400000000005
b3-p1-fixed-2,infra-smoke-4141cfc9-b503-50fa-966c-669efbb1fadd,completed_in_time,51.82800000000043
b3-p1-fixed-2,infra-smoke-a5676a69-342e-521b-ab00-fb3f0cb348bc,completed_in_time,51.84400000000005
b3-p1-fixed-2,infra-smoke-911b1013-a2a1-5392-b50f-2fc29de1ec74,completed_in_time,53.04699999999957
b3-p1-fixed-2,infra-smoke-8139dd57-4c4a-5d3f-b1e0-090645e3827e,completed_in_time,53.04699999999957
b3-p1-fixed-2,infra-smoke-10aca846-d496-5994-9afd-1a7e0d69849a,completed_in_time,52.6869999999999
b3-p1-fixed-2,infra-smoke-055870f7-91c9-54f3-bb3c-84b59c2d8db0,completed_in_time,52.29700000000048
b3-p1-fixed-2,infra-smoke-74d8a5a2-3701-5793-8696-93d6a6a38930,completed_in_time,52.4369999999999
b3-p1-fixed-2,infra-smoke-8297a446-63a0-5c9e-bc49-ba365169ad87,completed_in_time,52.67200000000048
b3-p1-fixed-2,infra-smoke-ca9ccade-3902-53e4-8917-2137115880d2,completed_in_time,52.01600000000053
b3-p1-fixed-2,infra-smoke-d29cb254-5509-5a15-b9bd-271c47ad624c,completed_in_time,52.32800000000043
b3-p1-fixed-2,infra-smoke-2976d652-4350-511a-b075-2f61d02a85fe,completed_in_time,51.9380000000001
b3-p1-fixed-2,infra-smoke-1d77aea6-4998-5d28-8cd1-b2b8250264fa,completed_in_time,52.42200000000048
b3-p1-fixed-2,infra-smoke-23e87118-cf5f-548a-a9ca-ab729f87b5cb,completed_in_time,52.42200000000048
b3-p1-fixed-2,infra-smoke-f6d74091-d6d8-5bfe-b69d-78538a663272,completed_in_time,51.82800000000043
b3-p1-fixed-2,infra-smoke-5971b4b0-c8c8-5284-9ef0-fd7adeae59bf,completed_in_time,51.875
b3-p1-fixed-2,infra-smoke-691964a6-d58b-5917-aa2f-8da6682b828f,completed_in_time,52.10899999999947
b3-p1-fixed-2,infra-smoke-e606d12f-1787-52e9-96e4-3b52ddd70e67,completed_in_time,51.92100000000028
b3-p1-fixed-2,infra-smoke-a41c8b19-a4e9-5611-904d-9586b14c38a0,completed_in_time,51.8119999999999
b3-p1-fixed-2,infra-smoke-f79d7c99-dd67-5171-93d0-9a34d52370b7,completed_in_time,52.8130000000001
b3-p1-fixed-2,infra-smoke-bbc3aba2-b972-5d03-b72a-00526a3b0d96,completed_in_time,53.15700000000015
b3-p1-fixed-2,infra-smoke-3f50788a-6b63-54e7-ba35-cb0ac8e22c3c,completed_in_time,52.76499999999942
b3-p1-fixed-2,infra-smoke-4c06bae8-3619-5941-b3a5-eec1d83cd255,completed_in_time,52.92199999999957
b3-p1-fixed-2,infra-smoke-604efb60-3ca3-58d6-b071-2d2efbf51fe0,completed_in_time,52.875
b3-p1-fixed-2,infra-smoke-72f18f01-5530-50cb-a109-e193c7cce5b5,completed_in_time,52.76599999999962
b3-p1-fixed-2,infra-smoke-cb8da6cb-ef86-5535-87e9-cadc3cdd920a,completed_in_time,52.57799999999952
b3-p1-fixed-2,infra-smoke-46c28151-3e2b-5080-b20b-c66fc1ccce38,completed_in_time,52.79699999999957
b3-p1-fixed-2,infra-smoke-cca88647-5c4e-571d-b38f-656e114afeea,completed_in_time,52.40700000000015
b3-p1-fixed-2,infra-smoke-2661695c-51ae-57cf-86a2-0e2a2b431815,completed_in_time,52.60999999999967
b3-p1-fixed-2,infra-smoke-10b2a998-1893-5087-abee-2225b70808d4,completed_in_time,52.57800000000043
b3-p1-fixed-2,infra-smoke-67c17960-90e6-5f97-b764-7015445dd8a2,completed_in_time,52.35900000000038
b3-p1-fixed-2,infra-smoke-7b47a322-ec41-511a-b0df-ec2f5cae138b,completed_in_time,52.57799999999952
b3-p1-fixed-2,infra-smoke-b0eae264-e3da-5a87-9cde-cc05813562b4,completed_in_time,52.71900000000005
b3-p1-fixed-2,infra-smoke-94095c4c-53c9-50c6-a7b8-47112016fa64,completed_in_time,52.71799999999985
b3-p1-fixed-2,infra-smoke-7b466c94-ee5e-55bc-8c61-4482d4f8b5bf,completed_in_time,52.46900000000005
b3-p1-fixed-2,infra-smoke-fd34b0ff-7237-5df1-97ab-f5e8f4719969,completed_in_time,52.82799999999952
b3-p1-fixed-2,infra-smoke-696a03f0-6ae9-510a-ab5a-00680f27db7f,completed_in_time,52.73400000000038
b3-p1-fixed-2,infra-smoke-e280ec90-7b4d-5813-885e-7c81787ca9a7,completed_in_time,52.875
b3-p1-fixed-2,infra-smoke-06915a63-a445-5664-9298-682db75e8e99,completed_in_time,52.70299999999952
b3-p1-fixed-2,infra-smoke-15a17b05-8758-53e7-97bf-7191849c8802,completed_in_time,53.125
b3-p1-fixed-2,infra-smoke-3e583805-d3be-5c04-9374-7983dafea301,completed_in_time,52.89099999999962
b3-p1-fixed-2,infra-smoke-456f2fa3-0d14-5344-a1e4-9d069109ba3e,completed_in_time,53.3130000000001
b3-p1-fixed-2,infra-smoke-5902026a-509b-5e85-a452-0d21526bd10f,completed_in_time,52.67200000000048
b3-p1-fixed-2,infra-smoke-171b1fc5-8728-5c27-821f-76e9ceb4cb07,completed_in_time,52.98400000000038
b3-p1-fixed-2,infra-smoke-a8607aad-d91a-5868-bb8a-017fe5133d33,completed_in_time,53.0
b3-p1-fixed-2,infra-smoke-795ad6b5-65ff-5f1d-a3d5-a5bff6c50c89,completed_in_time,53.09400000000005
b3-p1-fixed-2,infra-smoke-05037a9b-52d6-55ee-a058-d341c40c25a0,completed_in_time,53.07800000000043
b3-p1-fixed-2,infra-smoke-fea17028-07fa-58f2-ac92-01bf3b21d1f7,completed_in_time,52.8130000000001
b3-p1-fixed-2,infra-smoke-aab945b0-8a74-5c98-818a-5abb09a61e8c,completed_in_time,52.625
b3-p1-fixed-2,infra-smoke-ba344109-0985-50db-bcc6-e1465f75d0a3,completed_in_time,52.875
b3-p1-fixed-2,infra-smoke-c3c31417-a51f-5550-b94b-f96b4bb1021c,completed_in_time,52.6869999999999
b3-p1-fixed-2,infra-smoke-5876eb73-c504-55cd-bbdb-4cfa7339057a,completed_in_time,52.82899999999972
b3-p1-fixed-2,infra-smoke-74dcc0fa-d957-5af2-80d0-31352f4d8988,completed_in_time,53.03099999999995
b3-p1-fixed-2,infra-smoke-46d6d437-6749-5295-9869-0afc4568603c,completed_in_time,53.5
b3-p1-fixed-2,infra-smoke-fb3e13b0-fc4d-5eea-a19e-e52fb6fc0369,completed_in_time,52.90599999999995
b3-p1-fixed-2,infra-smoke-f0ccc707-2e38-5986-a097-ed3d3f4cb5b9,completed_in_time,53.01600000000053
b3-p1-fixed-2,infra-smoke-e242bd63-69dd-5b10-9128-0d8a0ec0b446,completed_in_time,53.70399999999972
b3-p1-fixed-2,infra-smoke-9cfa0ec0-a3b5-553e-8370-7b5b5dda921e,completed_in_time,53.125
b3-p1-fixed-2,infra-smoke-e2b58005-1dd2-5c53-ac2b-1416855612b5,completed_in_time,53.0
b3-p1-fixed-2,infra-smoke-ae394256-79de-58c6-918c-dfe581c97e5a,completed_in_time,52.90599999999995
b3-p1-fixed-2,infra-smoke-15f5e638-acd1-5aa3-a58e-7261aa0fcbaf,completed_in_time,53.26500000000033
b3-p1-fixed-2,infra-smoke-c2a0b0c5-aa5c-556c-b9e8-d8f9257e73e9,completed_in_time,53.09299999999985
b3-p1-fixed-2,infra-smoke-cf5e7b76-36dd-5352-af7e-a25c6e200c00,completed_in_time,52.98500000000058
b3-p1-fixed-2,infra-smoke-d9e3de54-b5b4-5040-838a-a9c9cd353744,completed_in_time,53.53099999999995
b3-p1-fixed-2,infra-smoke-3e548983-a161-5eb9-b9f0-4569af0b445b,completed_in_time,52.98400000000038
b3-p1-fixed-2,infra-smoke-9477228b-621b-5aec-9cbc-357032f8eed9,completed_in_time,52.98400000000038
b3-p1-fixed-2,infra-smoke-49a49068-a3da-5b49-a348-9b3c3c39dde3,completed_in_time,53.40599999999995
b3-p1-fixed-2,infra-smoke-3554723e-1509-5c9a-8546-079ee4278c3d,completed_in_time,52.79699999999957
b3-p1-fixed-2,infra-smoke-a8881d5a-1f4a-52a7-8eb7-a88d0b37470a,completed_in_time,53.1880000000001
b3-p1-fixed-2,infra-smoke-68314bea-ce64-59a5-9946-9ffe5217ab56,completed_in_time,53.09400000000005
b3-p1-fixed-2,infra-smoke-bea322f7-f352-5496-8aad-41f2093e6393,completed_in_time,52.8130000000001
b3-p1-fixed-2,infra-smoke-d7702d00-e439-5dff-84fc-a88e44d18a81,completed_in_time,53.20399999999972
b3-p1-fixed-2,infra-smoke-80199ec8-87b0-5f30-8922-48b750ee61ff,completed_in_time,53.40700000000015
b3-p1-fixed-2,infra-smoke-ae7ff771-b93d-5a1d-9cf0-81f1045ca7ae,completed_in_time,53.5
b3-p1-fixed-2,infra-smoke-f5d3e3e4-c7d7-5cc5-8572-e099d044dd29,completed_in_time,53.875
b3-p1-fixed-2,infra-smoke-3b8e4af3-406d-5cfa-97a4-48967a6fedf2,completed_in_time,53.67100000000028
b3-p1-fixed-2,infra-smoke-0eaed7fc-bde4-5201-8744-8f7ba6c8d00d,completed_in_time,53.54699999999957
b3-p1-fixed-2,infra-smoke-ac0b58c2-125f-5557-9c53-02a5be990d25,completed_in_time,53.79700000000048
b3-p1-fixed-2,infra-smoke-59ea51dd-c0d5-5f5b-8284-5641b252db97,completed_in_time,53.625
b3-p1-fixed-2,infra-smoke-717d459b-02d8-518c-bd7b-13791918a978,completed_in_time,53.5
b3-p1-fixed-2,infra-smoke-35a5e1aa-0c2c-5d7e-be56-68a5d162eaa7,completed_in_time,53.5
b3-p1-fixed-2,infra-smoke-42f90c84-9005-5be7-87d6-1192b67c2c34,completed_in_time,54.125
b3-p1-fixed-2,infra-smoke-8b9046df-6f9b-5f03-9103-00b9aff409d5,completed_in_time,54.125
b3-p1-fixed-2,infra-smoke-c8cd932e-7840-5034-a218-cea9d17c9e75,completed_in_time,53.90599999999995
b3-p1-fixed-2,infra-smoke-dd50aabf-6230-5f1b-a00c-6756addeae5b,completed_in_time,54.01599999999962
b3-p1-fixed-2,infra-smoke-cbc492d6-477c-5a93-b722-bcfc95b60977,completed_in_time,54.10899999999947
b3-p1-fixed-2,infra-smoke-46a2fef4-f3fb-56bd-9fc1-eab1449cb2b4,completed_in_time,54.0
b3-p1-fixed-2,infra-smoke-03c6ed85-62a8-574a-a177-bf0ee129482e,completed_in_time,54.125
b3-p1-fixed-2,infra-smoke-cf312f26-b485-503e-b846-8261eac7296b,completed_in_time,54.67200000000048
b3-p1-fixed-2,infra-smoke-85a9bd00-801e-5734-aca1-84a7c1ae2f5e,completed_in_time,54.3130000000001
b3-p1-fixed-2,infra-smoke-b606355e-28c9-5b5c-b5a9-042bad25ea72,completed_in_time,54.46799999999985
b3-p1-fixed-2,infra-smoke-8c7827fd-a71b-52f4-a0bc-c972bce72321,completed_in_time,54.48400000000038
b3-p1-fixed-2,infra-smoke-4d3cd616-5c49-5b22-a4af-09ae87823e6e,completed_in_time,53.70300000000043
b3-p1-fixed-2,infra-smoke-04fb6524-4e48-5164-acf7-7314274e4964,completed_in_time,54.1869999999999
b3-p1-fixed-2,infra-smoke-1a728bda-b108-52c5-b4b7-ab45c4f9fb12,completed_in_time,53.82899999999972
b3-p1-fixed-2,infra-smoke-35bddbee-8006-519c-8c9a-cfaf3e78adc2,completed_in_time,54.57799999999952
b3-p1-fixed-2,infra-smoke-ff57c8a0-908d-5313-8381-d6423311b841,completed_in_time,53.89100000000053
b3-p1-fixed-2,infra-smoke-fffa97f1-e960-54d4-bcab-e250bd019f2f,completed_in_time,54.78099999999995
b3-p1-fixed-2,infra-smoke-13643aed-a59f-5cd7-9a93-7137e2cad989,completed_in_time,54.60900000000038
b3-p1-fixed-2,infra-smoke-736dafc6-c885-5507-93e3-e68fd8112b17,completed_in_time,54.8119999999999
b3-p1-fixed-2,infra-smoke-987b65ac-767a-52bf-af97-c6003188c3de,completed_in_time,54.59400000000005
b3-p1-fixed-2,infra-smoke-834ba70c-c83d-588f-9549-04ca9c4febe4,completed_in_time,54.57800000000043
b3-p1-fixed-2,infra-smoke-02ec872f-338a-5840-ba6b-77fb531d8ec5,completed_in_time,54.48499999999967
b3-p1-fixed-2,infra-smoke-85240f4e-45dd-5435-96ad-6d0d21c243a8,completed_in_time,54.8119999999999
b3-p1-fixed-2,infra-smoke-51b75eb1-1ab5-532f-9845-d07085559e59,completed_in_time,54.60899999999947
b3-p1-fixed-2,infra-smoke-09221b81-8f0f-5bbe-bdad-05c59364a5e0,completed_in_time,54.71799999999985
b3-p1-fixed-2,infra-smoke-65f938a4-4e88-50c1-8cf6-823154ba7cd7,completed_in_time,54.65599999999995
b3-p1-fixed-2,infra-smoke-8022972e-1a73-55da-8b92-4a13360081f4,completed_in_time,54.60899999999947
b3-p1-fixed-2,infra-smoke-0117431a-3a31-555f-bf0b-ba20911bfe98,completed_in_time,55.07799999999952
b3-p1-fixed-2,infra-smoke-db6bfd40-ef79-5c9b-bde5-7003eb4a0eff,completed_in_time,54.73499999999967
b3-p1-fixed-2,infra-smoke-77181f6f-b008-546c-b69d-25bb99612872,completed_in_time,54.51599999999962
b3-p1-fixed-2,infra-smoke-6374f19e-4bcb-5631-a4e0-fc88e9c54104,completed_in_time,55.5
b3-p1-fixed-2,infra-smoke-363ce90b-f5c5-5eb3-ba21-6a5917203284,completed_in_time,55.09400000000005
b3-p1-fixed-2,infra-smoke-eb9efeea-de31-506d-aaf7-7b2c95897a33,completed_in_time,54.88999999999942
b3-p1-fixed-2,infra-smoke-693123f9-e19f-57ef-aeda-7a4c78d19624,completed_in_time,55.29699999999957
b3-p1-fixed-2,infra-smoke-4fe1a726-e49f-5783-9306-6a9ed1bef87b,completed_in_time,55.26600000000053
b3-p1-fixed-2,infra-smoke-c47359cd-b790-52f7-aa02-98ab0bb892d9,completed_in_time,54.84400000000005
b3-p1-fixed-2,infra-smoke-d095b82a-521b-588c-84a3-695dcaa9c01a,completed_in_time,55.32799999999952
b3-p1-fixed-2,infra-smoke-84f0f93a-77dd-5113-8bf4-373f3b3937e3,completed_in_time,54.92199999999957
b3-p1-fixed-2,infra-smoke-16c3734e-bd47-5bac-bdf1-560780fdd7be,completed_in_time,55.29699999999957
b3-p1-fixed-2,infra-smoke-c08f7535-e55c-578b-88bc-c469cda453ff,completed_in_time,55.26599999999962
b3-p1-fixed-2,infra-smoke-d155b003-3153-5e5f-bb62-6c56d65232a8,completed_in_time,55.0
b3-p1-fixed-2,infra-smoke-8d208970-eb70-5d15-ad56-f2f609afd984,completed_in_time,54.98500000000058
b3-p1-fixed-2,infra-smoke-a72306f3-6be9-5255-b52d-fb7b08d83dd3,completed_in_time,55.125
b3-p1-fixed-2,infra-smoke-edf4d8c8-5346-5920-8a42-1392d96f8a30,completed_in_time,55.0
b3-p1-fixed-2,infra-smoke-59d43735-d410-5d07-9862-f125aec9bcd2,completed_in_time,55.20299999999952
b3-p1-fixed-2,infra-smoke-7649a1bb-167c-573b-a501-e220162166d5,completed_in_time,55.375
b3-p1-fixed-2,infra-smoke-af28c81a-2965-550b-8346-5e98265be2c1,completed_in_time,55.5
b3-p1-fixed-2,infra-smoke-56d42309-aa22-5699-bfa1-26c468c769de,completed_in_time,55.3130000000001
b3-p1-fixed-2,infra-smoke-2722838e-aa7d-54ff-b8be-0f4da7a093ac,completed_in_time,55.54600000000028
b3-p1-fixed-2,infra-smoke-85b3cac3-1b84-5a0c-b0ce-24d0def023b3,completed_in_time,55.375
b3-p1-fixed-2,infra-smoke-86e63152-8a72-534c-bb61-aba93e8e8967,completed_in_time,55.17100000000028
b3-p1-fixed-2,infra-smoke-80ef024b-8f70-59f5-84c3-38f9376c74b9,completed_in_time,55.45299999999952
b3-p1-fixed-2,infra-smoke-dcc430ea-ed6c-59cc-8a65-a7dd13d268eb,completed_in_time,55.67199999999957
b3-p1-fixed-2,infra-smoke-9d811f8a-f5da-5c5e-b570-ade9c3edaafb,completed_in_time,54.92200000000048
b3-p1-fixed-2,infra-smoke-aa87dd79-711c-59c9-999e-d91f58354d12,completed_in_time,55.25
b3-p1-fixed-2,infra-smoke-5b0f289e-41ce-5789-be97-72789cefe8eb,completed_in_time,55.57899999999972
b3-p1-fixed-2,infra-smoke-b0a93465-cf95-5c9e-bc44-e3b0203ad8ae,completed_in_time,55.625
b3-p1-fixed-2,infra-smoke-67dc4eb9-d74d-5a3e-a056-5b77dce3cc5d,completed_in_time,55.29699999999957
b3-p1-fixed-2,infra-smoke-17252446-e8a4-5fea-9aa1-75ee22418c0a,completed_in_time,55.29699999999957
b3-p1-fixed-2,infra-smoke-fd92ee8e-3992-5e47-b4bc-5d0480814c66,completed_in_time,55.59299999999985
b3-p1-fixed-2,infra-smoke-f3d904d6-92db-5235-b801-9b2001d754dd,completed_in_time,55.98399999999947
b3-p1-fixed-2,infra-smoke-4dd99854-50bc-5045-97e8-5031372851f9,completed_in_time,55.48499999999967
b3-p1-fixed-2,infra-smoke-67457d27-a05a-5d57-a8b6-d6c69daea1d2,completed_in_time,55.71900000000005
b3-p1-fixed-2,infra-smoke-bcd4b194-f714-5fdb-bb41-d9ffd8410a63,completed_in_time,55.5
b3-p1-fixed-2,infra-smoke-a9b108a9-1672-5e8e-8a15-605ae6053578,completed_in_time,56.09400000000005
b3-p1-fixed-2,infra-smoke-f2a4b232-b0a2-5848-8482-263e3883eb78,completed_in_time,55.48400000000038
b3-p1-fixed-2,infra-smoke-4dd2f6e1-8e13-5249-b297-88f194d491b8,completed_in_time,55.625
b3-p1-fixed-2,infra-smoke-f3069232-633e-5849-b003-5e0f2b4caeba,completed_in_time,55.42100000000028
b3-p1-fixed-2,infra-smoke-f5065e04-d54b-5a09-b0d0-89e6d3675f33,completed_in_time,55.76599999999962
b3-p1-fixed-2,infra-smoke-7e797adf-c641-56a5-914c-712b014f205f,completed_in_time,55.46900000000005
b3-p1-fixed-2,infra-smoke-73d0d5e6-48d7-5fdd-88dd-6224b369e736,completed_in_time,56.07800000000043
b3-p1-fixed-2,infra-smoke-3cfe2fed-4744-58ed-8acf-6642ef3bcdf5,completed_in_time,55.73400000000038
b3-p1-fixed-2,infra-smoke-d72021b7-e5ec-51de-b857-b4b53c58b513,completed_in_time,55.90599999999995
b3-p1-fixed-2,infra-smoke-19e84188-acc9-5619-aa02-3f92396ee3cc,completed_in_time,55.875
b3-p1-fixed-2,infra-smoke-c72b4cc3-5b84-5c3d-a971-dd364420ecb7,completed_in_time,56.17199999999957
b3-p1-fixed-2,infra-smoke-2595e029-77e5-5204-8cdf-bf2a04bfd98e,completed_in_time,56.51599999999962
b3-p1-fixed-2,infra-smoke-2accc5d1-b61a-5040-879a-7e734cb370c3,completed_in_time,56.20300000000043
b3-p1-fixed-2,infra-smoke-e283366d-496f-58ae-ac88-9e4b5d90daea,completed_in_time,56.07800000000043
b3-p1-fixed-2,infra-smoke-67956bc5-ce7b-5bf8-a0d8-6ea0aa810de0,completed_in_time,56.07800000000043
b3-p1-fixed-2,infra-smoke-9cda9bf9-5bba-5187-a9fe-556aec13d23d,completed_in_time,55.59299999999985
b3-p1-fixed-2,infra-smoke-bb88e73f-26cb-57ad-bafd-d7c5f6f96688,completed_in_time,56.01499999999942
b3-p1-fixed-2,infra-smoke-3b1d6074-41f1-59c6-9d55-522d4020f66f,completed_in_time,56.3130000000001
b3-p1-fixed-2,infra-smoke-fb2fd171-fa6e-57f1-9ee7-ccf66c263764,completed_in_time,56.07800000000043
b3-p1-fixed-2,infra-smoke-2ba12e92-3abf-5ecf-bdba-9f58a16fbddc,completed_in_time,56.0
b3-p1-fixed-2,infra-smoke-2522889a-9263-5233-be2a-ecf2cd42ae43,completed_in_time,56.51599999999962
b3-p1-fixed-2,infra-smoke-8a96f5cc-0104-537e-bcbd-27ea781ad1dd,completed_in_time,56.07799999999952
b3-p1-fixed-2,infra-smoke-23baab33-4fe1-5395-ac89-1e6c6af0b4c8,completed_in_time,55.6869999999999
b3-p1-fixed-2,infra-smoke-c7f424a2-c7e6-5865-99fb-f8c09c7a0212,completed_in_time,56.01600000000053
b3-p1-fixed-2,infra-smoke-c9717e1a-a18e-56a2-93ad-6cf3463d5b5e,completed_in_time,56.48399999999947
b3-p1-fixed-2,infra-smoke-fef2584b-c745-59ac-a002-7da02281dab4,completed_in_time,55.90599999999995
b3-p1-fixed-2,infra-smoke-8fc57b7f-5c5b-5555-a3da-90e9e461947a,completed_in_time,56.21900000000005
b3-p1-fixed-2,infra-smoke-1deed1ee-8c5e-5669-89cf-f115f3577809,completed_in_time,56.125
b3-p1-fixed-2,infra-smoke-3e430292-3182-5693-9afc-33f12b63b0d1,completed_in_time,56.28099999999995
b3-p1-fixed-2,infra-smoke-304a1737-9d61-5922-819e-8153664f5df0,completed_in_time,56.39100000000053
b3-p1-fixed-2,infra-smoke-7121adfd-e851-54c3-b22c-b938ecdb854f,completed_in_time,56.29700000000048
b3-p1-fixed-2,infra-smoke-323603fc-e8ba-50e5-8271-c217a8b321b7,completed_in_time,56.0630000000001
b3-p1-fixed-2,infra-smoke-d9aebe28-da73-5ab3-8610-98f18e69bbff,completed_in_time,56.29700000000048
b3-p1-fixed-2,infra-smoke-2f36db23-82d0-5d31-8fc2-503852056a3b,completed_in_time,56.67199999999957
b3-p1-fixed-2,infra-smoke-b6eaf034-be64-50d2-afab-7bb1cbed206e,completed_in_time,56.1869999999999
b3-p1-fixed-2,infra-smoke-9c96509c-b3c9-538f-b561-47b41d29bdc9,completed_in_time,56.70300000000043
b3-p1-fixed-2,infra-smoke-f3f62d55-7647-5cca-89b7-efe06ce4a57a,completed_in_time,55.8119999999999
b3-p1-fixed-2,infra-smoke-886ec33d-5489-51c2-b74a-72c9c36b484f,completed_in_time,56.29699999999957
b3-p1-fixed-2,infra-smoke-eb4eae95-4d0f-5671-9beb-8b15e60277f2,completed_in_time,56.21900000000005
b3-p1-fixed-2,infra-smoke-0be49a48-7552-52e1-93be-f7c32fd4064c,completed_in_time,56.59400000000005
b3-p1-fixed-2,infra-smoke-c34dca56-27ee-5fdb-a62e-add57b75dc4a,completed_in_time,56.625
b3-p1-fixed-2,infra-smoke-e33ad232-ac9b-5c06-b0f2-8a6b0ac20591,completed_in_time,56.79699999999957
b3-p1-fixed-2,infra-smoke-42b5c018-6c6e-5bae-b2a3-56b76bfdf13e,completed_in_time,56.8130000000001
b3-p1-fixed-2,infra-smoke-c5deaccb-4e22-5a96-9b84-8e8f12e6c687,completed_in_time,57.0630000000001
b3-p1-fixed-2,infra-smoke-e3eb5781-7b4d-5bc9-a3c6-1acad3ff230a,completed_in_time,56.42200000000048
b3-p1-fixed-2,infra-smoke-3aab1de6-1103-5d68-8c65-3c6260e157a1,completed_in_time,56.90599999999995
b3-p1-fixed-2,infra-smoke-f45e8f90-032c-5f3f-b0c3-8e4d917f84a2,completed_in_time,57.4380000000001
b3-p1-fixed-2,infra-smoke-c149e0c8-056e-5c45-baa1-044fe7daba6f,completed_in_time,57.0619999999999
b3-p1-fixed-2,infra-smoke-1fefa62b-109b-5127-b635-002afc7290fc,completed_in_time,57.21900000000005
b3-p1-fixed-2,infra-smoke-8698e34e-bb8d-5dbc-839f-15fbb2c0c8ae,completed_in_time,57.125
b3-p1-fixed-2,infra-smoke-408f8366-35ca-5eed-a869-a5f0f194ac45,completed_in_time,57.32799999999952
b3-p1-fixed-2,infra-smoke-6c8b2cf4-ae59-506b-9f0b-6d3479268c03,completed_in_time,57.73399999999947
b3-p1-fixed-2,infra-smoke-e25ad7e3-2e99-5881-ad4d-0629f1b224ce,completed_in_time,57.51500000000033
b3-p1-fixed-2,infra-smoke-d44852a5-909d-568e-8d17-79acdaddd665,completed_in_time,57.40599999999995
b3-p1-fixed-2,infra-smoke-2731fbdc-a283-524e-b1c6-ce2c677f5104,completed_in_time,57.40599999999995
b3-p1-fixed-2,infra-smoke-e1979a85-5ae7-576e-8576-8cf0b80359f6,completed_in_time,57.20299999999952
b3-p1-fixed-2,infra-smoke-4ee49b48-033a-56f9-9648-d9c20c89c3be,completed_in_time,57.70300000000043
b3-p1-fixed-2,infra-smoke-58ce72f1-97e3-5b42-9e3d-6dc0c86736ee,completed_in_time,57.53099999999995
b3-p1-fixed-2,infra-smoke-f213b073-d195-522a-b36b-d84bc467b4ff,completed_in_time,57.40700000000015
b3-p1-fixed-2,infra-smoke-0b4f9c58-a17a-51a4-8824-d513ded4bcc3,completed_in_time,57.5
b3-p1-fixed-2,infra-smoke-b9a66274-0cce-5828-89a9-97826a944cf4,completed_in_time,57.20299999999952
b3-p1-fixed-2,infra-smoke-7e1bc64e-741a-526d-b77c-2fa6122b0547,completed_in_time,57.29700000000048
b3-p1-fixed-2,infra-smoke-e9d0b7fd-1b34-56a8-9ae7-f660da5be13c,completed_in_time,57.26599999999962
b3-p1-fixed-2,infra-smoke-1715a009-5b68-5fb2-bde9-496adcd472bb,completed_in_time,57.26499999999942
b3-p1-fixed-2,infra-smoke-c8b776eb-2c9b-5d8c-8f6b-a0b6269e5d41,completed_in_time,57.29699999999957
b3-p1-fixed-2,infra-smoke-6288de4b-6b4c-59dc-a3af-c7778789f400,completed_in_time,57.375
b3-p1-fixed-2,infra-smoke-8ea6b481-eb42-5386-b1d7-8a5d109d5eb4,completed_in_time,57.71799999999985
b3-p1-fixed-2,infra-smoke-fa1c799e-2939-56bb-b196-0f3efd8bc81a,completed_in_time,57.48499999999967
b3-p1-fixed-2,infra-smoke-8f27a624-ce78-5d57-9632-2cd3c318ab1b,completed_in_time,57.51500000000033
b3-p1-fixed-2,infra-smoke-b6a29a86-6f77-58f0-949e-c51ebe5f5967,completed_in_time,57.57800000000043
b3-p1-fixed-2,infra-smoke-af667fef-3c28-57f4-97b9-403c4ea18170,completed_in_time,57.48399999999947
b3-p1-fixed-2,infra-smoke-0e668e1d-4b23-50b4-83c5-df7eaf342fdb,completed_in_time,57.39000000000033
b3-p1-fixed-2,infra-smoke-c67222e4-ced8-585b-8cef-a71841297031,completed_in_time,57.51599999999962
b3-p1-fixed-2,infra-smoke-879c4fd1-5be4-569b-b92c-d3f4e403cc15,completed_in_time,57.60900000000038
b3-p1-fixed-2,infra-smoke-9518f82e-0f9a-5ef7-90d5-82d3a6afdb14,completed_in_time,57.59299999999985
b3-p1-fixed-2,infra-smoke-ba01caae-289a-5553-b939-b2e704c1e948,completed_in_time,57.60900000000038
b3-p1-fixed-2,infra-smoke-05205937-2980-56c0-8930-fe57ffdd0ce8,completed_in_time,57.98399999999947
b3-p1-fixed-2,infra-smoke-82257a20-5992-54c0-a788-8afb243e7eea,completed_in_time,57.61000000000058
b3-p1-fixed-2,infra-smoke-654efa95-6f7c-5907-bd07-8d4a1f3326c1,completed_in_time,57.59400000000005
b3-p1-fixed-2,infra-smoke-5d9572fd-a26f-5bed-be14-c5effefb41d0,completed_in_time,57.48399999999947
b3-p1-fixed-2,infra-smoke-dd8f68df-6d5b-57da-873a-f8e9467f9250,completed_in_time,57.67199999999957
b3-p1-fixed-2,infra-smoke-3d1fa0b8-71f0-5392-911b-b6cd296c157e,completed_in_time,57.78099999999995
b3-p1-fixed-2,infra-smoke-559921ed-d236-54ee-be72-152084677eef,completed_in_time,57.79600000000028
b3-p1-fixed-2,infra-smoke-9963a93e-385b-5cf5-a7a6-7231d6dc1d39,completed_in_time,57.76500000000033
b3-p1-fixed-2,infra-smoke-4f885312-165f-5530-b73c-af41de4e39bd,completed_in_time,57.78099999999995
b3-p1-fixed-2,infra-smoke-e94b778f-4be4-5a8f-ac56-c4fecf6da872,completed_in_time,58.09400000000005
b3-p1-fixed-2,infra-smoke-2bcf375a-2793-5f8e-ad25-4abff0f71588,completed_in_time,57.92200000000048
b3-p1-fixed-2,infra-smoke-9d965d93-2f50-51be-84b8-8e8d29d36142,completed_in_time,58.0
b3-p1-fixed-2,infra-smoke-ff160ec3-d3d8-5118-bf74-df6ba530c9d0,completed_in_time,57.92200000000048
b3-p1-fixed-2,infra-smoke-154c7ef3-c11b-580d-8a3d-40fbafe46ae3,completed_in_time,57.8119999999999
b3-p1-fixed-2,infra-smoke-94f3c6bb-8f06-5072-97c2-757de9d65043,completed_in_time,58.4369999999999
b3-p1-fixed-2,infra-smoke-87c35385-28fe-5a48-aafa-4827d2f1fdb8,completed_in_time,58.29600000000028
b3-p1-fixed-2,infra-smoke-00f67b43-e26a-56de-a13c-a28eff0dc50c,completed_in_time,57.92199999999957
b3-p1-fixed-2,infra-smoke-6c20f803-7820-5a8c-8c4c-5441e7aeac37,completed_in_time,58.29700000000048
b3-p1-fixed-2,infra-smoke-aa60969d-ddb5-55f8-8e09-2a44e88631c9,completed_in_time,57.92199999999957
b3-p1-fixed-2,infra-smoke-9dbf7693-395a-508f-a377-2ff70331ef9a,completed_in_time,57.8119999999999
b3-p1-fixed-2,infra-smoke-74628ae8-856c-5fa2-8acb-e1c5cdc67829,completed_in_time,57.625
b3-p1-fixed-2,infra-smoke-3f9b5708-2f6f-5c7c-aad6-2f8267c3e4d8,completed_in_time,57.32800000000043
b3-p1-fixed-2,infra-smoke-e4942b14-a401-5bc6-b0a3-3b1d4133917d,completed_in_time,56.89099999999962
b3-p1-fixed-2,infra-smoke-6144c88f-bd3d-51c1-8327-58e0b5302419,completed_in_time,56.57799999999952
b3-p1-fixed-2,infra-smoke-8ed402b1-af5d-5607-aec1-4d3adc0ed67e,completed_in_time,56.09400000000005
b3-p1-fixed-2,infra-smoke-96c6e321-d8d2-5a35-ae33-42cdf6b4dd5d,completed_in_time,55.60999999999967
b3-p1-fixed-2,infra-smoke-150b99e9-456c-51c2-a19e-ffc4b6b50734,completed_in_time,55.40599999999995
b3-p1-fixed-2,infra-smoke-ff3baa7c-5dc4-521b-8526-312adf9264c0,completed_in_time,54.90599999999995
b3-p1-fixed-2,infra-smoke-54b32485-76ac-5e7a-8d5f-0e442a346e0e,completed_in_time,54.5
b3-p1-fixed-2,infra-smoke-b52c96ec-17bb-5f75-a55c-1aabae2bf455,completed_in_time,53.76500000000033
b3-p1-fixed-2,infra-smoke-cb1363b9-84c9-5a20-b65c-f04764366e4e,completed_in_time,53.40700000000015
b3-p1-fixed-2,infra-smoke-95f3b8e6-65cc-550f-97e2-098658e136af,completed_in_time,53.09400000000005
b3-p1-fixed-2,infra-smoke-ac0e035c-9f89-5819-bbdf-1b716c1d8d05,completed_in_time,52.64099999999962
b3-p1-fixed-2,infra-smoke-d8b8672e-095e-58d7-9a70-98619150f3d1,completed_in_time,52.29700000000048
b3-p1-fixed-2,infra-smoke-76a97279-7476-5b48-ae5e-b315238fb783,completed_in_time,51.8119999999999
b3-p1-fixed-2,infra-smoke-82fdc540-7a3c-5931-a0ef-c7db71dd9d86,completed_in_time,51.39099999999962
b3-p1-fixed-2,infra-smoke-4e1d640d-9a77-52ae-b25c-38cf4e7e12b8,completed_in_time,50.90700000000015
b3-p1-fixed-2,infra-smoke-479c426d-3990-564c-8f09-77fcf6703ea7,completed_in_time,50.5
b3-p1-fixed-2,infra-smoke-69f014b5-6269-5b3b-9d81-a907432612f3,completed_in_time,50.125
b3-p1-fixed-2,infra-smoke-d586098a-b583-54fe-968d-95bb9f2c4409,completed_in_time,49.82799999999952
b3-p1-fixed-2,infra-smoke-749fe7cb-e2e1-5136-8304-e6f46cc1fdbf,completed_in_time,49.38999999999942
b3-p1-fixed-2,infra-smoke-d2f850bc-be10-52bb-aef1-99190907f53c,completed_in_time,48.71900000000005
b3-p1-fixed-2,infra-smoke-a0c1a1a6-a8b9-5a65-b67f-dd3c7339e9e9,completed_in_time,48.34400000000005
b3-p1-fixed-2,infra-smoke-406e7790-d262-5e07-9764-ca774f720c48,completed_in_time,47.98500000000058
b3-p1-fixed-2,infra-smoke-3542d90c-01a2-5486-8a71-44efe673826b,completed_in_time,47.40700000000015
b3-p1-fixed-2,infra-smoke-8556e176-a533-56f0-83a1-842ec9a60fcf,completed_in_time,46.79600000000028
b3-p1-fixed-2,infra-smoke-8379c9ab-9ce3-5413-97b1-71e694d0114e,completed_in_time,46.20299999999952
b3-p1-fixed-2,infra-smoke-79f52c28-80c7-58e0-a1f0-e0f48c3b46e4,completed_in_time,45.5619999999999
b3-p2-fixed-1,infra-smoke-f3bd558e-556c-5962-abea-bd7d0c9d6d07,completed_in_time,4.844000000000051
b3-p2-fixed-1,infra-smoke-0161fad5-e58e-5bb5-8376-e8f6576444f5,completed_in_time,4.375
b3-p2-fixed-1,infra-smoke-e5e06ea7-c692-5f1a-a46b-58bd7270ef10,completed_in_time,3.905999999999949
b3-p2-fixed-1,infra-smoke-b4764a0c-1f6b-5817-baaa-96006113a6dc,completed_in_time,3.3900000000003274
b3-p2-fixed-1,infra-smoke-eb9ef1a8-01d7-515a-aa05-a4decc640115,completed_in_time,2.92200000000048
b3-p2-fixed-1,infra-smoke-307f3593-c206-5c80-99cb-a2fd697b9ba3,completed_in_time,2.3909999999996217
b3-p2-fixed-1,infra-smoke-e37bbf3c-0177-54f7-ae1e-0a7575b8c5e8,completed_in_time,7.061999999999898
b3-p2-fixed-1,infra-smoke-0aae68b6-438f-5836-9e0c-e76f9f0b68a4,completed_in_time,6.594000000000051
b3-p2-fixed-1,infra-smoke-7d185dfd-0150-5d00-ba9f-af6eb7ae0053,completed_in_time,6.109000000000378
b3-p2-fixed-1,infra-smoke-ff0a6380-e9ac-580d-959b-cc592b9b7dab,completed_in_time,5.421999999999571
b3-p2-fixed-1,infra-smoke-ba3dc3f7-8c16-59f7-8764-4c737ce29bc3,completed_in_time,4.984000000000378
b3-p2-fixed-1,infra-smoke-fa8d4f0e-bc6b-58b0-8262-b7c57b7569e9,completed_in_time,4.532000000000153
b3-p2-fixed-1,infra-smoke-0fab97d9-2831-531f-b12a-2e25e4e73149,completed_in_time,4.141000000000531
b3-p2-fixed-1,infra-smoke-f7e17afd-1647-5084-8a7b-e023141311e1,completed_in_time,3.625
b3-p2-fixed-1,infra-smoke-439126e2-cf93-5989-911e-58dce8b9fb3b,completed_in_time,3.1719999999995707
b3-p2-fixed-1,infra-smoke-f70f3ae7-1fd2-50bd-be04-7ad386c283e1,completed_in_time,2.6719999999995707
b3-p2-fixed-1,infra-smoke-b9ecce2b-d53a-5078-8f5e-17db1611ad55,completed_in_time,2.20299999999952
b3-p2-fixed-1,infra-smoke-a8f2d465-7b37-5b81-8768-26d641e594a6,completed_in_time,6.57799999999952
b3-p2-fixed-1,infra-smoke-9652e608-75f3-5f71-a89b-47ecdd5a3aac,completed_in_time,6.186999999999898
b3-p2-fixed-1,infra-smoke-923883dc-32ba-5aa9-9bcc-7bb3fc0ee88b,completed_in_time,5.280999999999949
b3-p2-fixed-1,infra-smoke-566a7885-606b-573a-85c6-9ccf07c8a5c8,completed_in_time,5.016000000000531
b3-p2-fixed-1,infra-smoke-cfb90584-9653-5548-92f2-1a172f0d9380,completed_in_time,4.686999999999898
b3-p2-fixed-1,infra-smoke-6643f6d9-3306-5324-8b3b-3c34562b0243,completed_in_time,4.20299999999952
b3-p2-fixed-1,infra-smoke-dfe2c2f0-18ea-5501-8bca-2890561dde37,completed_in_time,3.686999999999898
b3-p2-fixed-1,infra-smoke-48bf695a-e802-5b49-a296-a0de4dd852d9,completed_in_time,3.0159999999996217
b3-p2-fixed-1,infra-smoke-5236edd8-6112-55ed-9cd8-cbe3019e0994,completed_in_time,2.608999999999469
b3-p2-fixed-1,infra-smoke-fd725f26-d1a1-5f45-bf9c-3827e596576b,completed_in_time,2.186999999999898
b3-p2-fixed-1,infra-smoke-f8080b95-66fc-5160-a50b-401b638fbabb,completed_in_time,7.421999999999571
b3-p2-fixed-1,infra-smoke-cb6c4936-e663-51b9-a45c-1f85f6a23ead,completed_in_time,7.188000000000102
b3-p2-fixed-1,infra-smoke-f960a57e-9cfb-52ce-bae2-e2738e899f04,completed_in_time,6.891000000000531
b3-p2-fixed-1,infra-smoke-7dc0df23-4ad7-557c-9c06-fbc611a3c099,completed_in_time,5.844000000000051
b3-p2-fixed-1,infra-smoke-5f17ac9b-f97d-5bdb-901f-e7d39e9dbe79,completed_in_time,5.625
b3-p2-fixed-1,infra-smoke-189d4557-3d55-5def-aa16-da914e0108c4,completed_in_time,5.563000000000102
b3-p2-fixed-1,infra-smoke-974b37d8-5b99-5102-8207-c0a03dfc4fbc,completed_in_time,5.889999999999418
b3-p2-fixed-1,infra-smoke-521eda9f-c15b-50a3-bfeb-429e7e6e236a,completed_in_time,5.905999999999949
b3-p2-fixed-1,infra-smoke-78cae365-7f0f-5e3f-99a4-8f71b92afd26,completed_in_time,5.563000000000102
b3-p2-fixed-1,infra-smoke-0cb0c162-a062-50b9-9436-555883b7f845,completed_in_time,6.030999999999949
b3-p2-fixed-1,infra-smoke-1730b4fb-32f5-57ca-a984-a1039a04f808,completed_in_time,5.54700000000048
b3-p2-fixed-1,infra-smoke-b4280738-15c7-52cb-8813-242d0dd8c24b,completed_in_time,5.5
b3-p2-fixed-1,infra-smoke-8bedb7ea-b93a-5a9d-98c6-89dbc793f454,completed_in_time,6.061999999999898
b3-p2-fixed-1,infra-smoke-2e3cdebd-3443-5c85-81e3-265fdef30f56,completed_in_time,5.359000000000378
b3-p2-fixed-1,infra-smoke-5992b708-2fd8-5f3c-9c10-7b2da908cb12,completed_in_time,5.391000000000531
b3-p2-fixed-1,infra-smoke-99c6e9e9-98d5-5e79-bc80-453376c7b40d,completed_in_time,5.9210000000002765
b3-p2-fixed-1,infra-smoke-52e17a34-984b-56ae-80ac-2126353a86e7,completed_in_time,6.953000000000429
b3-p2-fixed-1,infra-smoke-00ee9450-5046-55ee-8eab-905888fa7f4f,completed_in_time,6.625
b3-p2-fixed-1,infra-smoke-c19c6377-6b85-5cd3-a39c-a5853452039a,completed_in_time,6.719000000000051
b3-p2-fixed-1,infra-smoke-2ead0035-ea8d-5af7-a0dc-c2395c762439,completed_in_time,6.890999999999622
b3-p2-fixed-1,infra-smoke-5298502e-3b91-58cf-a947-2bf4f15cc713,completed_in_time,7.469000000000051
b3-p2-fixed-1,infra-smoke-528ea394-35dd-5f6c-8a9c-27c355f32259,completed_in_time,6.967999999999847
b3-p2-fixed-1,infra-smoke-4b51a060-6419-5696-8bee-4c78569ba63a,completed_in_time,6.780999999999949
b3-p2-fixed-1,infra-smoke-97f7352e-6645-5035-a453-689ed585ade0,completed_in_time,6.875
b3-p2-fixed-1,infra-smoke-ea354820-7375-5288-95e7-b58ec124d81c,completed_in_time,6.875
b3-p2-fixed-1,infra-smoke-a0096c15-488d-539a-b24b-6b5262ec0bcc,completed_in_time,8.030999999999949
b3-p2-fixed-1,infra-smoke-9d6394f8-b4b9-5d9b-a654-43666399d7cf,completed_in_time,6.234999999999673
b3-p2-fixed-1,infra-smoke-acac3a28-4abc-5044-9f90-0305f33f743e,completed_in_time,6.875
b3-p2-fixed-1,infra-smoke-855211af-3353-5122-8084-f1d811c1b309,completed_in_time,6.92200000000048
b3-p2-fixed-1,infra-smoke-836c5b4f-e821-52f6-a8b1-d20d77536b32,completed_in_time,7.155999999999949
b3-p2-fixed-1,infra-smoke-68bb0463-e9ee-573f-8767-8e657a832b6c,completed_in_time,7.094000000000051
b3-p2-fixed-1,infra-smoke-cc211939-61f7-50c2-98c6-9bc0faecaae4,completed_in_time,7.405999999999949
b3-p2-fixed-1,infra-smoke-12850d01-bf7f-58b6-b579-834a13107b3d,completed_in_time,7.984999999999673
b3-p2-fixed-1,infra-smoke-96093d32-ba39-54ad-bc8a-f6c3d7e84a95,completed_in_time,8.436999999999898
b3-p2-fixed-1,infra-smoke-240757bd-51a5-56c5-bff0-d9179a7e5d17,completed_in_time,9.063000000000102
b3-p2-fixed-1,infra-smoke-cfe4ec45-aea3-5eff-97d8-3cbd303b9001,completed_in_time,7.905999999999949
b3-p2-fixed-1,infra-smoke-f1962619-fe4a-57aa-90e3-175acbc79462,completed_in_time,8.234999999999673
b3-p2-fixed-1,infra-smoke-ebc8b284-8a9a-55bc-8a7f-41a7f278e6f4,completed_in_time,8.484000000000378
b3-p2-fixed-1,infra-smoke-ed0a5e1e-ff4e-5e23-9289-d1ee0a67a20a,completed_in_time,8.905999999999949
b3-p2-fixed-1,infra-smoke-8567cf0b-43e7-5dd8-9ae4-d9b167e0dac5,completed_in_time,8.546000000000276
b3-p2-fixed-1,infra-smoke-81bedee4-3e4b-50e0-b952-d169805bb7f4,completed_in_time,9.282000000000153
b3-p2-fixed-1,infra-smoke-36b4386e-2493-58a0-b989-5695e55a6fb5,completed_in_time,8.405999999999949
b3-p2-fixed-1,infra-smoke-f6414817-e32b-5590-9c0d-474b6b5a2c77,completed_in_time,8.859999999999673
b3-p2-fixed-1,infra-smoke-09d3145f-5c06-542a-a446-3aab39284876,completed_in_time,9.171000000000276
b3-p2-fixed-1,infra-smoke-a5bd3e6b-4386-5da3-abc1-01ae083bbf5e,completed_in_time,8.813000000000102
b3-p2-fixed-1,infra-smoke-62e046c7-a598-5a44-8416-fadd55d051f5,completed_in_time,8.890999999999622
b3-p2-fixed-1,infra-smoke-c2a7779f-447e-5ab8-9be3-4e959ecce086,completed_in_time,9.109999999999673
b3-p2-fixed-1,infra-smoke-36b21e1c-cb4d-56ac-99a1-dc8989fcbf47,completed_in_time,9.530999999999949
b3-p2-fixed-1,infra-smoke-941bb1ed-ff5c-51cb-a836-a1a498b798a6,completed_in_time,9.484000000000378
b3-p2-fixed-1,infra-smoke-c797d5fc-8a71-5f33-891e-67b3653c3346,completed_in_time,9.796000000000276
b3-p2-fixed-1,infra-smoke-67cb99de-e95a-525a-87ef-d7017929e4d8,completed_in_time,9.54700000000048
b3-p2-fixed-1,infra-smoke-4892a039-68b9-5773-87dc-46e440d3a83e,completed_in_time,9.796000000000276
b3-p2-fixed-1,infra-smoke-cf403ac3-86f8-5688-afea-b50e626f2275,completed_in_time,10.141000000000531
b3-p2-fixed-1,infra-smoke-5c7f0bca-97a5-5247-b2f3-96d2e5add572,completed_in_time,10.04699999999957
b3-p2-fixed-1,infra-smoke-28826c2d-d741-51f3-badb-1a1d01eec025,completed_in_time,9.42200000000048
b3-p2-fixed-1,infra-smoke-68c61e3b-ffb7-54a6-9393-c29ceceee5a8,completed_in_time,9.733999999999469
b3-p2-fixed-1,infra-smoke-5e1f931c-73b1-5cc0-8cb4-96c1678a49fd,completed_in_time,10.188000000000102
b3-p2-fixed-1,infra-smoke-5cb83b9d-35e1-5033-9314-699c44457242,completed_in_time,9.984000000000378
b3-p2-fixed-1,infra-smoke-78eb69f9-b50f-5a21-8bef-73203085a324,completed_in_time,10.719000000000051
b3-p2-fixed-1,infra-smoke-4151431c-ca0a-5fed-8ef9-f9d419d3cbe7,completed_in_time,10.5
b3-p2-fixed-1,infra-smoke-dc5909a2-a79f-5207-8f18-cdc48921ee05,completed_in_time,11.125
b3-p2-fixed-1,infra-smoke-0b503c4d-f668-583c-ba6b-ae9fda2c051b,completed_in_time,10.061999999999898
b3-p2-fixed-1,infra-smoke-9ae3cb90-104c-5309-bb3a-4209254d6c69,completed_in_time,10.734999999999673
b3-p2-fixed-1,infra-smoke-dfd7f159-5421-51d8-8e03-e2792f601d6b,completed_in_time,10.125
b3-p2-fixed-1,infra-smoke-4efbe3a3-0326-5f90-a71c-583a47112904,completed_in_time,10.891000000000531
b3-p2-fixed-1,infra-smoke-e9471ce5-bb05-59c5-a6b5-06fa11fdde7a,completed_in_time,10.780999999999949
b3-p2-fixed-1,infra-smoke-7a831d40-d8ec-57c2-b88d-5c0fc3cdf8ea,completed_in_time,10.530999999999949
b3-p2-fixed-1,infra-smoke-fc5a2797-0afe-5a16-80ec-3361881fa501,completed_in_time,10.70300000000043
b3-p2-fixed-1,infra-smoke-fb4b092e-575f-51b1-9f40-213dbb8e3f09,completed_in_time,10.75
b3-p2-fixed-1,infra-smoke-f0169806-63ce-578f-9fd8-7090a91303fb,completed_in_time,10.655999999999949
b3-p2-fixed-1,infra-smoke-85094c0c-dc0b-5220-87fd-e30a5f5234d3,completed_in_time,12.344000000000051
b3-p2-fixed-1,infra-smoke-a2f4ad95-ba21-5baf-8224-f99f4268cf06,completed_in_time,11.811999999999898
b3-p2-fixed-1,infra-smoke-ac7ecfcb-7208-5c38-8d31-0f807fd3b2fa,completed_in_time,12.780999999999949
b3-p2-fixed-1,infra-smoke-d710eb31-6ac2-550c-bf5d-ead78b3f43b6,completed_in_time,11.70300000000043
b3-p2-fixed-1,infra-smoke-28d58b19-b05c-538f-97c4-3b3bee1b29d7,completed_in_time,12.015999999999622
b3-p2-fixed-1,infra-smoke-3936789b-5e95-5a36-abf0-b2ee85e38b22,completed_in_time,11.890000000000327
b3-p2-fixed-1,infra-smoke-8d96b4b6-a30e-5728-95ad-92e19ec9153a,completed_in_time,11.42200000000048
b3-p2-fixed-1,infra-smoke-db4f012e-5e3f-5545-bb26-8b43fa633fd4,completed_in_time,11.82800000000043
b3-p2-fixed-1,infra-smoke-bac2d895-2963-5c51-af0f-3ad33632a58a,completed_in_time,11.905999999999949
b3-p2-fixed-1,infra-smoke-15cfc0b2-6167-5b9f-9eac-6041af50cd46,completed_in_time,12.188000000000102
b3-p2-fixed-1,infra-smoke-4e5ca66d-c3fe-55c0-bd35-9862a13cdba7,completed_in_time,11.688000000000102
b3-p2-fixed-1,infra-smoke-4544712d-fd58-5a4e-89bc-20ef93414c71,completed_in_time,11.594000000000051
b3-p2-fixed-1,infra-smoke-e68653c4-513f-5c0d-b4ed-2f2a0edcf866,completed_in_time,11.905999999999949
b3-p2-fixed-1,infra-smoke-c915ff93-8859-5a95-a511-a8e57fd1bee9,completed_in_time,11.891000000000531
b3-p2-fixed-1,infra-smoke-79a6196b-a404-537e-872b-8d024a6e08c6,completed_in_time,11.907000000000153
b3-p2-fixed-1,infra-smoke-a8f35176-f94a-5138-9c48-2d9bfcd95651,completed_in_time,11.094000000000051
b3-p2-fixed-1,infra-smoke-35e33702-cfcd-50aa-9d9a-eefcbe5176b6,completed_in_time,12.967999999999847
b3-p2-fixed-1,infra-smoke-d9c3bfab-6974-5b7b-a83a-7fbbe640f907,completed_in_time,13.32799999999952
b3-p2-fixed-1,infra-smoke-61bb032b-ea95-55f2-bbe5-abd1bf96eb35,completed_in_time,13.32799999999952
b3-p2-fixed-1,infra-smoke-0e7e421a-2d4c-5c62-b96f-0f921c94b9e0,completed_in_time,13.515999999999622
b3-p2-fixed-1,infra-smoke-aaa45bff-3b6c-5fb7-bc88-1955aed31e4c,completed_in_time,13.484000000000378
b3-p2-fixed-1,infra-smoke-62f88d07-7add-5e91-a333-e908eab750ad,completed_in_time,14.016000000000531
b3-p2-fixed-1,infra-smoke-25c5f864-a62b-553e-a745-701e8ae85500,completed_in_time,14.0
b3-p2-fixed-1,infra-smoke-985590ed-da4d-5644-84a8-0308f7479695,completed_in_time,13.67200000000048
b3-p2-fixed-1,infra-smoke-27ea0b58-55b7-5b6e-94e3-7c1dc1844a25,completed_in_time,14.015999999999622
b3-p2-fixed-1,infra-smoke-a8997750-4df0-51bb-a393-b5e393047123,completed_in_time,13.313000000000102
b3-p2-fixed-1,infra-smoke-9c2c8146-bae7-572f-8980-10234e093852,completed_in_time,13.186999999999898
b3-p2-fixed-1,infra-smoke-d47fefbb-160f-5984-bf63-aebe0cfba7c8,completed_in_time,13.70300000000043
b3-p2-fixed-1,infra-smoke-addc61dc-16a4-5d2c-bc85-429a76713d81,completed_in_time,14.030999999999949
b3-p2-fixed-1,infra-smoke-1a75eda3-6daa-5af2-863f-fbe579cc8007,completed_in_time,14.17199999999957
b3-p2-fixed-1,infra-smoke-1041c538-77e4-5c57-a983-d66af571fdeb,completed_in_time,13.625
b3-p2-fixed-1,infra-smoke-5acbddfc-487c-5fa8-9c2a-a83ffd75ae97,completed_in_time,14.405999999999949
b3-p2-fixed-1,infra-smoke-c18c0a40-9868-55a8-b018-eb557eca6221,completed_in_time,15.92200000000048
b3-p2-fixed-1,infra-smoke-77b2fec7-12b0-5344-8ffd-07cac9580727,completed_in_time,15.438000000000102
b3-p2-fixed-1,infra-smoke-53939d93-32a8-5c7c-ab11-6a1f989d27d9,completed_in_time,15.094000000000051
b3-p2-fixed-1,infra-smoke-2d170926-9e51-58e3-bf9d-616e2bc84a7e,completed_in_time,15.42199999999957
b3-p2-fixed-1,infra-smoke-58e7fcfe-cb62-5cd1-b299-c716ec426e61,completed_in_time,15.030999999999949
b3-p2-fixed-1,infra-smoke-f7b6ba6f-5a48-5c93-841e-a24830737731,completed_in_time,14.936999999999898
b3-p2-fixed-1,infra-smoke-01530415-05d5-50dd-ae17-4074609c8825,completed_in_time,15.515999999999622
b3-p2-fixed-1,infra-smoke-82cc07f1-7bd6-56fa-90c6-f7f1db2de637,completed_in_time,15.311999999999898
b3-p2-fixed-1,infra-smoke-dc4636c8-0986-55ed-9293-c1004e50fb7a,completed_in_time,15.265999999999622
b3-p2-fixed-1,infra-smoke-070b375d-4257-5fa4-832e-3e884a57e777,completed_in_time,15.014999999999418
b3-p2-fixed-1,infra-smoke-13a67d4a-1258-5358-869e-e972e933b5a3,completed_in_time,15.436999999999898
b3-p2-fixed-1,infra-smoke-9078c4cf-4164-5c8f-9d24-febc3f087e74,completed_in_time,15.735000000000582
b3-p2-fixed-1,infra-smoke-55c16fad-723c-5d3d-bbf0-4abbc23734ae,completed_in_time,15.984000000000378
b3-p2-fixed-1,infra-smoke-58daae93-745c-5a2b-a82e-ee8c2bf351d1,completed_in_time,15.905999999999949
b3-p2-fixed-1,infra-smoke-658cb237-0438-536c-a1d3-6cd91d66f09a,completed_in_time,14.907000000000153
b3-p2-fixed-1,infra-smoke-ec6d6303-2e9c-5672-ba1a-683263fedc65,completed_in_time,15.390000000000327
b3-p2-fixed-1,infra-smoke-3fff8677-a25a-5bad-9152-57dbe1fe6540,completed_in_time,17.64099999999962
b3-p2-fixed-1,infra-smoke-296cfcbb-a746-5352-9b42-4807013a1292,completed_in_time,16.21900000000005
b3-p2-fixed-1,infra-smoke-034663f5-10b9-5bec-886e-06bd517b76e7,completed_in_time,16.53099999999995
b3-p2-fixed-1,infra-smoke-7776cc94-e376-5209-996b-9cdd8120272d,completed_in_time,16.53099999999995
b3-p2-fixed-1,infra-smoke-34f31c88-2905-5c71-87d6-ab651ba9d001,completed_in_time,16.717999999999847
b3-p2-fixed-1,infra-smoke-5f1ce216-ea45-5bfc-b467-5805a41973e8,completed_in_time,17.89099999999962
b3-p2-fixed-1,infra-smoke-af68af04-05aa-54c8-9515-0f301468494a,completed_in_time,17.438000000000102
b3-p2-fixed-1,infra-smoke-951056cf-649b-546c-8c55-0522910955f7,completed_in_time,17.10899999999947
b3-p2-fixed-1,infra-smoke-3d009288-4a18-5966-a278-e11e86f25983,completed_in_time,16.688000000000102
b3-p2-fixed-1,infra-smoke-377463e0-8df1-517a-aa3e-39af766da364,completed_in_time,16.59400000000005
b3-p2-fixed-1,infra-smoke-62a2a897-712a-56f3-a172-af13c01a48a8,completed_in_time,17.578999999999724
b3-p2-fixed-1,infra-smoke-b6c45bc3-f781-559e-80ae-41e13197b39c,completed_in_time,17.60899999999947
b3-p2-fixed-1,infra-smoke-9d3588b0-2115-548c-98f4-833846062dfd,completed_in_time,17.26600000000053
b3-p2-fixed-1,infra-smoke-c67551cd-14e1-55ef-a067-ddb46aab1332,completed_in_time,16.98399999999947
b3-p2-fixed-1,infra-smoke-8ca30f60-2761-5ce4-b124-c2e6e699a53d,completed_in_time,17.703999999999724
b3-p2-fixed-1,infra-smoke-392190de-6b26-5c0d-a8b7-86a11b0d75b8,completed_in_time,17.53099999999995
b3-p2-fixed-1,infra-smoke-e867f188-489f-5038-bd4a-1c0bbc3d27d5,completed_in_time,17.75
b3-p2-fixed-1,infra-smoke-8a9d3bdb-ae2d-5472-8e15-5f696af6a094,completed_in_time,17.92200000000048
b3-p2-fixed-1,infra-smoke-ffab0a01-3e68-558b-ac8c-b9e77f7d5038,completed_in_time,18.90599999999995
b3-p2-fixed-1,infra-smoke-c2c0a598-6cb1-51cd-aaed-c3d2c8875041,completed_in_time,18.20299999999952
b3-p2-fixed-1,infra-smoke-1bf8c285-6b72-5a66-8ec2-107eddd6befd,completed_in_time,18.15599999999995
b3-p2-fixed-1,infra-smoke-e2f643f8-d9ac-530c-80f7-f2454135d55e,completed_in_time,17.5
b3-p2-fixed-1,infra-smoke-6aae4ba9-9304-54c4-9d92-22b9c2def359,completed_in_time,18.407000000000153
b3-p2-fixed-1,infra-smoke-5db5073c-8479-55ec-ac9d-23ae2feff3a7,completed_in_time,18.5
b3-p2-fixed-1,infra-smoke-e823f568-872f-593d-901a-09146ded9983,completed_in_time,18.70299999999952
b3-p2-fixed-1,infra-smoke-743caa8e-7a1b-5cd3-bd4f-edb03edfa05e,completed_in_time,18.32800000000043
b3-p2-fixed-1,infra-smoke-ebba629a-39c9-5bc0-be0f-69431f471488,completed_in_time,18.375
b3-p2-fixed-1,infra-smoke-0bd2a415-3976-5083-a732-2f8d0a63850a,completed_in_time,18.48400000000038
b3-p2-fixed-1,infra-smoke-23953fac-46a9-5d44-a15e-af1c87412dad,completed_in_time,18.485000000000582
b3-p2-fixed-1,infra-smoke-750bdc21-3ab5-5eea-88f3-b936ca3ce663,completed_in_time,18.96900000000005
b3-p2-fixed-1,infra-smoke-e1ee8531-8a27-5f50-bd0a-1902ed6086f3,completed_in_time,19.01599999999962
b3-p2-fixed-1,infra-smoke-10db8d60-b04e-5af7-8364-c90f9b19f977,completed_in_time,18.311999999999898
b3-p2-fixed-1,infra-smoke-597173fb-1d53-53bb-b50a-b9dbe8335c03,completed_in_time,19.28099999999995
b3-p2-fixed-1,infra-smoke-4c90eae6-8cc8-5840-a667-1c3b34c815b0,completed_in_time,19.0
b3-p2-fixed-1,infra-smoke-0849397c-cc2a-5dd0-98ac-df6c6cfb123c,completed_in_time,19.67200000000048
b3-p2-fixed-1,infra-smoke-bf40d158-250c-514a-a581-e2f25f6bc1ec,completed_in_time,19.813000000000102
b3-p2-fixed-1,infra-smoke-de5f0c97-cbe5-5c57-b08a-9f4ca126b073,completed_in_time,19.82799999999952
b3-p2-fixed-1,infra-smoke-907070cf-c72d-5b88-81d8-21d5ae89847c,completed_in_time,19.79699999999957
b3-p2-fixed-1,infra-smoke-6f94aa91-7e4e-56e9-b5df-e9a165e80cbb,completed_in_time,19.98399999999947
b3-p2-fixed-1,infra-smoke-7d60b991-37c3-55a4-bd01-d19e0fc3c724,completed_in_time,20.688000000000102
b3-p2-fixed-1,infra-smoke-e5a3ec10-539e-5c0b-82d6-e84a2dff1260,completed_in_time,20.78099999999995
b3-p2-fixed-1,infra-smoke-5288d5e7-1e1d-57e7-83d3-95f78d2a99d6,completed_in_time,20.42200000000048
b3-p2-fixed-1,infra-smoke-5ea5af57-e184-588e-9685-26ca9c190451,completed_in_time,20.71900000000005
b3-p2-fixed-1,infra-smoke-b89aeee6-424b-5135-9787-77ec2c4aebce,completed_in_time,20.79699999999957
b3-p2-fixed-1,infra-smoke-e2ef32c2-6c5a-5021-9576-2525aa1975c6,completed_in_time,20.765000000000327
b3-p2-fixed-1,infra-smoke-eee3e029-d098-591d-b039-b6f5e2ebb923,completed_in_time,20.188000000000102
b3-p2-fixed-1,infra-smoke-447fdfaa-0332-5d5c-a6fb-e2c66996778d,completed_in_time,20.485000000000582
b3-p2-fixed-1,infra-smoke-fda84df6-18ba-5d99-9d03-8bb3d6e01a56,completed_in_time,21.015000000000327
b3-p2-fixed-1,infra-smoke-accc8f78-a580-5920-b5d3-abaf65b0bf67,completed_in_time,21.438000000000102
b3-p2-fixed-1,infra-smoke-bcd38b09-ff67-53a2-9732-4f9e4a1e8c20,completed_in_time,21.686999999999898
b3-p2-fixed-1,infra-smoke-88943e9b-04b3-576a-bb40-844ab254d981,completed_in_time,20.84400000000005
b3-p2-fixed-1,infra-smoke-a55b8fa6-a51e-513d-94e8-7b1b517be036,completed_in_time,22.0
b3-p2-fixed-1,infra-smoke-17f33147-d7bd-5c8d-ac05-66f987ac1a07,completed_in_time,21.20300000000043
b3-p2-fixed-1,infra-smoke-6a09fccd-87f2-58db-bd1c-e3399d73a54f,completed_in_time,21.79700000000048
b3-p2-fixed-1,infra-smoke-59c142de-c5d3-5396-a03b-1a8a74b2030b,completed_in_time,21.610000000000582
b3-p2-fixed-1,infra-smoke-53477104-4cc1-5f74-9f87-8bedd2873784,completed_in_time,22.375
b3-p2-fixed-1,infra-smoke-35d4b2d3-690a-56a3-a89c-b5ce3febf95f,completed_in_time,23.07799999999952
b3-p2-fixed-1,infra-smoke-751708eb-e3a1-564a-960f-de874cfb955b,completed_in_time,22.78099999999995
b3-p2-fixed-1,infra-smoke-4601c142-ee40-531d-8e17-c2ad60a1f830,completed_in_time,22.79699999999957
b3-p2-fixed-1,infra-smoke-977fe0b0-e509-54bb-a51c-0ca889e1fb9e,completed_in_time,21.875
b3-p2-fixed-1,infra-smoke-b3f3affa-2937-5ea5-9a4a-06290a2a816c,completed_in_time,22.811999999999898
b3-p2-fixed-1,infra-smoke-25203a47-69e4-576d-aa28-2a4bb61fee16,completed_in_time,22.59400000000005
b3-p2-fixed-1,infra-smoke-b65e2151-1fc8-5887-8809-82d340496ff6,completed_in_time,21.125
b3-p2-fixed-1,infra-smoke-d0a5e00a-d80c-5873-8843-4bce0cb9220d,completed_in_time,23.515000000000327
b3-p2-fixed-1,infra-smoke-cfa0c38c-b844-57e9-85fa-8fedf049090a,completed_in_time,24.53099999999995
b3-p2-fixed-1,infra-smoke-76060c88-860e-5c28-bd0a-178cf4d50e82,completed_in_time,23.03099999999995
b3-p2-fixed-1,infra-smoke-4a85a1fa-5a20-5306-a537-2a015ac9e36b,completed_in_time,23.57799999999952
b3-p2-fixed-1,infra-smoke-d31fce87-2cb5-5708-9ea1-23b6db57f199,completed_in_time,22.686999999999898
b3-p2-fixed-1,infra-smoke-61e9d80f-0229-585c-87d8-d636c60bb3ab,completed_in_time,23.186999999999898
b3-p2-fixed-1,infra-smoke-6c2cf7cd-d6c5-50d8-b085-d779bbc5422f,completed_in_time,23.01599999999962
b3-p2-fixed-1,infra-smoke-b6119b01-5f0a-5d4d-92e5-30d96813cc8c,completed_in_time,23.234999999999673
b3-p2-fixed-1,infra-smoke-620b15e6-97cc-55e8-a3d8-a2a628b647b2,completed_in_time,24.10899999999947
b3-p2-fixed-1,infra-smoke-5fc414a6-fe75-522c-a74d-5170112f1c01,completed_in_time,24.21900000000005
b3-p2-fixed-1,infra-smoke-4d96e07d-f937-5fe2-bb14-7a5a80789a0a,completed_in_time,23.90599999999995
b3-p2-fixed-1,infra-smoke-1c6ed7c3-2513-5213-a047-bf6fb5e99df3,completed_in_time,24.07800000000043
b3-p2-fixed-1,infra-smoke-ffd08a87-1450-5abb-a3ea-cae1e4536153,completed_in_time,24.686999999999898
b3-p2-fixed-1,infra-smoke-bd926c13-4b3e-5566-85d9-421785415b48,completed_in_time,24.375
b3-p2-fixed-1,infra-smoke-0ebc6d79-f437-5c87-ae9b-850b5109023c,completed_in_time,23.40599999999995
b3-p2-fixed-1,infra-smoke-37523211-c97c-5314-afcb-c37e29a82110,completed_in_time,24.89100000000053
b3-p2-fixed-1,infra-smoke-242721ab-df54-5c6c-af4b-f433301d9097,completed_in_time,24.5
b3-p2-fixed-1,infra-smoke-6c5ba679-dbe7-5624-a84e-b887c9eba8d6,completed_in_time,24.625
b3-p2-fixed-1,infra-smoke-358c778b-2f13-5b3a-87b9-71c1a95652cb,completed_in_time,24.0
b3-p2-fixed-1,infra-smoke-7850767d-23f5-5c99-bc58-53fcc664961d,completed_in_time,24.60900000000038
b3-p2-fixed-1,infra-smoke-6483b4a9-3e8f-5639-bb2e-a7221334ae51,completed_in_time,24.60900000000038
b3-p2-fixed-1,infra-smoke-e39af44d-ca74-5cb8-8eca-c36754e713bf,completed_in_time,24.96900000000005
b3-p2-fixed-1,infra-smoke-545951f3-e7fb-5551-9983-40b70645cb26,completed_in_time,24.71900000000005
b3-p2-fixed-1,infra-smoke-be057506-6542-54cb-8eaa-f75aa1a83026,completed_in_time,25.375
b3-p2-fixed-1,infra-smoke-6aa4189d-ff80-50a1-9670-20c77a85e0c8,completed_in_time,25.938000000000102
b3-p2-fixed-1,infra-smoke-16689774-c083-5758-a4c5-bbc4f57d41a6,completed_in_time,25.34400000000005
b3-p2-fixed-1,infra-smoke-d6136b25-1e50-5c40-98c1-6005a597bba7,completed_in_time,25.813000000000102
b3-p2-fixed-1,infra-smoke-ff05de23-e79d-5e9d-be8c-029b4814fd5e,completed_in_time,27.21900000000005
b3-p2-fixed-1,infra-smoke-36a2943a-ed68-581c-bbed-b0f8d289a480,completed_in_time,25.14099999999962
b3-p2-fixed-1,infra-smoke-c6e2d4e0-64ef-54c9-b845-75c02f920c5e,completed_in_time,26.375
b3-p2-fixed-1,infra-smoke-99a8a274-deae-5650-b461-981faa0d2d4f,completed_in_time,26.92200000000048
b3-p2-fixed-1,infra-smoke-36af9ad3-a81f-509a-9fb4-cfaf0ee7151a,completed_in_time,26.78099999999995
b3-p2-fixed-1,infra-smoke-846221c9-01cd-5674-b115-0d9bff52f940,completed_in_time,26.90599999999995
b3-p2-fixed-1,infra-smoke-dd80d48f-2042-57f0-a9ca-a0892cb3ca86,completed_in_time,26.92199999999957
b3-p2-fixed-1,infra-smoke-225c3c76-b3a0-54d4-92b0-af8d9ee70ea7,completed_in_time,26.125
b3-p2-fixed-1,infra-smoke-15fa1c68-9abd-554a-9a30-e35bce3c8ee2,completed_in_time,26.96900000000005
b3-p2-fixed-1,infra-smoke-217aba86-3487-50a2-9936-a7767c3ad686,completed_in_time,26.90599999999995
b3-p2-fixed-1,infra-smoke-7f09fcb7-a01a-5d56-8dd7-fef08d2650b8,completed_in_time,27.10900000000038
b3-p2-fixed-1,infra-smoke-dfafda2b-e90a-5f54-999b-8efe4ec9c059,completed_in_time,27.51599999999962
b3-p2-fixed-1,infra-smoke-4c764f74-880f-55aa-9824-7675f2ce4f76,completed_in_time,28.125
b3-p2-fixed-1,infra-smoke-54cf8e81-6a7c-5d4a-8c96-b9bea0533ad7,completed_in_time,27.811999999999898
b3-p2-fixed-1,infra-smoke-7b20c119-8b4d-582e-a5a4-42905b86dc31,completed_in_time,28.217999999999847
b3-p2-fixed-1,infra-smoke-6567c99d-2933-5e2c-aaa7-5f8deb0dc557,completed_in_time,28.0
b3-p2-fixed-1,infra-smoke-311c1957-3d3b-58aa-8698-66ec254cd4b6,completed_in_time,27.811999999999898
b3-p2-fixed-1,infra-smoke-0f0f3490-97fd-5d8b-b866-2f164098a4c2,completed_in_time,27.90599999999995
b3-p2-fixed-1,infra-smoke-1e5fe210-a407-5f2d-a4bd-3669e21a61c7,completed_in_time,28.09400000000005
b3-p2-fixed-1,infra-smoke-4682f1b8-f4b1-5f6f-9f2c-71a4b245520b,completed_in_time,28.5
b3-p2-fixed-1,infra-smoke-93b39ab2-9195-559f-b29f-16c8aa1df307,completed_in_time,28.311999999999898
b3-p2-fixed-1,infra-smoke-a1812ef0-53ba-5f62-a691-387b7f1c0d49,completed_in_time,28.78099999999995
b3-p2-fixed-1,infra-smoke-56368036-dc32-5b9f-ae55-7cef96903d60,completed_in_time,28.39100000000053
b3-p2-fixed-1,infra-smoke-31251f45-de66-5c74-ac2e-0b5d4a1ae288,completed_in_time,28.188000000000102
b3-p2-fixed-1,infra-smoke-b086a0d6-01a4-590b-a4fe-b9d5620e1313,completed_in_time,28.67200000000048
b3-p2-fixed-1,infra-smoke-7a760a97-6350-5197-9c4f-f023cec79979,completed_in_time,28.375
b3-p2-fixed-1,infra-smoke-b70a490e-da94-5f12-b59f-5c1693a5ea0d,completed_in_time,28.17200000000048
b3-p2-fixed-1,infra-smoke-a6e2fa30-2add-59b0-9413-99b22c1f989f,completed_in_time,28.78099999999995
b3-p2-fixed-1,infra-smoke-03b4ba4f-d9cc-59b3-8a55-059db7f89d94,completed_in_time,28.734999999999673
b3-p2-fixed-1,infra-smoke-7b1326eb-1ca7-5bea-8f1c-e67ebf0eb460,completed_in_time,28.70299999999952
b3-p2-fixed-1,infra-smoke-5beaf239-bac9-5401-8926-4c95ef204360,completed_in_time,28.782000000000153
b3-p2-fixed-1,infra-smoke-2a049d41-dbcf-5e91-b77a-3cf8aa0baf6e,completed_in_time,28.79700000000048
b3-p2-fixed-1,infra-smoke-34cd44b8-c8b9-5dcf-81ad-9ca09acdd0c4,completed_in_time,28.78099999999995
b3-p2-fixed-1,infra-smoke-796d987c-5a0b-5afb-8660-7532332de596,completed_in_time,30.48399999999947
b3-p2-fixed-1,infra-smoke-0f299e6a-c937-5729-b545-fa8b5892c79f,completed_in_time,30.21900000000005
b3-p2-fixed-1,infra-smoke-35df1555-f533-52a7-a140-41fdd3d9dfe9,completed_in_time,30.78099999999995
b3-p2-fixed-1,infra-smoke-be639ee7-e10a-5799-bf23-b6c2e648c30c,completed_in_time,31.813000000000102
b3-p2-fixed-1,infra-smoke-4ecdad66-e4be-590b-b5ba-a5a5b42d739d,completed_in_time,30.28099999999995
b3-p2-fixed-1,infra-smoke-fa043fee-132c-5e3f-bdaa-7fef1154f289,completed_in_time,30.686999999999898
b3-p2-fixed-1,infra-smoke-520fda9a-22b9-5cfd-b6e3-76c7b85df6e3,completed_in_time,30.90599999999995
b3-p2-fixed-1,infra-smoke-c95e1eb2-c532-5dd5-9e98-b62b08ea22e3,completed_in_time,30.01599999999962
b3-p2-fixed-1,infra-smoke-979f2475-b4e3-55e5-8fd7-6af27f1803b7,completed_in_time,30.734999999999673
b3-p2-fixed-1,infra-smoke-c2143438-908c-5a1e-b57d-1221ab6d911d,completed_in_time,29.79699999999957
b3-p2-fixed-1,infra-smoke-f0d66dc2-5e6b-5f09-8a31-28017e18a07d,completed_in_time,30.10900000000038
b3-p2-fixed-1,infra-smoke-901570cb-be6b-5d29-8a1f-953c330e5ea8,completed_in_time,30.717999999999847
b3-p2-fixed-1,infra-smoke-e6c9dfb3-3ce5-53c2-9c14-a129dd07d2d2,completed_in_time,30.0
b3-p2-fixed-1,infra-smoke-50c094c1-0a2f-57fa-b43f-15642ca493d5,completed_in_time,30.311999999999898
b3-p2-fixed-1,infra-smoke-e361d547-a082-51b5-a6ce-69e61a3ba7ca,completed_in_time,29.82799999999952
b3-p2-fixed-1,infra-smoke-e96a049c-28f2-5252-a7d9-125ea153f2c6,completed_in_time,29.311999999999898
b3-p2-fixed-1,infra-smoke-34726690-8ff5-5932-acd2-b139f006f26c,completed_in_time,30.79700000000048
b3-p2-fixed-1,infra-smoke-13226936-4e58-51ee-81df-3fcef10e604e,completed_in_time,32.71799999999985
b3-p2-fixed-1,infra-smoke-d59b9e95-a03c-5a5a-90e8-602ec57f7c3e,completed_in_time,31.421000000000276
b3-p2-fixed-1,infra-smoke-3836cb72-ffcf-59db-91b3-e97fff835a4c,completed_in_time,30.89099999999962
b3-p2-fixed-1,infra-smoke-d3a39aa8-c7f6-5a42-9bc1-4188ad02d322,completed_in_time,31.57800000000043
b3-p2-fixed-1,infra-smoke-247d028f-a07d-5e18-847d-ee347546b716,completed_in_time,31.71900000000005
b3-p2-fixed-1,infra-smoke-e3f424ad-504f-50c4-8587-73fd842bf4f3,completed_in_time,31.811999999999898
b3-p2-fixed-1,infra-smoke-119716bc-5944-5250-80f5-13d8ad5aa400,completed_in_time,31.48400000000038
b3-p2-fixed-1,infra-smoke-b9d8471f-5ed5-5230-bcf5-80c563be6d9e,completed_in_time,31.20299999999952
b3-p2-fixed-1,infra-smoke-796105c5-72f4-59ae-b7f9-f6a9b67d2f85,completed_in_time,31.10899999999947
b3-p2-fixed-1,infra-smoke-3a2b037f-458c-5459-9b8c-58af161aad36,completed_in_time,32.39099999999962
b3-p2-fixed-1,infra-smoke-9d8c4944-1886-5fe6-b421-4ffd69c4ff67,completed_in_time,31.734999999999673
b3-p2-fixed-1,infra-smoke-a223e18e-6fdb-5fdb-bcbf-e8b8eeffea49,completed_in_time,31.375
b3-p2-fixed-1,infra-smoke-d36a1239-26ec-57a3-9ad8-b7a4466b5a09,completed_in_time,30.29699999999957
b3-p2-fixed-1,infra-smoke-da3f7898-147b-5812-a74c-2d65096ab2d8,completed_in_time,31.10900000000038
b3-p2-fixed-1,infra-smoke-0991271e-8643-5ec4-aa30-8db56d01bd92,completed_in_time,32.88999999999942
b3-p2-fixed-1,infra-smoke-da7953b8-e9f7-5c7b-a9c5-d290508748b6,completed_in_time,32.5
b3-p2-fixed-1,infra-smoke-b3e1019c-2451-54cc-a3e3-210f233083df,completed_in_time,32.71900000000005
b3-p2-fixed-1,infra-smoke-f1041531-3bfa-5314-b6ee-2c92d4a8049a,completed_in_time,33.01599999999962
b3-p2-fixed-1,infra-smoke-d75c8c50-9303-52ab-aa05-997d778fff11,completed_in_time,33.5619999999999
b3-p2-fixed-1,infra-smoke-803ee682-c8bb-5809-83db-fdea45fd2011,completed_in_time,33.28099999999995
b3-p2-fixed-1,infra-smoke-64d14059-8796-512b-89f5-1efa406d3829,completed_in_time,32.53099999999995
b3-p2-fixed-1,infra-smoke-5f65fc76-eeff-5747-a45a-b6bcc8a6ed81,completed_in_time,33.20300000000043
b3-p2-fixed-1,infra-smoke-5af44d8b-4c91-55d6-a482-20480d6bf1e2,completed_in_time,33.90700000000015
b3-p2-fixed-1,infra-smoke-2adb2f2c-a091-5290-a37f-74c1b202059f,completed_in_time,33.29699999999957
b3-p2-fixed-1,infra-smoke-d82aecb9-5464-52b0-af9f-a44c0caeba8e,completed_in_time,33.89000000000033
b3-p2-fixed-1,infra-smoke-75a42c2c-ceab-57c1-9ac6-776e438d1549,completed_in_time,33.51600000000053
b3-p2-fixed-1,infra-smoke-6ede819c-003a-5acd-b6c3-5f504d3c4bee,completed_in_time,33.29600000000028
b3-p2-fixed-1,infra-smoke-15f4da6a-bb03-5e53-b745-f4c36b805e81,completed_in_time,33.90599999999995
b3-p2-fixed-1,infra-smoke-09b0bcae-c771-585a-b6b4-f0bbe5c3b33a,completed_in_time,33.79699999999957
b3-p2-fixed-1,infra-smoke-ce4fb9b1-8134-5128-8343-25094d8e8e53,completed_in_time,34.10900000000038
b3-p2-fixed-1,infra-smoke-57824e4c-9957-58bb-8b55-4b4c0a424697,completed_in_time,34.20399999999972
b3-p2-fixed-1,infra-smoke-46a1c13f-1829-5164-b85d-fac5f9bdd9fd,completed_in_time,34.82799999999952
b3-p2-fixed-1,infra-smoke-4857a05e-4bfe-5e5d-8505-2463fca89fd1,completed_in_time,33.6880000000001
b3-p2-fixed-1,infra-smoke-644fd4bc-5196-57ee-bcde-a26b5d4d161a,completed_in_time,34.23500000000058
b3-p2-fixed-1,infra-smoke-20b2a67e-6ce5-5455-9a01-4c860d99f200,completed_in_time,34.89000000000033
b3-p2-fixed-1,infra-smoke-0d57ef72-2349-5bfa-938c-6e8250cf3636,completed_in_time,34.51600000000053
b3-p2-fixed-1,infra-smoke-025835b9-ea18-5dda-9398-a164bc084cb0,completed_in_time,35.0
b3-p2-fixed-1,infra-smoke-f4d41c6a-de67-5eb7-be85-2262070c58c7,completed_in_time,35.63999999999942
b3-p2-fixed-1,infra-smoke-ee0f04d3-a4da-5cc0-9b98-77b51b235a12,completed_in_time,34.59400000000005
b3-p2-fixed-1,infra-smoke-d661d15e-2013-5563-a235-2df5c0736543,completed_in_time,34.82799999999952
b3-p2-fixed-1,infra-smoke-e6bebfb5-4703-545f-bb2f-0617cf1628f9,completed_in_time,34.92199999999957
b3-p2-fixed-1,infra-smoke-1c20bcd4-e653-5ea5-8560-79425999bc2c,completed_in_time,34.8130000000001
b3-p2-fixed-1,infra-smoke-9ff64fd4-c00c-5a5f-ac84-61b4307a655a,completed_in_time,34.65599999999995
b3-p2-fixed-1,infra-smoke-37853b82-548d-53ec-9ad3-3dc719fa10fe,completed_in_time,34.28099999999995
b3-p2-fixed-1,infra-smoke-604059f7-2b5a-5de7-b86c-cbd2b89e4b0f,completed_in_time,35.79699999999957
b3-p2-fixed-1,infra-smoke-2ad3eacf-2fe4-55d9-95cc-e3f411a736d6,completed_in_time,34.70300000000043
b3-p2-fixed-1,infra-smoke-8891b8b5-769c-5843-97aa-b91636944a89,completed_in_time,35.1880000000001
b3-p2-fixed-1,infra-smoke-4e25fd5b-95fd-509f-94fd-5e69a71d8154,completed_in_time,35.90599999999995
b3-p2-fixed-1,infra-smoke-6acef44d-b6f3-5673-aac5-f6699b8034e1,completed_in_time,35.89100000000053
b3-p2-fixed-1,infra-smoke-4f1e90a6-1051-5d9a-89dd-dee75ecc837c,completed_in_time,36.21900000000005
b3-p2-fixed-1,infra-smoke-9df47457-1e42-5b76-8550-53223414d2e8,completed_in_time,36.40599999999995
b3-p2-fixed-1,infra-smoke-c84dfe25-3c3a-571b-9567-32a18169ad46,completed_in_time,36.07799999999952
b3-p2-fixed-1,infra-smoke-c5a729f1-9d20-5a37-b0fa-5dea32490a45,completed_in_time,36.10899999999947
b3-p2-fixed-1,infra-smoke-4f00cbf2-e909-5c76-a608-eeaacc527e7f,completed_in_time,36.0
b3-p2-fixed-1,infra-smoke-41a200ef-51c4-5e19-a23b-7de618e7617d,completed_in_time,36.85900000000038
b3-p2-fixed-1,infra-smoke-aeee59c5-c01e-5f73-8c3b-f98e80095491,completed_in_time,36.8119999999999
b3-p2-fixed-1,infra-smoke-5bd582ce-87f7-56fb-b86c-68021ca399cb,completed_in_time,36.48500000000058
b3-p2-fixed-1,infra-smoke-c5ee0c60-9850-5ea7-8330-fe563c7c09fc,completed_in_time,36.39100000000053
b3-p2-fixed-1,infra-smoke-8e078175-01fe-574a-a8cb-785c831ee649,completed_in_time,36.5
b3-p2-fixed-1,infra-smoke-38494f29-585b-54d2-bcac-e5217ca5ec42,completed_in_time,36.5630000000001
b3-p2-fixed-1,infra-smoke-c4c4fdef-c6f6-5685-9aa5-c2088b57c59e,completed_in_time,37.6869999999999
b3-p2-fixed-1,infra-smoke-c1f599ba-9a6b-5db1-ace6-36dd11ed16f9,completed_in_time,37.01499999999942
b3-p2-fixed-1,infra-smoke-2e56c0bc-d324-54a5-b484-cc5a625cadb3,completed_in_time,37.07799999999952
b3-p2-fixed-1,infra-smoke-9f1d09be-152c-5a6a-9b21-1136960685f1,completed_in_time,36.8130000000001
b3-p2-fixed-1,infra-smoke-b599eaff-747d-52db-844e-ccee9a560b83,completed_in_time,37.09400000000005
b3-p2-fixed-1,infra-smoke-8c655ade-a522-5d5a-8d67-0d599cbd64f1,completed_in_time,36.96900000000005
b3-p2-fixed-1,infra-smoke-1b608bfb-d6b9-5493-b734-6395bc3670b0,completed_in_time,37.78099999999995
b3-p2-fixed-1,infra-smoke-4a757169-a581-5eb3-9fd7-5c7bbf77b5f9,completed_in_time,37.73499999999967
b3-p2-fixed-1,infra-smoke-70649310-7868-5662-8058-b0126c824ef8,completed_in_time,38.5
b3-p2-fixed-1,infra-smoke-b6278f88-686b-5c22-b5cf-fbca2d05aaf2,completed_in_time,38.125
b3-p2-fixed-1,infra-smoke-2a0da794-782f-53f9-924a-d159742954ce,completed_in_time,38.53099999999995
b3-p2-fixed-1,infra-smoke-0a659bd4-b1c2-5664-890c-9da584e79b07,completed_in_time,38.21900000000005
b3-p2-fixed-1,infra-smoke-0f788ccd-ef8b-5a63-be70-6a3c4184a7dc,completed_in_time,37.92100000000028
b3-p2-fixed-1,infra-smoke-e866789e-a767-59f9-ae50-32ebdf27a4ca,completed_in_time,38.67199999999957
b3-p2-fixed-1,infra-smoke-35499b9d-1dfb-50ef-ad00-d7e591589ade,completed_in_time,39.1869999999999
b3-p2-fixed-1,infra-smoke-1531baf5-c324-52cf-a642-dd8697fe0e75,completed_in_time,38.10899999999947
b3-p2-fixed-1,infra-smoke-0c9f6c89-ac05-592b-91d7-1f51aac38227,completed_in_time,38.48400000000038
b3-p2-fixed-1,infra-smoke-2328a285-01f5-53d9-bd04-e38b0ad9baf2,completed_in_time,39.25
b3-p2-fixed-1,infra-smoke-6bfb4742-e623-5e1f-973c-cd3503fb4599,completed_in_time,39.42199999999957
b3-p2-fixed-1,infra-smoke-eb69b6aa-eb72-58f4-a2a2-04daf0173327,completed_in_time,38.57899999999972
b3-p2-fixed-1,infra-smoke-3c367cb6-5f1b-560b-a2bd-6ea8e8602c0e,completed_in_time,39.28200000000015
b3-p2-fixed-1,infra-smoke-90cb07a6-556d-5298-aa75-2db426cb780a,completed_in_time,39.25
b3-p2-fixed-1,infra-smoke-9f1d0d6d-03b5-525a-8779-68358ba7b4b4,completed_in_time,39.60999999999967
b3-p2-fixed-1,infra-smoke-768d4bf0-999e-5988-b1f4-05260f02b81f,completed_in_time,39.375
b3-p2-fixed-1,infra-smoke-092cebff-4448-5629-ae1f-f7b3fe662a52,completed_in_time,39.8130000000001
b3-p2-fixed-1,infra-smoke-0f955712-e96d-54ef-9c8d-1ba87697fd7f,completed_in_time,39.59400000000005
b3-p2-fixed-1,infra-smoke-8f1ed06a-41f3-520c-94bd-94e1f5f6cb26,completed_in_time,38.82800000000043
b3-p2-fixed-1,infra-smoke-8e5203ee-48d4-51d7-88d4-4795dd63e3f8,completed_in_time,39.98400000000038
b3-p2-fixed-1,infra-smoke-100daf23-9801-5665-8664-cac77ae1b26f,completed_in_time,39.70300000000043
b3-p2-fixed-1,infra-smoke-4162f571-ad73-56f0-99a6-5e8d5c3e9c32,completed_in_time,39.82899999999972
b3-p2-fixed-1,infra-smoke-3c5131c5-59e6-59c9-9832-8810f38eb773,completed_in_time,39.51499999999942
b3-p2-fixed-1,infra-smoke-a32fec76-63df-50cc-9681-3b3a8b431c09,completed_in_time,40.01499999999942
b3-p2-fixed-1,infra-smoke-7221ae5a-fbd7-5b31-af21-5f3871d88a39,completed_in_time,39.82800000000043
b3-p2-fixed-1,infra-smoke-9a8bd2d4-1909-54e7-a8f2-1949403b907e,completed_in_time,39.39100000000053
b3-p2-fixed-1,infra-smoke-9c24c56e-aa45-5dfb-8550-6d6fcdc7bbf5,completed_in_time,39.875
b3-p2-fixed-1,infra-smoke-acb2fd7b-6783-53ac-8a03-88e3d57b8d82,completed_in_time,39.1869999999999
b3-p2-fixed-1,infra-smoke-e54ad64e-9b61-5ebb-af9c-9e30fb4938ce,completed_in_time,39.60999999999967
b3-p2-fixed-1,infra-smoke-6252ae37-28f0-59e7-8fb2-747df19bd8fb,completed_in_time,39.71900000000005
b3-p2-fixed-1,infra-smoke-c2f3ad3e-fa16-5319-b4ad-13c451d9345d,completed_in_time,39.96799999999985
b3-p2-fixed-1,infra-smoke-4409aad9-3146-59e7-849a-361bbb9194cc,completed_in_time,40.20299999999952
b3-p2-fixed-1,infra-smoke-86a1bf98-b45e-5a33-852a-695d5c76ace5,completed_in_time,40.10999999999967
b3-p2-fixed-1,infra-smoke-a6075b80-87b1-59d6-8171-16b3522de863,completed_in_time,40.01600000000053
b3-p2-fixed-1,infra-smoke-59ebca73-d341-566a-9405-00cacfb5043a,completed_in_time,40.39100000000053
b3-p2-fixed-1,infra-smoke-6cdbedda-bb92-5302-a391-9cfc612dee3d,completed_in_time,40.28099999999995
b3-p2-fixed-1,infra-smoke-8adb5ab9-c77e-5032-ae89-301a82860cbb,completed_in_time,40.1869999999999
b3-p2-fixed-1,infra-smoke-acefff10-143f-51a9-af81-373fc93ec76a,completed_in_time,40.14100000000053
b3-p2-fixed-1,infra-smoke-1909a194-5e20-5e73-82ca-8991add35c3d,completed_in_time,40.625
b3-p2-fixed-1,infra-smoke-b2ae53e2-0530-5b42-a5aa-c22ba842e8ad,completed_in_time,40.07799999999952
b3-p2-fixed-1,infra-smoke-0d174fdb-fa3c-5a81-8f11-03de04a93afa,completed_in_time,40.375
b3-p2-fixed-1,infra-smoke-a5ecca55-3d1b-5e13-8040-999ba196257e,completed_in_time,40.82799999999952
b3-p2-fixed-1,infra-smoke-09cd3e65-f91d-5bac-9a1e-006737b56b47,completed_in_time,40.85999999999967
b3-p2-fixed-1,infra-smoke-6642238f-4ea8-51d1-ac76-96b9fea878ac,completed_in_time,41.01599999999962
b3-p2-fixed-1,infra-smoke-2f073a0c-34e4-590f-819f-bd1434e16d77,completed_in_time,40.48499999999967
b3-p2-fixed-1,infra-smoke-3d02331c-2663-5750-9b3d-ea84cd472fce,completed_in_time,40.79699999999957
b3-p2-fixed-1,infra-smoke-d6a059c5-765d-54d3-a1be-8f7ca8d34017,completed_in_time,40.65599999999995
b3-p2-fixed-1,infra-smoke-640e86df-6710-5e69-94d7-f62e4ff53948,completed_in_time,41.23499999999967
b3-p2-fixed-1,infra-smoke-6fe5cafc-0432-54df-8406-47c4871fe918,completed_in_time,41.29600000000028
b3-p2-fixed-1,infra-smoke-714fe423-ca30-5c58-a3f4-9233a53a970a,completed_in_time,41.3119999999999
b3-p2-fixed-1,infra-smoke-e8a00697-ed9d-5542-bfb2-432561b53c1c,completed_in_time,41.21799999999985
b3-p2-fixed-1,infra-smoke-18495a5f-dffa-56a4-a170-238b49062319,completed_in_time,40.82799999999952
b3-p2-fixed-1,infra-smoke-f4e693b0-54b5-5d35-8e95-86b8297cae2c,completed_in_time,40.51599999999962
b3-p2-fixed-1,infra-smoke-95514840-67dd-52a9-b9f6-018ba1783d0c,completed_in_time,41.1869999999999
b3-p2-fixed-1,infra-smoke-7d3eddd4-2a42-5d82-969a-e997e119660d,completed_in_time,40.90599999999995
b3-p2-fixed-1,infra-smoke-8086127f-7f1d-5cc1-870a-bd8a47390d34,completed_in_time,41.20300000000043
b3-p2-fixed-1,infra-smoke-eb59f2a0-efed-57b9-b76c-b4db4fc27982,completed_in_time,41.28099999999995
b3-p2-fixed-1,infra-smoke-4df14f6c-aa6d-519f-9678-baecd6177893,completed_in_time,41.6869999999999
b3-p2-fixed-1,infra-smoke-e60f1c02-c8aa-5777-a9d6-c7a31ea0e6a0,completed_in_time,41.79699999999957
b3-p2-fixed-1,infra-smoke-89d7b99b-1e9a-57a4-ae91-8fffadce30e6,completed_in_time,41.14100000000053
b3-p2-fixed-1,infra-smoke-c93860d5-8116-5c45-a292-08cf0aa7e567,completed_in_time,41.07800000000043
b3-p2-fixed-1,infra-smoke-7d85ec69-9e66-546a-bf92-b9d9bd7e3549,completed_in_time,41.29700000000048
b3-p2-fixed-1,infra-smoke-ad6ff86d-76e9-51bd-a91a-36b2cb1f6919,completed_in_time,41.57800000000043
b3-p2-fixed-1,infra-smoke-6115e55b-e920-56ef-b044-ce1e8666e56e,completed_in_time,41.6869999999999
b3-p2-fixed-1,infra-smoke-3120d801-3eb8-5335-b7ff-df8d4255ca2f,completed_in_time,41.40599999999995
b3-p2-fixed-1,infra-smoke-d40c0d85-a466-50a3-b03b-949ef581b9ff,completed_in_time,41.75
b3-p2-fixed-1,infra-smoke-7dffa69a-dc81-5758-a244-ac1ddf8faa82,completed_in_time,41.875
b3-p2-fixed-1,infra-smoke-4e5d6fb9-4ff9-534c-bf4f-6d8ce648560c,completed_in_time,41.625
b3-p2-fixed-1,infra-smoke-536f2587-4f63-57b4-bba3-8c4d437acffb,completed_in_time,40.92100000000028
b3-p2-fixed-1,infra-smoke-af619706-79f9-580a-9756-af4ec8c810fc,completed_in_time,41.625
b3-p2-fixed-1,infra-smoke-3557a53a-65e3-54b2-b322-a897ba17c5de,completed_in_time,42.28099999999995
b3-p2-fixed-1,infra-smoke-af270716-86e4-59ef-9a70-995d4ba0f201,completed_in_time,41.51600000000053
b3-p2-fixed-1,infra-smoke-2cded73b-2926-50b5-9f6a-125592451226,completed_in_time,41.53099999999995
b3-p2-fixed-1,infra-smoke-601e9d77-f255-59f8-adf5-f9ed06539a2d,completed_in_time,42.0
b3-p2-fixed-1,infra-smoke-bdac6aea-758e-59f4-8a30-57e15385f9fb,completed_in_time,42.39099999999962
b3-p2-fixed-1,infra-smoke-900ee36d-f12e-5771-a93b-553f0beeacce,completed_in_time,41.53200000000015
b3-p2-fixed-1,infra-smoke-0f24453c-3a6d-51c8-b378-6a9b0892b9ad,completed_in_time,42.09400000000005
b3-p2-fixed-1,infra-smoke-340f0960-472d-5cd2-a85f-e28e34bf717e,completed_in_time,42.01499999999942
b3-p2-fixed-1,infra-smoke-fa0c21fd-0db7-5ff0-a58a-dc653fea1586,completed_in_time,42.29699999999957
b3-p2-fixed-1,infra-smoke-285f5006-4ddf-567b-a665-d262a7fb767a,completed_in_time,42.60900000000038
b3-p2-fixed-1,infra-smoke-49cf8077-b374-5581-b3d2-9f111aa2703d,completed_in_time,42.21900000000005
b3-p2-fixed-1,infra-smoke-f12bf75f-b105-5f38-a982-9240fefef826,completed_in_time,42.125
b3-p2-fixed-1,infra-smoke-fe5c0e39-b66b-5b77-91e4-f9eba6076275,completed_in_time,42.40599999999995
b3-p2-fixed-1,infra-smoke-a97a0720-b7b6-5009-b6d9-887fc52e616d,completed_in_time,42.59400000000005
b3-p2-fixed-1,infra-smoke-c48ed426-332f-5012-87f2-a19cae96889d,completed_in_time,42.59299999999985
b3-p2-fixed-1,infra-smoke-97bbed02-1118-5175-9590-34ad03f15ad5,completed_in_time,42.21900000000005
b3-p2-fixed-1,infra-smoke-7944df4d-832a-52b5-ace0-b4502e49f867,completed_in_time,43.20299999999952
b3-p2-fixed-1,infra-smoke-597ae903-fe40-545f-9fb4-beb24c7f7ede,completed_in_time,42.9369999999999
b3-p2-fixed-1,infra-smoke-30eccdae-f753-5e6a-ad07-e906557597a7,completed_in_time,42.61000000000058
b3-p2-fixed-1,infra-smoke-7203f12c-2298-5598-8762-e360fbe4ad96,completed_in_time,42.60999999999967
b3-p2-fixed-1,infra-smoke-9027e86e-feaf-55dd-b82c-44ee8f374099,completed_in_time,43.5
b3-p2-fixed-1,infra-smoke-d3494c01-bcf8-583a-83ef-e922b658c02c,completed_in_time,43.0
b3-p2-fixed-1,infra-smoke-9f8f0e7b-9518-510b-a60a-05713d4820cb,completed_in_time,43.09400000000005
b3-p2-fixed-1,infra-smoke-5e968f70-6ea1-5705-8eff-c56e7a223642,completed_in_time,42.78099999999995
b3-p2-fixed-1,infra-smoke-bee56432-8e68-545b-89ef-bc1e191ff357,completed_in_time,43.42200000000048
b3-p2-fixed-1,infra-smoke-93a25e44-459f-5571-b5cb-0323a36132a8,completed_in_time,43.76599999999962
b3-p2-fixed-1,infra-smoke-8383c6f9-b1dc-5f97-a360-0755a51b10d7,completed_in_time,43.92200000000048
b3-p2-fixed-1,infra-smoke-c0714dab-bb61-55e0-a12a-f3ce08ae6c94,completed_in_time,43.28200000000015
b3-p2-fixed-1,infra-smoke-28460b2a-6bd2-582a-9277-89e4cce82eda,completed_in_time,43.03099999999995
b3-p2-fixed-1,infra-smoke-d3349868-750b-5ffe-ab3d-46ae37dd5d31,completed_in_time,43.48400000000038
b3-p2-fixed-1,infra-smoke-39c4be8e-1d98-5853-8706-fdb7d38d41cd,completed_in_time,43.39099999999962
b3-p2-fixed-1,infra-smoke-173e9782-7b5d-5500-8183-102bea5add85,completed_in_time,43.20299999999952
b3-p2-fixed-1,infra-smoke-93051031-e08b-5d16-b18f-b05784ade15d,completed_in_time,43.73500000000058
b3-p2-fixed-1,infra-smoke-677b147b-bd55-5c98-8976-d0fe78537c7f,completed_in_time,43.88999999999942
b3-p2-fixed-1,infra-smoke-54ac1ee1-1a19-5998-a50b-53fee12974a8,completed_in_time,44.23400000000038
b3-p2-fixed-1,infra-smoke-407b4255-af0f-5e7a-819e-b8515d5702b7,completed_in_time,43.57799999999952
b3-p2-fixed-1,infra-smoke-f7a8bb99-cc61-5f40-9048-55427cd9ca76,completed_in_time,44.0
b3-p2-fixed-1,infra-smoke-b38f2889-3445-5859-9b36-9fb9db14a77b,completed_in_time,43.5
b3-p2-fixed-1,infra-smoke-da21a823-9d21-55bf-81b3-f6978d56957a,completed_in_time,43.59400000000005
b3-p2-fixed-1,infra-smoke-f99a5510-ad59-5a9c-be6e-c177c96ae83c,completed_in_time,43.20299999999952
b3-p2-fixed-1,infra-smoke-818d0de5-0d10-56fe-bdaf-cdc5ff4573c6,completed_in_time,44.125
b3-p2-fixed-1,infra-smoke-7390f878-fe27-552d-ba97-1f66d0e57dd2,completed_in_time,44.40700000000015
b3-p2-fixed-1,infra-smoke-ca4c5cda-50bb-5203-8ca6-4c09393b3620,completed_in_time,43.98400000000038
b3-p2-fixed-1,infra-smoke-76e6b7a6-f63f-53b0-9b5d-2554deeef112,completed_in_time,44.25
b3-p2-fixed-1,infra-smoke-ab2774d2-90b3-5b96-94df-3d4a25d39f0c,completed_in_time,44.28099999999995
b3-p2-fixed-1,infra-smoke-52cec26d-71b2-50bf-9fae-83dfb4fdb32f,completed_in_time,44.1880000000001
b3-p2-fixed-1,infra-smoke-d021bd79-d44b-5179-8a83-8f41e456d5b6,completed_in_time,44.0
b3-p2-fixed-1,infra-smoke-ea2a1028-f73d-5955-9863-22640a4c034c,completed_in_time,44.35899999999947
b3-p2-fixed-1,infra-smoke-d58232fe-fc3e-5e41-9612-23ac8d7fc5c8,completed_in_time,44.54699999999957
b3-p2-fixed-1,infra-smoke-c71020e7-853d-527e-be16-64b67078e710,completed_in_time,44.4380000000001
b3-p2-fixed-1,infra-smoke-f26de28a-6689-59be-b08b-a7951a286313,completed_in_time,44.53099999999995
b3-p2-fixed-1,infra-smoke-787cea0c-80e7-5f9f-830d-7cd178184da4,completed_in_time,44.40700000000015
b3-p2-fixed-1,infra-smoke-6032b78b-7446-5205-9c92-afc97aebd3bd,completed_in_time,44.42199999999957
b3-p2-fixed-1,infra-smoke-c64648fe-5411-54f7-8d0c-bb02170769b4,completed_in_time,44.71799999999985
b3-p2-fixed-1,infra-smoke-cfd4c823-92c5-52bc-bc18-6ebef2bdbcff,completed_in_time,44.75
b3-p2-fixed-1,infra-smoke-b379f156-935a-526e-9d57-58f253b46ef1,completed_in_time,44.79600000000028
b3-p2-fixed-1,infra-smoke-5db8d082-e544-52bc-ac64-f4956b659287,completed_in_time,45.07800000000043
b3-p2-fixed-1,infra-smoke-a4fe4ecb-fe77-507c-a267-8512ea8ed6eb,completed_in_time,44.51599999999962
b3-p2-fixed-1,infra-smoke-69d68408-51d1-58ca-a231-17530edefdc8,completed_in_time,44.6880000000001
b3-p2-fixed-1,infra-smoke-0d65c59b-976c-5074-bce4-8932db34280e,completed_in_time,44.5
b3-p2-fixed-1,infra-smoke-66531945-486c-592b-8ce4-517a0723079a,completed_in_time,45.0630000000001
b3-p2-fixed-1,infra-smoke-ca3ca1f2-8c6d-50db-ad56-524aa1f14b01,completed_in_time,44.51599999999962
b3-p2-fixed-1,infra-smoke-795e4f5b-5574-5a34-9cc4-bd59516cc00c,completed_in_time,44.59299999999985
b3-p2-fixed-1,infra-smoke-3d957315-5f43-58ca-8673-ba9ee93eb3b0,completed_in_time,44.82799999999952
b3-p2-fixed-1,infra-smoke-c42558a3-5a54-5176-864d-6ef51d33fb18,completed_in_time,45.28099999999995
b3-p2-fixed-1,infra-smoke-6b3843a4-5b91-56c9-ba58-c37c40770b8d,completed_in_time,45.0630000000001
b3-p2-fixed-1,infra-smoke-e94fc140-6bb1-5d6b-9fb3-01bbcea18320,completed_in_time,44.1869999999999
b3-p2-fixed-1,infra-smoke-118cccc7-874e-5d90-b4f7-e73000b65c0d,completed_in_time,44.8119999999999
b3-p2-fixed-1,infra-smoke-382d7a8a-5fae-5813-b2b8-5ad45e05c27e,completed_in_time,45.20299999999952
b3-p2-fixed-1,infra-smoke-b3ade55c-10f4-5a20-826a-e697d114240a,completed_in_time,45.48399999999947
b3-p2-fixed-1,infra-smoke-94dc9043-7ca4-5767-a842-240f00706599,completed_in_time,45.6869999999999
b3-p2-fixed-1,infra-smoke-5047c03d-7ae6-5dfb-8761-9b3745cbc6ea,completed_in_time,45.92200000000048
b3-p2-fixed-1,infra-smoke-dea7ff5a-f40c-5a71-9570-59025f17a12c,completed_in_time,45.92199999999957
b3-p2-fixed-1,infra-smoke-65973168-33f4-5626-8cb9-aad4cee5177e,completed_in_time,44.98400000000038
b3-p2-fixed-1,infra-smoke-d2a77c84-c16b-5264-9a44-1d15e4b981d8,completed_in_time,45.40599999999995
b3-p2-fixed-1,infra-smoke-55426901-11af-5bce-a91d-f787209b0c69,completed_in_time,45.42100000000028
b3-p2-fixed-1,infra-smoke-14001932-9f90-5f95-81c6-d46d27ac7297,completed_in_time,45.39099999999962
b3-p2-fixed-1,infra-smoke-53333ed1-b358-5ca8-96da-08a8e8ba2ec7,completed_in_time,45.89000000000033
b3-p2-fixed-1,infra-smoke-87497d14-ba7e-55b3-998e-db12672aaf1a,completed_in_time,45.40599999999995
b3-p2-fixed-1,infra-smoke-b2ea1829-b69e-5743-9233-6d6fe01429d7,completed_in_time,45.79699999999957
b3-p2-fixed-1,infra-smoke-dac26140-eea2-524b-9b00-fc9e9042b83d,completed_in_time,45.79700000000048
b3-p2-fixed-1,infra-smoke-703542ab-b978-5e62-a00a-7d8810242e1f,completed_in_time,45.60999999999967
b3-p2-fixed-1,infra-smoke-3644e4e8-58cd-5fb4-960a-9dc19ec69566,completed_in_time,46.09400000000005
b3-p2-fixed-1,infra-smoke-f61b516b-081f-511c-81f1-b166f91334f5,completed_in_time,45.79699999999957
b3-p2-fixed-1,infra-smoke-d9816b24-bbdf-5159-a9c7-9fee7576d4a8,completed_in_time,45.90599999999995
b3-p2-fixed-1,infra-smoke-f256960a-3349-5b09-85b0-9bde5ac06ea6,completed_in_time,45.78099999999995
b3-p2-fixed-1,infra-smoke-5fcea130-e2ef-5167-a3b8-9bcbd831519b,completed_in_time,45.625
b3-p2-fixed-1,infra-smoke-9d28766e-627e-5c32-8a05-acd697844542,completed_in_time,46.0619999999999
b3-p2-fixed-1,infra-smoke-6ced9af0-2133-57e9-b405-293a9280e0a1,completed_in_time,46.26600000000053
b3-p2-fixed-1,infra-smoke-980b99fe-724c-511c-957e-2c342847b406,completed_in_time,45.84400000000005
b3-p2-fixed-1,infra-smoke-3a0ddb8f-9ac8-5925-aefa-c57706b8810b,completed_in_time,45.5
b3-p2-fixed-1,infra-smoke-a6f14890-fc95-5979-a76c-c46cf56d5208,completed_in_time,45.32800000000043
b3-p2-fixed-1,infra-smoke-5c1cb3f3-7181-5c73-86c8-010d0d0613ec,completed_in_time,46.1869999999999
b3-p2-fixed-1,infra-smoke-724a627f-314f-5eef-963f-fa97ef66cc07,completed_in_time,46.21799999999985
b3-p2-fixed-1,infra-smoke-ec084184-8f38-578a-9ae0-409e31f1eac5,completed_in_time,46.28099999999995
b3-p2-fixed-1,infra-smoke-91bdf1ed-7a4e-577e-8a8d-ffaa71ef2d77,completed_in_time,46.0619999999999
b3-p2-fixed-1,infra-smoke-d4a97600-f295-5a13-872d-6870b03fa5aa,completed_in_time,45.79699999999957
b3-p2-fixed-1,infra-smoke-30f9b24a-9be9-5074-82f9-2cea2fcbb264,completed_in_time,46.20300000000043
b3-p2-fixed-1,infra-smoke-7646ba52-d2a0-5d99-9bf0-6b0cdc128763,completed_in_time,46.09400000000005
b3-p2-fixed-1,infra-smoke-569b14c4-15d5-5644-885a-2cd9c80520b6,completed_in_time,45.90599999999995
b3-p2-fixed-1,infra-smoke-484a7bea-dc74-5d72-8e7b-fa06e4d8013f,completed_in_time,46.14100000000053
b3-p2-fixed-1,infra-smoke-1caf3c98-6bc2-5138-9e02-c48defb16813,completed_in_time,46.59299999999985
b3-p2-fixed-1,infra-smoke-1861a80f-28a3-5bc3-bf1d-7a0e61c2119e,completed_in_time,46.23400000000038
b3-p2-fixed-1,infra-smoke-515b6c80-c62e-5173-9294-9eebc251e445,completed_in_time,46.20399999999972
b3-p2-fixed-1,infra-smoke-9af513fe-ab21-5a22-9d62-6f2d087a0369,completed_in_time,46.40599999999995
b3-p2-fixed-1,infra-smoke-c54f9be1-b982-509b-9428-a26e09833636,completed_in_time,46.40599999999995
b3-p2-fixed-1,infra-smoke-07ed6b43-0ecd-57d6-afbc-12353d9cda15,completed_in_time,46.67199999999957
b3-p2-fixed-1,infra-smoke-bf39600e-c8cd-5bc9-88b0-6f1361949ae3,completed_in_time,46.51499999999942
b3-p2-fixed-1,infra-smoke-5dff665f-9d75-59f1-9447-2ce4b409e9aa,completed_in_time,46.75
b3-p2-fixed-1,infra-smoke-8d0db453-4fdf-5f8d-b1cf-cffd067d46e8,completed_in_time,46.70399999999972
b3-p2-fixed-1,infra-smoke-e9c0053e-eaae-52cb-a596-2693955b82ca,completed_in_time,46.3130000000001
b3-p2-fixed-1,infra-smoke-d7546477-8ddd-57e7-8273-f5444cac233e,completed_in_time,45.8130000000001
b3-p2-fixed-1,infra-smoke-db85a681-69ab-5c3f-b1ca-6549ae199376,completed_in_time,46.0
b3-p2-fixed-1,infra-smoke-b2a419f1-f88d-53b0-a1cd-19b843ded609,completed_in_time,46.90599999999995
b3-p2-fixed-1,infra-smoke-027c4175-2352-5b56-b693-5b4ac9c6357b,completed_in_time,46.79699999999957
b3-p2-fixed-1,infra-smoke-60768528-6025-5614-8733-b1b29e092cbc,completed_in_time,46.70399999999972
b3-p2-fixed-1,infra-smoke-d5f4104e-4f11-5ec0-a187-5a9885a2a972,completed_in_time,46.79600000000028
b3-p2-fixed-1,infra-smoke-a797eaa4-8449-519d-96b9-2306bad96b0b,completed_in_time,46.92100000000028
b3-p2-fixed-1,infra-smoke-05e6f714-3e4d-5f76-bd7a-aca151d0cbb4,completed_in_time,47.04699999999957
b3-p2-fixed-1,infra-smoke-6c407c77-561f-5004-9403-4d6a67e7a83a,completed_in_time,47.03099999999995
b3-p2-fixed-1,infra-smoke-9446b1ef-fb51-5926-9a80-1f1f7cda0e40,completed_in_time,47.45299999999952
b3-p2-fixed-1,infra-smoke-197abbd9-2664-54ad-b85f-35281fa7e6cc,completed_in_time,47.32899999999972
b3-p2-fixed-1,infra-smoke-03300954-3d04-5d69-9d08-c1a81e19abfb,completed_in_time,46.90700000000015
b3-p2-fixed-1,infra-smoke-c1cbb9c3-e7e1-51e0-b118-fe60c6e8e375,completed_in_time,47.3119999999999
b3-p2-fixed-1,infra-smoke-0ca5712c-a9b5-55df-becb-29ae89824c27,completed_in_time,47.42200000000048
b3-p2-fixed-1,infra-smoke-ce8f12b1-331e-5cc3-82cb-393d1d1e8a99,completed_in_time,47.42199999999957
b3-p2-fixed-1,infra-smoke-0a369eb1-8e4f-568f-8956-d646dd85314c,completed_in_time,47.40700000000015
b3-p2-fixed-1,infra-smoke-7ea44411-4191-5caa-8b32-4f387ca9e90b,completed_in_time,47.1880000000001
b3-p2-fixed-1,infra-smoke-3b3c5f9b-4212-5af3-8cfc-37ed3932a27a,completed_in_time,47.51500000000033
b3-p2-fixed-1,infra-smoke-25ccf302-293c-5c1c-8e9a-61d96fec1a2e,completed_in_time,47.23400000000038
b3-p2-fixed-1,infra-smoke-60b2a654-8d7e-525e-850b-cb6df01101d5,completed_in_time,47.20299999999952
b3-p2-fixed-1,infra-smoke-80ecbe4e-ce8b-515e-9550-e8d767831660,completed_in_time,47.5
b3-p2-fixed-1,infra-smoke-1e0cc1f8-2393-5b52-bad7-9bd3f5b19220,completed_in_time,47.51599999999962
b3-p2-fixed-1,infra-smoke-d8a1527d-571b-59e8-a6f3-8505d361ae7d,completed_in_time,47.40599999999995
b3-p2-fixed-1,infra-smoke-259572d2-191d-5bf0-b03c-9045900a28fd,completed_in_time,47.39000000000033
b3-p2-fixed-1,infra-smoke-f85bbec4-a822-5791-a7b4-d9d575c97ba6,completed_in_time,47.89099999999962
b3-p2-fixed-1,infra-smoke-f263ef38-de53-5d10-8a0a-cab41af1737f,completed_in_time,47.64100000000053
b3-p2-fixed-1,infra-smoke-e0d24735-c315-51af-b3a5-6050330b0629,completed_in_time,47.59400000000005
b3-p2-fixed-1,infra-smoke-ea40242e-c097-50e1-a562-8f53501fed24,completed_in_time,47.48400000000038
b3-p2-fixed-1,infra-smoke-53017504-fa6a-5cc8-bb63-8775b4c2163f,completed_in_time,47.60999999999967
b3-p2-fixed-1,infra-smoke-3179e75e-0995-5a6f-b9c7-7990f0ca80f5,completed_in_time,47.71900000000005
b3-p2-fixed-1,infra-smoke-b3b39443-00dd-5dff-b36e-17cf07b2454f,completed_in_time,47.09400000000005
b3-p2-fixed-1,infra-smoke-f5432e7f-c717-5f83-aec6-8d7600d202ca,completed_in_time,47.79700000000048
b3-p2-fixed-1,infra-smoke-4b806b41-de0d-5044-ad7d-7823632765ca,completed_in_time,47.67100000000028
b3-p2-fixed-1,infra-smoke-98d931d6-8225-55a8-af19-112f96a240fc,completed_in_time,47.67200000000048
b3-p2-fixed-1,infra-smoke-b49f79eb-753c-5c19-9c4b-a4ec1bc3be6c,completed_in_time,47.6869999999999
b3-p2-fixed-1,infra-smoke-15f31689-44c4-525c-817c-eab406f34be8,completed_in_time,47.59299999999985
b3-p2-fixed-1,infra-smoke-853f5376-4469-5ad0-bb03-ff383c278d1f,completed_in_time,47.63999999999942
b3-p2-fixed-1,infra-smoke-5566df42-77df-5651-a5af-06d26815b67f,completed_in_time,47.45300000000043
b3-p2-fixed-1,infra-smoke-ac649c06-2a2a-53dc-b6e1-931ac37e3bc4,completed_in_time,47.5
b3-p2-fixed-1,infra-smoke-c07b3b97-de8b-5665-9372-6e6bc995d842,completed_in_time,46.46900000000005
b3-p2-fixed-1,infra-smoke-dd71bbf8-ab28-5d5d-aaff-993a4418a6b5,completed_in_time,47.57800000000043
b3-p2-fixed-1,infra-smoke-c1f6dd13-5dc1-51b4-b968-35f79c3aa767,completed_in_time,47.71900000000005
b3-p2-fixed-1,infra-smoke-6b138d66-b74c-545a-a533-6f0acc392c9b,completed_in_time,47.90599999999995
b3-p2-fixed-1,infra-smoke-09d9dd83-4618-57ec-8b93-3941e7b6a6d1,completed_in_time,47.67199999999957
b3-p2-fixed-1,infra-smoke-02db39e4-f83b-5e82-803d-b2351d9aa117,completed_in_time,47.59400000000005
b3-p2-fixed-1,infra-smoke-5f60cf5e-fbf9-57b6-95c0-7bf2080f76be,completed_in_time,47.51599999999962
b3-p2-fixed-1,infra-smoke-c64165ab-97fc-5849-9dc9-379d95fd502b,completed_in_time,47.57799999999952
b3-p2-fixed-1,infra-smoke-d2d2dc8d-c244-5e2d-8de0-e2d3f08c7a43,completed_in_time,47.96900000000005
b3-p2-fixed-1,infra-smoke-6d7041a5-c715-5c98-b66f-2b5bc3ad6f1d,completed_in_time,47.92200000000048
b3-p2-fixed-1,infra-smoke-db43414b-c0ef-5121-a569-61fba1c38c86,completed_in_time,48.42100000000028
b3-p2-fixed-1,infra-smoke-5d0891f0-347f-533a-9eaa-0e9412ea06d4,completed_in_time,48.0
b3-p2-fixed-1,infra-smoke-fde90982-b2af-57ab-8720-d9f0e2b60be0,completed_in_time,48.01500000000033
b3-p2-fixed-1,infra-smoke-1563e3df-91a6-5eab-a9b2-7b8a8ee60bf0,completed_in_time,48.20300000000043
b3-p2-fixed-1,infra-smoke-d255cf41-4785-5b00-8c87-5db5df80a64a,completed_in_time,48.17200000000048
b3-p2-fixed-1,infra-smoke-5fc2be1f-c418-5acc-b181-cf7f204658e0,completed_in_time,47.70300000000043
b3-p2-fixed-1,infra-smoke-713c91ca-ccfd-5ca1-9161-78fc6815e42c,completed_in_time,47.5
b3-p2-fixed-1,infra-smoke-e5f4af47-6244-577d-9f08-4ace679a6bed,completed_in_time,47.84400000000005
b3-p2-fixed-1,infra-smoke-78c48b16-b8cd-58ac-be4e-ecf0ea9fe9e0,completed_in_time,48.875
b3-p2-fixed-1,infra-smoke-3c2f21d0-5fdb-5499-9d44-0bab9a3ee434,completed_in_time,48.28099999999995
b3-p2-fixed-1,infra-smoke-77455e69-a87f-5094-83c8-5afb78505e8a,completed_in_time,48.20300000000043
b3-p2-fixed-1,infra-smoke-ea29c7fb-3dc0-5f15-a096-45f310fcaa77,completed_in_time,48.0
b3-p2-fixed-1,infra-smoke-cfa4a03b-3865-5725-83ab-448fad2447d1,completed_in_time,48.3130000000001
b3-p2-fixed-1,infra-smoke-286f4355-ad40-58ae-96e9-b9cf39261920,completed_in_time,48.40599999999995
b3-p2-fixed-1,infra-smoke-292115b0-92e4-5301-9c73-ad48b5a53848,completed_in_time,48.9369999999999
b3-p2-fixed-1,infra-smoke-9fd605ae-338e-53a2-abb4-1c5df0879872,completed_in_time,48.73400000000038
b3-p2-fixed-1,infra-smoke-9c535d66-44b7-5255-8dcb-b25f4afee932,completed_in_time,48.64100000000053
b3-p2-fixed-1,infra-smoke-a2d1b6e0-2f2c-5a2a-8a31-770a4c7e10ca,completed_in_time,48.8119999999999
b3-p2-fixed-1,infra-smoke-53678805-c144-57e7-92db-86a1f9da547a,completed_in_time,48.8119999999999
b3-p2-fixed-1,infra-smoke-b66aca73-d5e0-5846-bb55-0f4b02a1dcb1,completed_in_time,48.90700000000015
b3-p2-fixed-1,infra-smoke-3f7734bc-203b-52b0-9b78-1d1e8719ddfb,completed_in_time,48.6869999999999
b3-p2-fixed-1,infra-smoke-16ba656c-1921-549b-abdc-981d96ac0497,completed_in_time,48.57899999999972
b3-p2-fixed-1,infra-smoke-62783341-37e4-5b25-8d49-105454f5fd0e,completed_in_time,48.23399999999947
b3-p2-fixed-1,infra-smoke-f361f38f-eb45-554e-a953-90024cb19064,completed_in_time,48.39099999999962
b3-p2-fixed-1,infra-smoke-9c2f6245-a652-51af-a8b9-1e7b8d62527e,completed_in_time,48.25
b3-p2-fixed-1,infra-smoke-8220a25b-e0c7-5adc-92bc-93c71d942f55,completed_in_time,48.45299999999952
b3-p2-fixed-1,infra-smoke-3c6ce6e7-2781-51d3-bfb6-3b746dcb2fae,completed_in_time,48.5
b3-p2-fixed-1,infra-smoke-cc5d3d26-6f19-5fd4-89f8-cd5e8b324c95,completed_in_time,48.34400000000005
b3-p2-fixed-1,infra-smoke-46e22706-e3ce-5891-9f13-77781a06d91a,completed_in_time,48.39099999999962
b3-p2-fixed-1,infra-smoke-23ef2a8b-0009-5ba0-96b6-454e092f2a47,completed_in_time,48.76599999999962
b3-p2-fixed-1,infra-smoke-633dbf6c-80d6-5c67-8322-76702aed2ff7,completed_in_time,49.07800000000043
b3-p2-fixed-1,infra-smoke-bc568246-bc06-57eb-bcfa-aecb9ba852e4,completed_in_time,48.60900000000038
b3-p2-fixed-1,infra-smoke-68339698-e00f-5024-80b8-9b558d13f371,completed_in_time,48.875
b3-p2-fixed-1,infra-smoke-5a4a212f-2f5f-5a4e-a00d-422add04fd3f,completed_in_time,49.29600000000028
b3-p2-fixed-1,infra-smoke-b5922a1a-769e-5b5b-93e6-316455445a55,completed_in_time,49.09400000000005
b3-p2-fixed-1,infra-smoke-75ca60e8-7a93-5622-89f3-eb4062ec9f9a,completed_in_time,49.20300000000043
b3-p2-fixed-1,infra-smoke-790b3b65-4148-52a6-9677-64485a097a81,completed_in_time,48.71900000000005
b3-p2-fixed-1,infra-smoke-77f49df6-2fd6-54c7-be9b-4b4e3108aa59,completed_in_time,49.40599999999995
b3-p2-fixed-1,infra-smoke-92c587ca-f850-502d-9d1a-478d90c75124,completed_in_time,49.11000000000058
b3-p2-fixed-1,infra-smoke-88873f24-9c8c-5b13-b5c3-5edb2b2d1311,completed_in_time,49.0
b3-p2-fixed-1,infra-smoke-cebf0a22-09e0-5f7e-9439-2e3cb738bfb2,completed_in_time,48.88999999999942
b3-p2-fixed-1,infra-smoke-3347149b-cfff-54c7-a7e8-72c6a3b8b5b9,completed_in_time,49.0
b3-p2-fixed-1,infra-smoke-978da31a-aac3-5422-aec0-51fc3659fd1f,completed_in_time,49.01599999999962
b3-p2-fixed-1,infra-smoke-8fe39711-4767-521d-9703-624b170c711f,completed_in_time,48.82799999999952
b3-p2-fixed-1,infra-smoke-e4ef9da7-e5fa-59e5-b8a1-ae7e1cde8744,completed_in_time,48.6869999999999
b3-p2-fixed-1,infra-smoke-746e03df-88e9-57ea-97c8-bc6d0b32b69d,completed_in_time,49.0
b3-p2-fixed-1,infra-smoke-8a856b80-65bf-5a52-ba52-832b560d4d10,completed_in_time,49.40599999999995
b3-p2-fixed-1,infra-smoke-f63d18db-5dd5-564e-a1ff-2b737caa3fd9,completed_in_time,49.59400000000005
b3-p2-fixed-1,infra-smoke-9245f19d-b661-5a79-a72c-5eb89d66f8bf,completed_in_time,49.60999999999967
b3-p2-fixed-1,infra-smoke-0bed4771-e5c2-52d7-9bb6-d956c7dbb36f,completed_in_time,49.60900000000038
b3-p2-fixed-1,infra-smoke-40c820a3-d45e-5cd3-b7f2-21f8998af0e0,completed_in_time,49.39100000000053
b3-p2-fixed-1,infra-smoke-775cb232-e76d-557a-bc52-cc563e4b97e6,completed_in_time,49.48499999999967
b3-p2-fixed-1,infra-smoke-91bc1868-06c1-5340-bbcf-f1f83c1a3230,completed_in_time,49.40700000000015
b3-p2-fixed-1,infra-smoke-b0822423-8950-555d-b3cb-9ce8a1550459,completed_in_time,49.70300000000043
b3-p2-fixed-1,infra-smoke-73bfb102-49e6-5347-88fe-60049f1b2f28,completed_in_time,49.48499999999967
b3-p2-fixed-1,infra-smoke-69b750ea-672d-5bfc-924c-a55daa062630,completed_in_time,48.57800000000043
b3-p2-fixed-1,infra-smoke-73c54275-8a1f-5a98-ac8a-3974e965095b,completed_in_time,49.21799999999985
b3-p2-fixed-1,infra-smoke-6e2e81de-05bb-5582-b211-c0244153b6c3,completed_in_time,49.03099999999995
b3-p2-fixed-1,infra-smoke-82a305e7-3d4a-5876-a79b-d950269e6dc2,completed_in_time,49.0630000000001
b3-p2-fixed-1,infra-smoke-26360f54-b152-5aae-a329-3503a18db043,completed_in_time,48.79699999999957
b3-p2-fixed-1,infra-smoke-4a6e4af6-5f6e-52f0-bcc4-c9391c79bf59,completed_in_time,48.9369999999999
b3-p2-fixed-1,infra-smoke-f41992d5-eced-5a91-8f95-69b47f56415f,completed_in_time,48.46900000000005
b3-p2-fixed-1,infra-smoke-a9757fd6-352a-50a6-b44a-34f6fb1df69c,completed_in_time,48.71900000000005
b3-p2-fixed-1,infra-smoke-8e247b0e-453f-573e-b97f-fccba57ef827,completed_in_time,49.09400000000005
b3-p2-fixed-1,infra-smoke-d107d46c-b400-537c-a88f-f098e76fc137,completed_in_time,49.0
b3-p2-fixed-1,infra-smoke-1c669bd5-d7b6-5d9f-832c-5c3e36e0dc6f,completed_in_time,49.09400000000005
b3-p2-fixed-1,infra-smoke-a911297c-65b8-5b55-8fcb-538a2f56ff5a,completed_in_time,49.1869999999999
b3-p2-fixed-1,infra-smoke-3923206b-d4b4-5fa5-9930-3bb888db23f6,completed_in_time,49.17199999999957
b3-p2-fixed-1,infra-smoke-c904ca71-5d84-576e-abf9-c9dd3c202bc8,completed_in_time,49.07799999999952
b3-p2-fixed-1,infra-smoke-de63fcf9-10d9-53d0-811d-55ef78452de4,completed_in_time,49.59299999999985
b3-p2-fixed-1,infra-smoke-cdb4eb79-034a-5cd7-b46b-e876ccfb7846,completed_in_time,49.375
b3-p2-fixed-1,infra-smoke-6d9f5d05-1006-5ff5-a06a-3dfa3673bcdb,completed_in_time,49.79699999999957
b3-p2-fixed-1,infra-smoke-b804d7fb-2d0c-52f9-8120-ef2ca3d3fb1d,completed_in_time,49.17199999999957
b3-p2-fixed-1,infra-smoke-13189098-6d5a-515a-bca7-9113f35cc712,completed_in_time,49.5
b3-p2-fixed-1,infra-smoke-be9652df-9b92-51af-aa73-39cc7f523868,completed_in_time,49.73400000000038
b3-p2-fixed-1,infra-smoke-56bb01f6-9530-5d1c-9678-0e0cdf357ede,completed_in_time,50.20300000000043
b3-p2-fixed-1,infra-smoke-a3856f9b-d347-5126-badb-cb9de6bcb847,completed_in_time,49.67200000000048
b3-p2-fixed-1,infra-smoke-f59c45a0-0d46-5bb9-9782-2169683e9834,completed_in_time,49.78099999999995
b3-p2-fixed-1,infra-smoke-7288dcd4-3938-59fd-bc76-2dbf41d2425e,completed_in_time,50.375
b3-p2-fixed-1,infra-smoke-094166c1-6703-5e70-bcea-1c697bf2a844,completed_in_time,49.90599999999995
b3-p2-fixed-1,infra-smoke-da77499b-77a2-5fe1-9115-3ed4b5df1e0d,completed_in_time,49.875
b3-p2-fixed-1,infra-smoke-f12b183f-837e-5754-938d-ec2f476c6f12,completed_in_time,50.07800000000043
b3-p2-fixed-1,infra-smoke-92003ab4-bc39-5f15-a55e-e660d8a709a7,completed_in_time,50.71900000000005
b3-p2-fixed-1,infra-smoke-40bb9750-4bbc-5cac-abdd-89b10a40bde3,completed_in_time,50.09400000000005
b3-p2-fixed-1,infra-smoke-8994da35-d1b4-5c68-88ec-60483b7b79cf,completed_in_time,50.10900000000038
b3-p2-fixed-1,infra-smoke-035e182a-81e3-5c44-9cf8-4c7403f3666d,completed_in_time,50.1869999999999
b3-p2-fixed-1,infra-smoke-b00dd81f-dfb2-52a8-aa76-1a8595611d3a,completed_in_time,49.96900000000005
b3-p2-fixed-1,infra-smoke-cb3641e8-05fd-5ffd-98f8-dbe7a888f747,completed_in_time,50.1880000000001
b3-p2-fixed-1,infra-smoke-864d81ea-c5cb-5900-863a-1cee9b61d539,completed_in_time,50.26499999999942
b3-p2-fixed-1,infra-smoke-f07ec285-28ff-5d88-a7c1-1a7ab783544d,completed_in_time,50.39000000000033
b3-p2-fixed-1,infra-smoke-571f387a-a9c0-5b19-9ba9-5733ae9b43e2,completed_in_time,50.29700000000048
b3-p2-fixed-1,infra-smoke-5cba8836-800e-5c14-b303-c31d89427652,completed_in_time,50.20300000000043
b3-p2-fixed-1,infra-smoke-fdb96b96-8972-5922-9124-117ae782b64a,completed_in_time,50.3119999999999
b3-p2-fixed-1,infra-smoke-bc8dbace-9af2-5564-8241-ddf5536ea4a2,completed_in_time,49.71900000000005
b3-p2-fixed-1,infra-smoke-285cb661-ebe9-5666-a5f7-375b9d47d160,completed_in_time,50.40700000000015
b3-p2-fixed-1,infra-smoke-8fdad31b-d670-5db2-9a09-4fccc3f74bec,completed_in_time,50.125
b3-p2-fixed-1,infra-smoke-d3a28898-d40e-554a-9a93-cf6ec4d663e7,completed_in_time,50.8119999999999
b3-p2-fixed-1,infra-smoke-ada80817-b3e0-5a33-b393-88bb29fb43b5,completed_in_time,50.5
b3-p2-fixed-1,infra-smoke-261f6cee-c2a0-50c9-bcbf-891c5465631f,completed_in_time,50.6880000000001
b3-p2-fixed-1,infra-smoke-94acef3a-49f3-55b5-9259-d8342953f28d,completed_in_time,50.71900000000005
b3-p2-fixed-1,infra-smoke-c8d17061-d8e3-52f6-9cf0-b3371353c6cc,completed_in_time,50.48499999999967
b3-p2-fixed-1,infra-smoke-69343fc6-9482-50e3-a5b9-3394949b25d7,completed_in_time,50.70299999999952
b3-p2-fixed-1,infra-smoke-35d41178-dbb1-542b-92b9-68d31777a852,completed_in_time,50.61000000000058
b3-p2-fixed-1,infra-smoke-9e1c1118-3799-5db6-99ca-a422f7647035,completed_in_time,50.5
b3-p2-fixed-1,infra-smoke-a81e1bb0-a1db-5b34-abc8-ab9e9972ad22,completed_in_time,50.79700000000048
b3-p2-fixed-1,infra-smoke-b1f273ec-535b-5e6f-b2e8-d9070aa5bce0,completed_in_time,50.90599999999995
b3-p2-fixed-1,infra-smoke-c5aee0d2-7acd-5974-948d-692aa59c9af9,completed_in_time,50.39099999999962
b3-p2-fixed-1,infra-smoke-478f9b44-ce4d-5db0-ad96-0617dae2ecde,completed_in_time,50.82800000000043
b3-p2-fixed-1,infra-smoke-ee61a7b8-074c-5dd2-b181-e4da9264c0c9,completed_in_time,50.67199999999957
b3-p2-fixed-1,infra-smoke-0c71d466-0718-56a5-a171-d6e79b55d966,completed_in_time,50.375
b3-p2-fixed-1,infra-smoke-c1ae4954-312d-5997-a76a-a5ea13b9eb7d,completed_in_time,50.5619999999999
b3-p2-fixed-1,infra-smoke-9f9ee6d7-1df4-5728-93ab-27c65bff63ec,completed_in_time,50.42100000000028
b3-p2-fixed-1,infra-smoke-2222d65a-2cef-5e17-aa6a-3410164474dc,completed_in_time,50.90599999999995
b3-p2-fixed-1,infra-smoke-0e129f48-7dcf-564f-befc-1b98170651d8,completed_in_time,50.76499999999942
b3-p2-fixed-1,infra-smoke-1f7d475b-f849-52dc-90e0-73cd94c1770b,completed_in_time,50.8130000000001
b3-p2-fixed-1,infra-smoke-712a1f88-4c54-57e1-8b95-3b95b7b355f9,completed_in_time,51.0
b3-p2-fixed-1,infra-smoke-40f6fa42-49e1-5d6f-87ac-0ea155c87595,completed_in_time,50.90599999999995
b3-p2-fixed-1,infra-smoke-acfc189b-e9c0-5171-bc15-210a7bd8b1a1,completed_in_time,50.875
b3-p2-fixed-1,infra-smoke-b8aecba7-c758-518c-9fee-bec233c3d55f,completed_in_time,50.82799999999952
b3-p2-fixed-1,infra-smoke-750e05f5-767a-557d-9e25-7389e820d997,completed_in_time,50.65700000000015
b3-p2-fixed-1,infra-smoke-2c3faa5b-16c3-5e6d-87d6-671a3e8a35b4,completed_in_time,51.20300000000043
b3-p2-fixed-1,infra-smoke-8c3ced51-0d64-518f-8061-6dc71f1ac82b,completed_in_time,51.11000000000058
b3-p2-fixed-1,infra-smoke-55afb4d9-895c-5968-91db-b6b5ba00c495,completed_in_time,50.90700000000015
b3-p2-fixed-1,infra-smoke-2f341023-7c9c-5c58-9c3a-70e2dc341ae4,completed_in_time,50.82800000000043
b3-p2-fixed-1,infra-smoke-ec8c8918-7125-57a1-8d7f-3969b2ed6824,completed_in_time,51.34400000000005
b3-p2-fixed-1,infra-smoke-aa1c968a-360a-5a7a-955d-1a218c4805cf,completed_in_time,51.20399999999972
b3-p2-fixed-1,infra-smoke-6e633028-2287-585c-af95-56b61147e16c,completed_in_time,50.90599999999995
b3-p2-fixed-1,infra-smoke-52f444e3-2196-572d-93aa-0306ac25c1ec,completed_in_time,51.1869999999999
b3-p2-fixed-1,infra-smoke-49fc6593-cddd-5980-85df-4f709bb429be,completed_in_time,51.375
b3-p2-fixed-1,infra-smoke-016ff77f-e1d9-548e-8aa2-21783889f4ad,completed_in_time,51.375
b3-p2-fixed-1,infra-smoke-68afbb05-7ba4-5b97-a07b-531586160230,completed_in_time,51.85900000000038
b3-p2-fixed-1,infra-smoke-72a93ab2-59ee-57c3-9f63-b7bfd44fc666,completed_in_time,51.8130000000001
b3-p2-fixed-1,infra-smoke-84c52932-a1e4-5443-b36b-0b46584b4514,completed_in_time,51.53200000000015
b3-p2-fixed-1,infra-smoke-b4f5fd70-54bc-5fbf-902f-a6129f1d5a8c,completed_in_time,51.71900000000005
b3-p2-fixed-1,infra-smoke-41451297-8bc1-552b-bf21-280f6438c0ea,completed_in_time,51.6880000000001
b3-p2-fixed-1,infra-smoke-0a3a02d2-004b-598f-a818-5939416dc209,completed_in_time,51.67199999999957
b3-p2-fixed-1,infra-smoke-06d0b05d-c2fc-5839-af50-60a0e777a479,completed_in_time,51.60899999999947
b3-p2-fixed-1,infra-smoke-c59e2206-d6a5-5110-be2f-202617c75a50,completed_in_time,51.59299999999985
b3-p2-fixed-1,infra-smoke-6282f3b9-1d97-5564-b554-2849bb9afb65,completed_in_time,51.6869999999999
b3-p2-fixed-1,infra-smoke-abbce5e3-fcf1-59f4-9978-243b80b8bca4,completed_in_time,51.61000000000058
b3-p2-fixed-1,infra-smoke-789f2ad7-cf70-5d29-8ebe-67318f2f97e4,completed_in_time,51.61000000000058
b3-p2-fixed-1,infra-smoke-158c1e71-d958-5bc6-a37e-4078e385b29a,completed_in_time,51.48399999999947
b3-p2-fixed-1,infra-smoke-2afe6ca0-2e83-5265-a818-d14e86ae8035,completed_in_time,51.46900000000005
b3-p2-fixed-1,infra-smoke-c4611725-1464-5a48-abaf-217ebc7eee5e,completed_in_time,51.5
b3-p2-fixed-1,infra-smoke-da8955af-115c-5b55-96b9-1a1df0cd7124,completed_in_time,52.79699999999957
b3-p2-fixed-1,infra-smoke-8481fd8e-8049-5f80-b647-b3864d2c65aa,completed_in_time,52.71799999999985
b3-p2-fixed-1,infra-smoke-79b55776-961f-51d3-8f1c-662c04923a4f,completed_in_time,52.14000000000033
b3-p2-fixed-1,infra-smoke-e395073a-6dbd-5fe9-8439-1bf61e5dca5c,completed_in_time,52.0
b3-p2-fixed-1,infra-smoke-a4220f36-b079-5a64-9283-e3c822fa2ded,completed_in_time,51.78099999999995
b3-p2-fixed-1,infra-smoke-399b4c7b-0afb-5b64-9245-29200cc9c4f7,completed_in_time,51.9369999999999
b3-p2-fixed-1,infra-smoke-637814ff-0cda-517e-933e-3811fdddc65e,completed_in_time,51.875
b3-p2-fixed-1,infra-smoke-50305430-92dc-5244-8365-b74eafed7d74,completed_in_time,52.20300000000043
b3-p2-fixed-1,infra-smoke-b91f4f32-59be-5aba-bf88-747252ae3cf6,completed_in_time,51.625
b3-p2-fixed-1,infra-smoke-d3d5eb69-5199-5536-a156-58fd2026c855,completed_in_time,51.46799999999985
b3-p2-fixed-1,infra-smoke-2f6cc962-9959-5148-9ce3-8a25602956a6,completed_in_time,51.5
b3-p2-fixed-1,infra-smoke-eafa0dab-3d5e-5b9e-9f65-f9ef7ad275e9,completed_in_time,51.6869999999999
b3-p2-fixed-1,infra-smoke-c6e6f032-2f70-5467-828a-cffa5d25444a,completed_in_time,51.73400000000038
b3-p2-fixed-1,infra-smoke-21fccdbb-efbf-5d67-8b32-fa3699af6eb8,completed_in_time,51.92200000000048
b3-p2-fixed-1,infra-smoke-6684bd5a-4d6d-5c71-a46a-717a73a54283,completed_in_time,51.78099999999995
b3-p2-fixed-1,infra-smoke-93302e3d-b44b-5ce0-8fd2-88f7e722dfb9,completed_in_time,51.8130000000001
b3-p2-fixed-1,infra-smoke-2f771e4d-06d9-55f9-9fbf-5f2a9e0f3b49,completed_in_time,52.90599999999995
b3-p2-fixed-1,infra-smoke-29250bc8-80ba-5891-b441-65b368b9b022,completed_in_time,52.40599999999995
b3-p2-fixed-1,infra-smoke-4b56f6df-cdd6-50b9-9c16-baeb01600ab0,completed_in_time,52.0630000000001
b3-p2-fixed-1,infra-smoke-7c9a587b-af95-5a06-b9f0-3d3557cd60ba,completed_in_time,52.57899999999972
b3-p2-fixed-1,infra-smoke-7646d82e-dc99-5fca-b337-9ea0607f664a,completed_in_time,52.42199999999957
b3-p2-fixed-1,infra-smoke-e151f0eb-0d33-52f3-b643-aad719cbaa06,completed_in_time,52.3119999999999
b3-p2-fixed-1,infra-smoke-0e3c33ca-ade4-5f7c-95f0-fb18d6e2b726,completed_in_time,52.70299999999952
b3-p2-fixed-1,infra-smoke-86ec5520-5291-5019-aa30-dfeb8bd297cc,completed_in_time,52.09400000000005
b3-p2-fixed-1,infra-smoke-c3eb5c09-bc4c-513a-8c1e-51d9f0546cd6,completed_in_time,52.42200000000048
b3-p2-fixed-1,infra-smoke-4141cfc9-b503-50fa-966c-669efbb1fadd,completed_in_time,52.23400000000038
b3-p2-fixed-1,infra-smoke-a5676a69-342e-521b-ab00-fb3f0cb348bc,completed_in_time,52.38999999999942
b3-p2-fixed-1,infra-smoke-911b1013-a2a1-5392-b50f-2fc29de1ec74,completed_in_time,51.92199999999957
b3-p2-fixed-1,infra-smoke-8139dd57-4c4a-5d3f-b1e0-090645e3827e,completed_in_time,51.64000000000033
b3-p2-fixed-1,infra-smoke-10aca846-d496-5994-9afd-1a7e0d69849a,completed_in_time,52.1869999999999
b3-p2-fixed-1,infra-smoke-055870f7-91c9-54f3-bb3c-84b59c2d8db0,completed_in_time,52.1880000000001
b3-p2-fixed-1,infra-smoke-74d8a5a2-3701-5793-8696-93d6a6a38930,completed_in_time,52.0
b3-p2-fixed-1,infra-smoke-8297a446-63a0-5c9e-bc49-ba365169ad87,completed_in_time,52.79700000000048
b3-p2-fixed-1,infra-smoke-ca9ccade-3902-53e4-8917-2137115880d2,completed_in_time,52.51499999999942
b3-p2-fixed-1,infra-smoke-d29cb254-5509-5a15-b9bd-271c47ad624c,completed_in_time,52.70300000000043
b3-p2-fixed-1,infra-smoke-2976d652-4350-511a-b075-2f61d02a85fe,completed_in_time,52.8130000000001
b3-p2-fixed-1,infra-smoke-1d77aea6-4998-5d28-8cd1-b2b8250264fa,completed_in_time,52.76500000000033
b3-p2-fixed-1,infra-smoke-23e87118-cf5f-548a-a9ca-ab729f87b5cb,completed_in_time,53.0630000000001
b3-p2-fixed-1,infra-smoke-f6d74091-d6d8-5bfe-b69d-78538a663272,completed_in_time,53.20300000000043
b3-p2-fixed-1,infra-smoke-5971b4b0-c8c8-5284-9ef0-fd7adeae59bf,completed_in_time,52.875
b3-p2-fixed-1,infra-smoke-691964a6-d58b-5917-aa2f-8da6682b828f,completed_in_time,53.01499999999942
b3-p2-fixed-1,infra-smoke-e606d12f-1787-52e9-96e4-3b52ddd70e67,completed_in_time,52.60999999999967
b3-p2-fixed-1,infra-smoke-a41c8b19-a4e9-5611-904d-9586b14c38a0,completed_in_time,52.5
b3-p2-fixed-1,infra-smoke-f79d7c99-dd67-5171-93d0-9a34d52370b7,completed_in_time,52.71900000000005
b3-p2-fixed-1,infra-smoke-bbc3aba2-b972-5d03-b72a-00526a3b0d96,completed_in_time,52.78200000000015
b3-p2-fixed-1,infra-smoke-3f50788a-6b63-54e7-ba35-cb0ac8e22c3c,completed_in_time,53.01599999999962
b3-p2-fixed-1,infra-smoke-4c06bae8-3619-5941-b3a5-eec1d83cd255,completed_in_time,52.60999999999967
b3-p2-fixed-1,infra-smoke-604efb60-3ca3-58d6-b071-2d2efbf51fe0,completed_in_time,52.9380000000001
b3-p2-fixed-1,infra-smoke-72f18f01-5530-50cb-a109-e193c7cce5b5,completed_in_time,53.28200000000015
b3-p2-fixed-1,infra-smoke-cb8da6cb-ef86-5535-87e9-cadc3cdd920a,completed_in_time,53.20300000000043
b3-p2-fixed-1,infra-smoke-46c28151-3e2b-5080-b20b-c66fc1ccce38,completed_in_time,53.40599999999995
b3-p2-fixed-1,infra-smoke-cca88647-5c4e-571d-b38f-656e114afeea,completed_in_time,53.10999999999967
b3-p2-fixed-1,infra-smoke-2661695c-51ae-57cf-86a2-0e2a2b431815,completed_in_time,53.29699999999957
b3-p2-fixed-1,infra-smoke-10b2a998-1893-5087-abee-2225b70808d4,completed_in_time,53.20299999999952
b3-p2-fixed-1,infra-smoke-67c17960-90e6-5f97-b764-7015445dd8a2,completed_in_time,53.29699999999957
b3-p2-fixed-1,infra-smoke-7b47a322-ec41-511a-b0df-ec2f5cae138b,completed_in_time,53.01599999999962
b3-p2-fixed-1,infra-smoke-b0eae264-e3da-5a87-9cde-cc05813562b4,completed_in_time,53.40599999999995
b3-p2-fixed-1,infra-smoke-94095c4c-53c9-50c6-a7b8-47112016fa64,completed_in_time,53.57800000000043
b3-p2-fixed-1,infra-smoke-7b466c94-ee5e-55bc-8c61-4482d4f8b5bf,completed_in_time,53.88999999999942
b3-p2-fixed-1,infra-smoke-fd34b0ff-7237-5df1-97ab-f5e8f4719969,completed_in_time,53.32899999999972
b3-p2-fixed-1,infra-smoke-696a03f0-6ae9-510a-ab5a-00680f27db7f,completed_in_time,53.64099999999962
b3-p2-fixed-1,infra-smoke-e280ec90-7b4d-5813-885e-7c81787ca9a7,completed_in_time,53.09299999999985
b3-p2-fixed-1,infra-smoke-06915a63-a445-5664-9298-682db75e8e99,completed_in_time,53.40599999999995
b3-p2-fixed-1,infra-smoke-15a17b05-8758-53e7-97bf-7191849c8802,completed_in_time,53.20299999999952
b3-p2-fixed-1,infra-smoke-3e583805-d3be-5c04-9374-7983dafea301,completed_in_time,53.6869999999999
b3-p2-fixed-1,infra-smoke-456f2fa3-0d14-5344-a1e4-9d069109ba3e,completed_in_time,53.5
b3-p2-fixed-1,infra-smoke-5902026a-509b-5e85-a452-0d21526bd10f,completed_in_time,53.3119999999999
b3-p2-fixed-1,infra-smoke-171b1fc5-8728-5c27-821f-76e9ceb4cb07,completed_in_time,53.46900000000005
b3-p2-fixed-1,infra-smoke-a8607aad-d91a-5868-bb8a-017fe5133d33,completed_in_time,53.59299999999985
b3-p2-fixed-1,infra-smoke-795ad6b5-65ff-5f1d-a3d5-a5bff6c50c89,completed_in_time,53.57799999999952
b3-p2-fixed-1,infra-smoke-05037a9b-52d6-55ee-a058-d341c40c25a0,completed_in_time,53.20299999999952
b3-p2-fixed-1,infra-smoke-fea17028-07fa-58f2-ac92-01bf3b21d1f7,completed_in_time,53.5
b3-p2-fixed-1,infra-smoke-aab945b0-8a74-5c98-818a-5abb09a61e8c,completed_in_time,53.10899999999947
b3-p2-fixed-1,infra-smoke-ba344109-0985-50db-bcc6-e1465f75d0a3,completed_in_time,53.4369999999999
b3-p2-fixed-1,infra-smoke-c3c31417-a51f-5550-b94b-f96b4bb1021c,completed_in_time,53.59400000000005
b3-p2-fixed-1,infra-smoke-5876eb73-c504-55cd-bbdb-4cfa7339057a,completed_in_time,53.70299999999952
b3-p2-fixed-1,infra-smoke-74dcc0fa-d957-5af2-80d0-31352f4d8988,completed_in_time,53.8119999999999
b3-p2-fixed-1,infra-smoke-46d6d437-6749-5295-9869-0afc4568603c,completed_in_time,53.57799999999952
b3-p2-fixed-1,infra-smoke-fb3e13b0-fc4d-5eea-a19e-e52fb6fc0369,completed_in_time,53.5
b3-p2-fixed-1,infra-smoke-f0ccc707-2e38-5986-a097-ed3d3f4cb5b9,completed_in_time,53.59299999999985
b3-p2-fixed-1,infra-smoke-e242bd63-69dd-5b10-9128-0d8a0ec0b446,completed_in_time,53.98400000000038
b3-p2-fixed-1,infra-smoke-9cfa0ec0-a3b5-553e-8370-7b5b5dda921e,completed_in_time,53.48400000000038
b3-p2-fixed-1,infra-smoke-e2b58005-1dd2-5c53-ac2b-1416855612b5,completed_in_time,53.53099999999995
b3-p2-fixed-1,infra-smoke-ae394256-79de-58c6-918c-dfe581c97e5a,completed_in_time,53.59400000000005
b3-p2-fixed-1,infra-smoke-15f5e638-acd1-5aa3-a58e-7261aa0fcbaf,completed_in_time,53.61000000000058
b3-p2-fixed-1,infra-smoke-c2a0b0c5-aa5c-556c-b9e8-d8f9257e73e9,completed_in_time,53.125
b3-p2-fixed-1,infra-smoke-cf5e7b76-36dd-5352-af7e-a25c6e200c00,completed_in_time,53.48400000000038
b3-p2-fixed-1,infra-smoke-d9e3de54-b5b4-5040-838a-a9c9cd353744,completed_in_time,53.60900000000038
b3-p2-fixed-1,infra-smoke-3e548983-a161-5eb9-b9f0-4569af0b445b,completed_in_time,53.78099999999995
b3-p2-fixed-1,infra-smoke-9477228b-621b-5aec-9cbc-357032f8eed9,completed_in_time,53.92200000000048
b3-p2-fixed-1,infra-smoke-49a49068-a3da-5b49-a348-9b3c3c39dde3,completed_in_time,53.79600000000028
b3-p2-fixed-1,infra-smoke-3554723e-1509-5c9a-8546-079ee4278c3d,completed_in_time,53.92200000000048
b3-p2-fixed-1,infra-smoke-a8881d5a-1f4a-52a7-8eb7-a88d0b37470a,completed_in_time,54.17200000000048
b3-p2-fixed-1,infra-smoke-68314bea-ce64-59a5-9946-9ffe5217ab56,completed_in_time,54.03200000000015
b3-p2-fixed-1,infra-smoke-bea322f7-f352-5496-8aad-41f2093e6393,completed_in_time,53.8119999999999
b3-p2-fixed-1,infra-smoke-d7702d00-e439-5dff-84fc-a88e44d18a81,completed_in_time,54.09299999999985
b3-p2-fixed-1,infra-smoke-80199ec8-87b0-5f30-8922-48b750ee61ff,completed_in_time,53.78200000000015
b3-p2-fixed-1,infra-smoke-ae7ff771-b93d-5a1d-9cf0-81f1045ca7ae,completed_in_time,54.20399999999972
b3-p2-fixed-1,infra-smoke-f5d3e3e4-c7d7-5cc5-8572-e099d044dd29,completed_in_time,54.01599999999962
b3-p2-fixed-1,infra-smoke-3b8e4af3-406d-5cfa-97a4-48967a6fedf2,completed_in_time,54.23499999999967
b3-p2-fixed-1,infra-smoke-0eaed7fc-bde4-5201-8744-8f7ba6c8d00d,completed_in_time,54.20299999999952
b3-p2-fixed-1,infra-smoke-ac0b58c2-125f-5557-9c53-02a5be990d25,completed_in_time,53.79700000000048
b3-p2-fixed-1,infra-smoke-59ea51dd-c0d5-5f5b-8284-5641b252db97,completed_in_time,54.07800000000043
b3-p2-fixed-1,infra-smoke-717d459b-02d8-518c-bd7b-13791918a978,completed_in_time,54.71900000000005
b3-p2-fixed-1,infra-smoke-35a5e1aa-0c2c-5d7e-be56-68a5d162eaa7,completed_in_time,54.79699999999957
b3-p2-fixed-1,infra-smoke-42f90c84-9005-5be7-87d6-1192b67c2c34,completed_in_time,54.5
b3-p2-fixed-1,infra-smoke-8b9046df-6f9b-5f03-9103-00b9aff409d5,completed_in_time,55.20300000000043
b3-p2-fixed-1,infra-smoke-c8cd932e-7840-5034-a218-cea9d17c9e75,completed_in_time,54.48400000000038
b3-p2-fixed-1,infra-smoke-dd50aabf-6230-5f1b-a00c-6756addeae5b,completed_in_time,54.70399999999972
b3-p2-fixed-1,infra-smoke-cbc492d6-477c-5a93-b722-bcfc95b60977,completed_in_time,54.23499999999967
b3-p2-fixed-1,infra-smoke-46a2fef4-f3fb-56bd-9fc1-eab1449cb2b4,completed_in_time,54.10999999999967
b3-p2-fixed-1,infra-smoke-03c6ed85-62a8-574a-a177-bf0ee129482e,completed_in_time,54.5
b3-p2-fixed-1,infra-smoke-cf312f26-b485-503e-b846-8261eac7296b,completed_in_time,54.5
b3-p2-fixed-1,infra-smoke-85a9bd00-801e-5734-aca1-84a7c1ae2f5e,completed_in_time,54.78200000000015
b3-p2-fixed-1,infra-smoke-b606355e-28c9-5b5c-b5a9-042bad25ea72,completed_in_time,54.70399999999972
b3-p2-fixed-1,infra-smoke-8c7827fd-a71b-52f4-a0bc-c972bce72321,completed_in_time,54.42200000000048
b3-p2-fixed-1,infra-smoke-4d3cd616-5c49-5b22-a4af-09ae87823e6e,completed_in_time,55.09400000000005
b3-p2-fixed-1,infra-smoke-04fb6524-4e48-5164-acf7-7314274e4964,completed_in_time,54.70299999999952
b3-p2-fixed-1,infra-smoke-1a728bda-b108-52c5-b4b7-ab45c4f9fb12,completed_in_time,54.82800000000043
b3-p2-fixed-1,infra-smoke-35bddbee-8006-519c-8c9a-cfaf3e78adc2,completed_in_time,54.79699999999957
b3-p2-fixed-1,infra-smoke-ff57c8a0-908d-5313-8381-d6423311b841,completed_in_time,54.625
b3-p2-fixed-1,infra-smoke-fffa97f1-e960-54d4-bcab-e250bd019f2f,completed_in_time,54.67100000000028
b3-p2-fixed-1,infra-smoke-13643aed-a59f-5cd7-9a93-7137e2cad989,completed_in_time,54.61000000000058
b3-p2-fixed-1,infra-smoke-736dafc6-c885-5507-93e3-e68fd8112b17,completed_in_time,55.42199999999957
b3-p2-fixed-1,infra-smoke-987b65ac-767a-52bf-af97-c6003188c3de,completed_in_time,54.70299999999952
b3-p2-fixed-1,infra-smoke-834ba70c-c83d-588f-9549-04ca9c4febe4,completed_in_time,54.92100000000028
b3-p2-fixed-1,infra-smoke-02ec872f-338a-5840-ba6b-77fb531d8ec5,completed_in_time,54.875
b3-p2-fixed-1,infra-smoke-85240f4e-45dd-5435-96ad-6d0d21c243a8,completed_in_time,55.21900000000005
b3-p2-fixed-1,infra-smoke-51b75eb1-1ab5-532f-9845-d07085559e59,completed_in_time,54.90599999999995
b3-p2-fixed-1,infra-smoke-09221b81-8f0f-5bbe-bdad-05c59364a5e0,completed_in_time,54.89099999999962
b3-p2-fixed-1,infra-smoke-65f938a4-4e88-50c1-8cf6-823154ba7cd7,completed_in_time,54.6869999999999
b3-p2-fixed-1,infra-smoke-8022972e-1a73-55da-8b92-4a13360081f4,completed_in_time,55.01600000000053
b3-p2-fixed-1,infra-smoke-0117431a-3a31-555f-bf0b-ba20911bfe98,completed_in_time,54.98400000000038
b3-p2-fixed-1,infra-smoke-db6bfd40-ef79-5c9b-bde5-7003eb4a0eff,completed_in_time,55.21900000000005
b3-p2-fixed-1,infra-smoke-77181f6f-b008-546c-b69d-25bb99612872,completed_in_time,55.34400000000005
b3-p2-fixed-1,infra-smoke-6374f19e-4bcb-5631-a4e0-fc88e9c54104,completed_in_time,54.78099999999995
b3-p2-fixed-1,infra-smoke-363ce90b-f5c5-5eb3-ba21-6a5917203284,completed_in_time,55.1869999999999
b3-p2-fixed-1,infra-smoke-eb9efeea-de31-506d-aaf7-7b2c95897a33,completed_in_time,54.92199999999957
b3-p2-fixed-1,infra-smoke-693123f9-e19f-57ef-aeda-7a4c78d19624,completed_in_time,54.92199999999957
b3-p2-fixed-1,infra-smoke-4fe1a726-e49f-5783-9306-6a9ed1bef87b,completed_in_time,55.375
b3-p2-fixed-1,infra-smoke-c47359cd-b790-52f7-aa02-98ab0bb892d9,completed_in_time,55.125
b3-p2-fixed-1,infra-smoke-d095b82a-521b-588c-84a3-695dcaa9c01a,completed_in_time,55.09400000000005
b3-p2-fixed-1,infra-smoke-84f0f93a-77dd-5113-8bf4-373f3b3937e3,completed_in_time,55.625
b3-p2-fixed-1,infra-smoke-16c3734e-bd47-5bac-bdf1-560780fdd7be,completed_in_time,55.21799999999985
b3-p2-fixed-1,infra-smoke-c08f7535-e55c-578b-88bc-c469cda453ff,completed_in_time,55.40599999999995
b3-p2-fixed-1,infra-smoke-d155b003-3153-5e5f-bb62-6c56d65232a8,completed_in_time,55.09400000000005
b3-p2-fixed-1,infra-smoke-8d208970-eb70-5d15-ad56-f2f609afd984,completed_in_time,55.29699999999957
b3-p2-fixed-1,infra-smoke-a72306f3-6be9-5255-b52d-fb7b08d83dd3,completed_in_time,55.21799999999985
b3-p2-fixed-1,infra-smoke-edf4d8c8-5346-5920-8a42-1392d96f8a30,completed_in_time,54.92199999999957
b3-p2-fixed-1,infra-smoke-59d43735-d410-5d07-9862-f125aec9bcd2,completed_in_time,55.125
b3-p2-fixed-1,infra-smoke-7649a1bb-167c-573b-a501-e220162166d5,completed_in_time,55.39100000000053
b3-p2-fixed-1,infra-smoke-af28c81a-2965-550b-8346-5e98265be2c1,completed_in_time,55.40700000000015
b3-p2-fixed-1,infra-smoke-56d42309-aa22-5699-bfa1-26c468c769de,completed_in_time,55.10899999999947
b3-p2-fixed-1,infra-smoke-2722838e-aa7d-54ff-b8be-0f4da7a093ac,completed_in_time,55.39099999999962
b3-p2-fixed-1,infra-smoke-85b3cac3-1b84-5a0c-b0ce-24d0def023b3,completed_in_time,55.3119999999999
b3-p2-fixed-1,infra-smoke-86e63152-8a72-534c-bb61-aba93e8e8967,completed_in_time,55.39099999999962
b3-p2-fixed-1,infra-smoke-80ef024b-8f70-59f5-84c3-38f9376c74b9,completed_in_time,55.35999999999967
b3-p2-fixed-1,infra-smoke-dcc430ea-ed6c-59cc-8a65-a7dd13d268eb,completed_in_time,55.70300000000043
b3-p2-fixed-1,infra-smoke-9d811f8a-f5da-5c5e-b570-ade9c3edaafb,completed_in_time,55.51600000000053
b3-p2-fixed-1,infra-smoke-aa87dd79-711c-59c9-999e-d91f58354d12,completed_in_time,55.70300000000043
b3-p2-fixed-1,infra-smoke-5b0f289e-41ce-5789-be97-72789cefe8eb,completed_in_time,55.32799999999952
b3-p2-fixed-1,infra-smoke-b0a93465-cf95-5c9e-bc44-e3b0203ad8ae,completed_in_time,55.89000000000033
b3-p2-fixed-1,infra-smoke-67dc4eb9-d74d-5a3e-a056-5b77dce3cc5d,completed_in_time,55.5
b3-p2-fixed-1,infra-smoke-17252446-e8a4-5fea-9aa1-75ee22418c0a,completed_in_time,55.92200000000048
b3-p2-fixed-1,infra-smoke-fd92ee8e-3992-5e47-b4bc-5d0480814c66,completed_in_time,55.79699999999957
b3-p2-fixed-1,infra-smoke-f3d904d6-92db-5235-b801-9b2001d754dd,completed_in_time,55.875
b3-p2-fixed-1,infra-smoke-4dd99854-50bc-5045-97e8-5031372851f9,completed_in_time,55.8119999999999
b3-p2-fixed-1,infra-smoke-67457d27-a05a-5d57-a8b6-d6c69daea1d2,completed_in_time,55.96900000000005
b3-p2-fixed-1,infra-smoke-bcd4b194-f714-5fdb-bb41-d9ffd8410a63,completed_in_time,55.625
b3-p2-fixed-1,infra-smoke-a9b108a9-1672-5e8e-8a15-605ae6053578,completed_in_time,55.5
b3-p2-fixed-1,infra-smoke-f2a4b232-b0a2-5848-8482-263e3883eb78,completed_in_time,55.78099999999995
b3-p2-fixed-1,infra-smoke-4dd2f6e1-8e13-5249-b297-88f194d491b8,completed_in_time,55.8119999999999
b3-p2-fixed-1,infra-smoke-f3069232-633e-5849-b003-5e0f2b4caeba,completed_in_time,56.09400000000005
b3-p2-fixed-1,infra-smoke-f5065e04-d54b-5a09-b0d0-89e6d3675f33,completed_in_time,56.51499999999942
b3-p2-fixed-1,infra-smoke-7e797adf-c641-56a5-914c-712b014f205f,completed_in_time,55.96799999999985
b3-p2-fixed-1,infra-smoke-73d0d5e6-48d7-5fdd-88dd-6224b369e736,completed_in_time,56.26500000000033
b3-p2-fixed-1,infra-smoke-3cfe2fed-4744-58ed-8acf-6642ef3bcdf5,completed_in_time,56.07800000000043
b3-p2-fixed-1,infra-smoke-d72021b7-e5ec-51de-b857-b4b53c58b513,completed_in_time,56.21900000000005
b3-p2-fixed-1,infra-smoke-19e84188-acc9-5619-aa02-3f92396ee3cc,completed_in_time,56.3130000000001
b3-p2-fixed-1,infra-smoke-c72b4cc3-5b84-5c3d-a971-dd364420ecb7,completed_in_time,56.28099999999995
b3-p2-fixed-1,infra-smoke-2595e029-77e5-5204-8cdf-bf2a04bfd98e,completed_in_time,56.17199999999957
b3-p2-fixed-1,infra-smoke-2accc5d1-b61a-5040-879a-7e734cb370c3,completed_in_time,56.3119999999999
b3-p2-fixed-1,infra-smoke-e283366d-496f-58ae-ac88-9e4b5d90daea,completed_in_time,56.1880000000001
b3-p2-fixed-1,infra-smoke-67956bc5-ce7b-5bf8-a0d8-6ea0aa810de0,completed_in_time,56.29699999999957
b3-p2-fixed-1,infra-smoke-9cda9bf9-5bba-5187-a9fe-556aec13d23d,completed_in_time,55.71900000000005
b3-p2-fixed-1,infra-smoke-bb88e73f-26cb-57ad-bafd-d7c5f6f96688,completed_in_time,56.0630000000001
b3-p2-fixed-1,infra-smoke-3b1d6074-41f1-59c6-9d55-522d4020f66f,completed_in_time,56.17200000000048
b3-p2-fixed-1,infra-smoke-fb2fd171-fa6e-57f1-9ee7-ccf66c263764,completed_in_time,56.15700000000015
b3-p2-fixed-1,infra-smoke-2ba12e92-3abf-5ecf-bdba-9f58a16fbddc,completed_in_time,56.46900000000005
b3-p2-fixed-1,infra-smoke-2522889a-9263-5233-be2a-ecf2cd42ae43,completed_in_time,56.6869999999999
b3-p2-fixed-1,infra-smoke-8a96f5cc-0104-537e-bcbd-27ea781ad1dd,completed_in_time,56.5630000000001
b3-p2-fixed-1,infra-smoke-23baab33-4fe1-5395-ac89-1e6c6af0b4c8,completed_in_time,56.625
b3-p2-fixed-1,infra-smoke-c7f424a2-c7e6-5865-99fb-f8c09c7a0212,completed_in_time,56.59299999999985
b3-p2-fixed-1,infra-smoke-c9717e1a-a18e-56a2-93ad-6cf3463d5b5e,completed_in_time,56.40700000000015
b3-p2-fixed-1,infra-smoke-fef2584b-c745-59ac-a002-7da02281dab4,completed_in_time,56.40700000000015
b3-p2-fixed-1,infra-smoke-8fc57b7f-5c5b-5555-a3da-90e9e461947a,completed_in_time,56.32800000000043
b3-p2-fixed-1,infra-smoke-1deed1ee-8c5e-5669-89cf-f115f3577809,completed_in_time,56.5
b3-p2-fixed-1,infra-smoke-3e430292-3182-5693-9afc-33f12b63b0d1,completed_in_time,56.5
b3-p2-fixed-1,infra-smoke-304a1737-9d61-5922-819e-8153664f5df0,completed_in_time,56.1880000000001
b3-p2-fixed-1,infra-smoke-7121adfd-e851-54c3-b22c-b938ecdb854f,completed_in_time,56.59400000000005
b3-p2-fixed-1,infra-smoke-323603fc-e8ba-50e5-8271-c217a8b321b7,completed_in_time,56.39100000000053
b3-p2-fixed-1,infra-smoke-d9aebe28-da73-5ab3-8610-98f18e69bbff,completed_in_time,56.42199999999957
b3-p2-fixed-1,infra-smoke-2f36db23-82d0-5d31-8fc2-503852056a3b,completed_in_time,56.70300000000043
b3-p2-fixed-1,infra-smoke-b6eaf034-be64-50d2-afab-7bb1cbed206e,completed_in_time,56.96900000000005
b3-p2-fixed-1,infra-smoke-9c96509c-b3c9-538f-b561-47b41d29bdc9,completed_in_time,56.8119999999999
b3-p2-fixed-1,infra-smoke-f3f62d55-7647-5cca-89b7-efe06ce4a57a,completed_in_time,56.51600000000053
b3-p2-fixed-1,infra-smoke-886ec33d-5489-51c2-b74a-72c9c36b484f,completed_in_time,56.9380000000001
b3-p2-fixed-1,infra-smoke-eb4eae95-4d0f-5671-9beb-8b15e60277f2,completed_in_time,57.0
b3-p2-fixed-1,infra-smoke-0be49a48-7552-52e1-93be-f7c32fd4064c,completed_in_time,57.1869999999999
b3-p2-fixed-1,infra-smoke-c34dca56-27ee-5fdb-a62e-add57b75dc4a,completed_in_time,56.32899999999972
b3-p2-fixed-1,infra-smoke-e33ad232-ac9b-5c06-b0f2-8a6b0ac20591,completed_in_time,56.6880000000001
b3-p2-fixed-1,infra-smoke-42b5c018-6c6e-5bae-b2a3-56b76bfdf13e,completed_in_time,57.29699999999957
b3-p2-fixed-1,infra-smoke-c5deaccb-4e22-5a96-9b84-8e8f12e6c687,completed_in_time,56.875
b3-p2-fixed-1,infra-smoke-e3eb5781-7b4d-5bc9-a3c6-1acad3ff230a,completed_in_time,57.17199999999957
b3-p2-fixed-1,infra-smoke-3aab1de6-1103-5d68-8c65-3c6260e157a1,completed_in_time,56.79699999999957
b3-p2-fixed-1,infra-smoke-f45e8f90-032c-5f3f-b0c3-8e4d917f84a2,completed_in_time,56.6869999999999
b3-p2-fixed-1,infra-smoke-c149e0c8-056e-5c45-baa1-044fe7daba6f,completed_in_time,56.9380000000001
b3-p2-fixed-1,infra-smoke-1fefa62b-109b-5127-b635-002afc7290fc,completed_in_time,57.01599999999962
b3-p2-fixed-1,infra-smoke-8698e34e-bb8d-5dbc-839f-15fbb2c0c8ae,completed_in_time,57.01599999999962
b3-p2-fixed-1,infra-smoke-408f8366-35ca-5eed-a869-a5f0f194ac45,completed_in_time,57.40599999999995
b3-p2-fixed-1,infra-smoke-6c8b2cf4-ae59-506b-9f0b-6d3479268c03,completed_in_time,57.3130000000001
b3-p2-fixed-1,infra-smoke-e25ad7e3-2e99-5881-ad4d-0629f1b224ce,completed_in_time,57.09299999999985
b3-p2-fixed-1,infra-smoke-d44852a5-909d-568e-8d17-79acdaddd665,completed_in_time,57.71900000000005
b3-p2-fixed-1,infra-smoke-2731fbdc-a283-524e-b1c6-ce2c677f5104,completed_in_time,57.53099999999995
b3-p2-fixed-1,infra-smoke-e1979a85-5ae7-576e-8576-8cf0b80359f6,completed_in_time,57.28099999999995
b3-p2-fixed-1,infra-smoke-4ee49b48-033a-56f9-9648-d9c20c89c3be,completed_in_time,57.71900000000005
b3-p2-fixed-1,infra-smoke-58ce72f1-97e3-5b42-9e3d-6dc0c86736ee,completed_in_time,57.48499999999967
b3-p2-fixed-1,infra-smoke-f213b073-d195-522a-b36b-d84bc467b4ff,completed_in_time,57.5
b3-p2-fixed-1,infra-smoke-0b4f9c58-a17a-51a4-8824-d513ded4bcc3,completed_in_time,57.20299999999952
b3-p2-fixed-1,infra-smoke-b9a66274-0cce-5828-89a9-97826a944cf4,completed_in_time,57.64099999999962
b3-p2-fixed-1,infra-smoke-7e1bc64e-741a-526d-b77c-2fa6122b0547,completed_in_time,57.32799999999952
b3-p2-fixed-1,infra-smoke-e9d0b7fd-1b34-56a8-9ae7-f660da5be13c,completed_in_time,57.51599999999962
b3-p2-fixed-1,infra-smoke-1715a009-5b68-5fb2-bde9-496adcd472bb,completed_in_time,57.28200000000015
b3-p2-fixed-1,infra-smoke-c8b776eb-2c9b-5d8c-8f6b-a0b6269e5d41,completed_in_time,57.3130000000001
b3-p2-fixed-1,infra-smoke-6288de4b-6b4c-59dc-a3af-c7778789f400,completed_in_time,57.40700000000015
b3-p2-fixed-1,infra-smoke-8ea6b481-eb42-5386-b1d7-8a5d109d5eb4,completed_in_time,57.67199999999957
b3-p2-fixed-1,infra-smoke-fa1c799e-2939-56bb-b196-0f3efd8bc81a,completed_in_time,57.89099999999962
b3-p2-fixed-1,infra-smoke-8f27a624-ce78-5d57-9632-2cd3c318ab1b,completed_in_time,56.70300000000043
b3-p2-fixed-1,infra-smoke-b6a29a86-6f77-58f0-949e-c51ebe5f5967,completed_in_time,57.78200000000015
b3-p2-fixed-1,infra-smoke-af667fef-3c28-57f4-97b9-403c4ea18170,completed_in_time,57.51599999999962
b3-p2-fixed-1,infra-smoke-0e668e1d-4b23-50b4-83c5-df7eaf342fdb,completed_in_time,57.01600000000053
b3-p2-fixed-1,infra-smoke-c67222e4-ced8-585b-8cef-a71841297031,completed_in_time,57.29699999999957
b3-p2-fixed-1,infra-smoke-879c4fd1-5be4-569b-b92c-d3f4e403cc15,completed_in_time,57.85900000000038
b3-p2-fixed-1,infra-smoke-9518f82e-0f9a-5ef7-90d5-82d3a6afdb14,completed_in_time,57.375
b3-p2-fixed-1,infra-smoke-ba01caae-289a-5553-b939-b2e704c1e948,completed_in_time,57.45299999999952
b3-p2-fixed-1,infra-smoke-05205937-2980-56c0-8930-fe57ffdd0ce8,completed_in_time,57.34400000000005
b3-p2-fixed-1,infra-smoke-82257a20-5992-54c0-a788-8afb243e7eea,completed_in_time,57.21799999999985
b3-p2-fixed-1,infra-smoke-654efa95-6f7c-5907-bd07-8d4a1f3326c1,completed_in_time,57.35900000000038
b3-p2-fixed-1,infra-smoke-5d9572fd-a26f-5bed-be14-c5effefb41d0,completed_in_time,57.23399999999947
b3-p2-fixed-1,infra-smoke-dd8f68df-6d5b-57da-873a-f8e9467f9250,completed_in_time,57.60900000000038
b3-p2-fixed-1,infra-smoke-3d1fa0b8-71f0-5392-911b-b6cd296c157e,completed_in_time,57.48499999999967
b3-p2-fixed-1,infra-smoke-559921ed-d236-54ee-be72-152084677eef,completed_in_time,57.45300000000043
b3-p2-fixed-1,infra-smoke-9963a93e-385b-5cf5-a7a6-7231d6dc1d39,completed_in_time,57.70300000000043
b3-p2-fixed-1,infra-smoke-4f885312-165f-5530-b73c-af41de4e39bd,completed_in_time,57.8130000000001
b3-p2-fixed-1,infra-smoke-e94b778f-4be4-5a8f-ac56-c4fecf6da872,completed_in_time,57.8130000000001
b3-p2-fixed-1,infra-smoke-2bcf375a-2793-5f8e-ad25-4abff0f71588,completed_in_time,58.07899999999972
b3-p2-fixed-1,infra-smoke-9d965d93-2f50-51be-84b8-8e8d29d36142,completed_in_time,58.01599999999962
b3-p2-fixed-1,infra-smoke-ff160ec3-d3d8-5118-bf74-df6ba530c9d0,completed_in_time,57.79700000000048
b3-p2-fixed-1,infra-smoke-154c7ef3-c11b-580d-8a3d-40fbafe46ae3,completed_in_time,58.10999999999967
b3-p2-fixed-1,infra-smoke-94f3c6bb-8f06-5072-97c2-757de9d65043,completed_in_time,58.20299999999952
b3-p2-fixed-1,infra-smoke-87c35385-28fe-5a48-aafa-4827d2f1fdb8,completed_in_time,58.09400000000005
b3-p2-fixed-1,infra-smoke-00f67b43-e26a-56de-a13c-a28eff0dc50c,completed_in_time,57.90599999999995
b3-p2-fixed-1,infra-smoke-6c20f803-7820-5a8c-8c4c-5441e7aeac37,completed_in_time,57.61000000000058
b3-p2-fixed-1,infra-smoke-aa60969d-ddb5-55f8-8e09-2a44e88631c9,completed_in_time,58.0
b3-p2-fixed-1,infra-smoke-9dbf7693-395a-508f-a377-2ff70331ef9a,completed_in_time,57.53099999999995
b3-p2-fixed-1,infra-smoke-74628ae8-856c-5fa2-8acb-e1c5cdc67829,completed_in_time,57.3119999999999
b3-p2-fixed-1,infra-smoke-3f9b5708-2f6f-5c7c-aad6-2f8267c3e4d8,completed_in_time,56.70300000000043
b3-p2-fixed-1,infra-smoke-e4942b14-a401-5bc6-b0a3-3b1d4133917d,completed_in_time,56.4369999999999
b3-p2-fixed-1,infra-smoke-6144c88f-bd3d-51c1-8327-58e0b5302419,completed_in_time,56.03099999999995
b3-p2-fixed-1,infra-smoke-8ed402b1-af5d-5607-aec1-4d3adc0ed67e,completed_in_time,56.5
b3-p2-fixed-1,infra-smoke-96c6e321-d8d2-5a35-ae33-42cdf6b4dd5d,completed_in_time,55.39100000000053
b3-p2-fixed-1,infra-smoke-150b99e9-456c-51c2-a19e-ffc4b6b50734,completed_in_time,55.125
b3-p2-fixed-1,infra-smoke-ff3baa7c-5dc4-521b-8526-312adf9264c0,completed_in_time,55.29700000000048
b3-p2-fixed-1,infra-smoke-54b32485-76ac-5e7a-8d5f-0e442a346e0e,completed_in_time,54.5
b3-p2-fixed-1,infra-smoke-b52c96ec-17bb-5f75-a55c-1aabae2bf455,completed_in_time,54.29700000000048
b3-p2-fixed-1,infra-smoke-cb1363b9-84c9-5a20-b65c-f04764366e4e,completed_in_time,53.78099999999995
b3-p2-fixed-1,infra-smoke-95f3b8e6-65cc-550f-97e2-098658e136af,completed_in_time,52.76599999999962
b3-p2-fixed-1,infra-smoke-ac0e035c-9f89-5819-bbdf-1b716c1d8d05,completed_in_time,52.51500000000033
b3-p2-fixed-1,infra-smoke-d8b8672e-095e-58d7-9a70-98619150f3d1,completed_in_time,52.10899999999947
b3-p2-fixed-1,infra-smoke-76a97279-7476-5b48-ae5e-b315238fb783,completed_in_time,51.92100000000028
b3-p2-fixed-1,infra-smoke-82fdc540-7a3c-5931-a0ef-c7db71dd9d86,completed_in_time,51.20300000000043
b3-p2-fixed-1,infra-smoke-4e1d640d-9a77-52ae-b25c-38cf4e7e12b8,completed_in_time,50.79699999999957
b3-p2-fixed-1,infra-smoke-479c426d-3990-564c-8f09-77fcf6703ea7,completed_in_time,50.3119999999999
b3-p2-fixed-1,infra-smoke-69f014b5-6269-5b3b-9d81-a907432612f3,completed_in_time,49.90599999999995
b3-p2-fixed-1,infra-smoke-d586098a-b583-54fe-968d-95bb9f2c4409,completed_in_time,49.5
b3-p2-fixed-1,infra-smoke-749fe7cb-e2e1-5136-8304-e6f46cc1fdbf,completed_in_time,49.3119999999999
b3-p2-fixed-1,infra-smoke-d2f850bc-be10-52bb-aef1-99190907f53c,completed_in_time,48.59299999999985
b3-p2-fixed-1,infra-smoke-a0c1a1a6-a8b9-5a65-b67f-dd3c7339e9e9,completed_in_time,48.40700000000015
b3-p2-fixed-1,infra-smoke-406e7790-d262-5e07-9764-ca774f720c48,completed_in_time,47.90700000000015
b3-p2-fixed-1,infra-smoke-3542d90c-01a2-5486-8a71-44efe673826b,completed_in_time,47.34400000000005
b3-p2-fixed-1,infra-smoke-8556e176-a533-56f0-83a1-842ec9a60fcf,completed_in_time,46.9380000000001
b3-p2-fixed-1,infra-smoke-8379c9ab-9ce3-5413-97b1-71e694d0114e,completed_in_time,46.45399999999972
b3-p2-fixed-1,infra-smoke-79f52c28-80c7-58e0-a1f0-e0f48c3b46e4,completed_in_time,45.8130000000001
b3-p3-adaptive,infra-smoke-f3bd558e-556c-5962-abea-bd7d0c9d6d07,completed_in_time,3.6090000000003783
b3-p3-adaptive,infra-smoke-0161fad5-e58e-5bb5-8376-e8f6576444f5,completed_in_time,3.125
b3-p3-adaptive,infra-smoke-e5e06ea7-c692-5f1a-a46b-58bd7270ef10,completed_in_time,2.625
b3-p3-adaptive,infra-smoke-b4764a0c-1f6b-5817-baaa-96006113a6dc,completed_in_time,2.094000000000051
b3-p3-adaptive,infra-smoke-eb9ef1a8-01d7-515a-aa05-a4decc640115,completed_in_time,7.155999999999949
b3-p3-adaptive,infra-smoke-307f3593-c206-5c80-99cb-a2fd697b9ba3,completed_in_time,6.546999999999571
b3-p3-adaptive,infra-smoke-e37bbf3c-0177-54f7-ae1e-0a7575b8c5e8,completed_in_time,6.0
b3-p3-adaptive,infra-smoke-0aae68b6-438f-5836-9e0c-e76f9f0b68a4,completed_in_time,5.592999999999847
b3-p3-adaptive,infra-smoke-7d185dfd-0150-5d00-ba9f-af6eb7ae0053,completed_in_time,5.030999999999949
b3-p3-adaptive,infra-smoke-ff0a6380-e9ac-580d-959b-cc592b9b7dab,completed_in_time,4.407000000000153
b3-p3-adaptive,infra-smoke-ba3dc3f7-8c16-59f7-8764-4c737ce29bc3,completed_in_time,4.109999999999673
b3-p3-adaptive,infra-smoke-fa8d4f0e-bc6b-58b0-8262-b7c57b7569e9,completed_in_time,3.530999999999949
b3-p3-adaptive,infra-smoke-0fab97d9-2831-531f-b12a-2e25e4e73149,completed_in_time,3.1409999999996217
b3-p3-adaptive,infra-smoke-f7e17afd-1647-5084-8a7b-e023141311e1,completed_in_time,2.6090000000003783
b3-p3-adaptive,infra-smoke-439126e2-cf93-5989-911e-58dce8b9fb3b,completed_in_time,2.125
b3-p3-adaptive,infra-smoke-f70f3ae7-1fd2-50bd-be04-7ad386c283e1,completed_in_time,6.405999999999949
b3-p3-adaptive,infra-smoke-b9ecce2b-d53a-5078-8f5e-17db1611ad55,completed_in_time,6.2039999999997235
b3-p3-adaptive,infra-smoke-a8f2d465-7b37-5b81-8768-26d641e594a6,completed_in_time,5.515000000000327
b3-p3-adaptive,infra-smoke-9652e608-75f3-5f71-a89b-47ecdd5a3aac,completed_in_time,5.015999999999622
b3-p3-adaptive,infra-smoke-923883dc-32ba-5aa9-9bcc-7bb3fc0ee88b,completed_in_time,4.734000000000378
b3-p3-adaptive,infra-smoke-566a7885-606b-573a-85c6-9ccf07c8a5c8,completed_in_time,4.2039999999997235
b3-p3-adaptive,infra-smoke-cfb90584-9653-5548-92f2-1a172f0d9380,completed_in_time,8.79699999999957
b3-p3-adaptive,infra-smoke-6643f6d9-3306-5324-8b3b-3c34562b0243,completed_in_time,3.2349999999996726
b3-p3-adaptive,infra-smoke-dfe2c2f0-18ea-5501-8bca-2890561dde37,completed_in_time,2.719000000000051
b3-p3-adaptive,infra-smoke-48bf695a-e802-5b49-a296-a0de4dd852d9,completed_in_time,2.25
b3-p3-adaptive,infra-smoke-5236edd8-6112-55ed-9cd8-cbe3019e0994,completed_in_time,1.719000000000051
b3-p3-adaptive,infra-smoke-fd725f26-d1a1-5f45-bf9c-3827e596576b,completed_in_time,6.5
b3-p3-adaptive,infra-smoke-f8080b95-66fc-5160-a50b-401b638fbabb,completed_in_time,6.203000000000429
b3-p3-adaptive,infra-smoke-cb6c4936-e663-51b9-a45c-1f85f6a23ead,completed_in_time,5.592999999999847
b3-p3-adaptive,infra-smoke-f960a57e-9cfb-52ce-bae2-e2738e899f04,completed_in_time,6.030999999999949
b3-p3-adaptive,infra-smoke-7dc0df23-4ad7-557c-9c06-fbc611a3c099,completed_in_time,5.75
b3-p3-adaptive,infra-smoke-5f17ac9b-f97d-5bdb-901f-e7d39e9dbe79,completed_in_time,4.57799999999952
b3-p3-adaptive,infra-smoke-189d4557-3d55-5def-aa16-da914e0108c4,completed_in_time,4.703000000000429
b3-p3-adaptive,infra-smoke-974b37d8-5b99-5102-8207-c0a03dfc4fbc,completed_in_time,5.030999999999949
b3-p3-adaptive,infra-smoke-521eda9f-c15b-50a3-bfeb-429e7e6e236a,completed_in_time,4.780999999999949
b3-p3-adaptive,infra-smoke-78cae365-7f0f-5e3f-99a4-8f71b92afd26,completed_in_time,5.516000000000531
b3-p3-adaptive,infra-smoke-0cb0c162-a062-50b9-9436-555883b7f845,completed_in_time,4.969000000000051
b3-p3-adaptive,infra-smoke-1730b4fb-32f5-57ca-a984-a1039a04f808,completed_in_time,5.313000000000102
b3-p3-adaptive,infra-smoke-b4280738-15c7-52cb-8813-242d0dd8c24b,completed_in_time,4.828000000000429
b3-p3-adaptive,infra-smoke-8bedb7ea-b93a-5a9d-98c6-89dbc793f454,completed_in_time,4.95299999999952
b3-p3-adaptive,infra-smoke-2e3cdebd-3443-5c85-81e3-265fdef30f56,completed_in_time,4.984999999999673
b3-p3-adaptive,infra-smoke-5992b708-2fd8-5f3c-9c10-7b2da908cb12,completed_in_time,5.735000000000582
b3-p3-adaptive,infra-smoke-99c6e9e9-98d5-5e79-bc80-453376c7b40d,completed_in_time,6.046999999999571
b3-p3-adaptive,infra-smoke-52e17a34-984b-56ae-80ac-2126353a86e7,completed_in_time,6.015999999999622
b3-p3-adaptive,infra-smoke-00ee9450-5046-55ee-8eab-905888fa7f4f,completed_in_time,5.765999999999622
b3-p3-adaptive,infra-smoke-c19c6377-6b85-5cd3-a39c-a5853452039a,completed_in_time,6.5
b3-p3-adaptive,infra-smoke-2ead0035-ea8d-5af7-a0dc-c2395c762439,completed_in_time,6.328000000000429
b3-p3-adaptive,infra-smoke-5298502e-3b91-58cf-a947-2bf4f15cc713,completed_in_time,5.95299999999952
b3-p3-adaptive,infra-smoke-528ea394-35dd-5f6c-8a9c-27c355f32259,completed_in_time,6.234000000000378
b3-p3-adaptive,infra-smoke-4b51a060-6419-5696-8bee-4c78569ba63a,completed_in_time,5.733999999999469
b3-p3-adaptive,infra-smoke-97f7352e-6645-5035-a453-689ed585ade0,completed_in_time,6.265999999999622
b3-p3-adaptive,infra-smoke-ea354820-7375-5288-95e7-b58ec124d81c,completed_in_time,6.092999999999847
b3-p3-adaptive,infra-smoke-a0096c15-488d-539a-b24b-6b5262ec0bcc,completed_in_time,6.671999999999571
b3-p3-adaptive,infra-smoke-9d6394f8-b4b9-5d9b-a654-43666399d7cf,completed_in_time,6.95299999999952
b3-p3-adaptive,infra-smoke-acac3a28-4abc-5044-9f90-0305f33f743e,completed_in_time,7.032000000000153
b3-p3-adaptive,infra-smoke-855211af-3353-5122-8084-f1d811c1b309,completed_in_time,7.17200000000048
b3-p3-adaptive,infra-smoke-836c5b4f-e821-52f6-a8b1-d20d77536b32,completed_in_time,6.2039999999997235
b3-p3-adaptive,infra-smoke-68bb0463-e9ee-573f-8767-8e657a832b6c,completed_in_time,7.311999999999898
b3-p3-adaptive,infra-smoke-cc211939-61f7-50c2-98c6-9bc0faecaae4,completed_in_time,7.171999999999571
b3-p3-adaptive,infra-smoke-12850d01-bf7f-58b6-b579-834a13107b3d,completed_in_time,7.921999999999571
b3-p3-adaptive,infra-smoke-96093d32-ba39-54ad-bc8a-f6c3d7e84a95,completed_in_time,8.25
b3-p3-adaptive,infra-smoke-240757bd-51a5-56c5-bff0-d9179a7e5d17,completed_in_time,7.57799999999952
b3-p3-adaptive,infra-smoke-cfe4ec45-aea3-5eff-97d8-3cbd303b9001,completed_in_time,7.625
b3-p3-adaptive,infra-smoke-f1962619-fe4a-57aa-90e3-175acbc79462,completed_in_time,8.25
b3-p3-adaptive,infra-smoke-ebc8b284-8a9a-55bc-8a7f-41a7f278e6f4,completed_in_time,7.171999999999571
b3-p3-adaptive,infra-smoke-ed0a5e1e-ff4e-5e23-9289-d1ee0a67a20a,completed_in_time,8.530999999999949
b3-p3-adaptive,infra-smoke-8567cf0b-43e7-5dd8-9ae4-d9b167e0dac5,completed_in_time,7.265999999999622
b3-p3-adaptive,infra-smoke-81bedee4-3e4b-50e0-b952-d169805bb7f4,completed_in_time,7.594000000000051
b3-p3-adaptive,infra-smoke-36b4386e-2493-58a0-b989-5695e55a6fb5,completed_in_time,8.530999999999949
b3-p3-adaptive,infra-smoke-f6414817-e32b-5590-9c0d-474b6b5a2c77,completed_in_time,8.5
b3-p3-adaptive,infra-smoke-09d3145f-5c06-542a-a446-3aab39284876,completed_in_time,8.234999999999673
b3-p3-adaptive,infra-smoke-a5bd3e6b-4386-5da3-abc1-01ae083bbf5e,completed_in_time,8.57799999999952
b3-p3-adaptive,infra-smoke-62e046c7-a598-5a44-8416-fadd55d051f5,completed_in_time,8.375
b3-p3-adaptive,infra-smoke-c2a7779f-447e-5ab8-9be3-4e959ecce086,completed_in_time,8.811999999999898
b3-p3-adaptive,infra-smoke-36b21e1c-cb4d-56ac-99a1-dc8989fcbf47,completed_in_time,8.469000000000051
b3-p3-adaptive,infra-smoke-941bb1ed-ff5c-51cb-a836-a1a498b798a6,completed_in_time,8.515999999999622
b3-p3-adaptive,infra-smoke-c797d5fc-8a71-5f33-891e-67b3653c3346,completed_in_time,8.719000000000051
b3-p3-adaptive,infra-smoke-67cb99de-e95a-525a-87ef-d7017929e4d8,completed_in_time,8.561999999999898
b3-p3-adaptive,infra-smoke-4892a039-68b9-5773-87dc-46e440d3a83e,completed_in_time,8.57800000000043
b3-p3-adaptive,infra-smoke-cf403ac3-86f8-5688-afea-b50e626f2275,completed_in_time,8.45300000000043
b3-p3-adaptive,infra-smoke-5c7f0bca-97a5-5247-b2f3-96d2e5add572,completed_in_time,8.17200000000048
b3-p3-adaptive,infra-smoke-28826c2d-d741-51f3-badb-1a1d01eec025,completed_in_time,8.405999999999949
b3-p3-adaptive,infra-smoke-68c61e3b-ffb7-54a6-9393-c29ceceee5a8,completed_in_time,9.516000000000531
b3-p3-adaptive,infra-smoke-5e1f931c-73b1-5cc0-8cb4-96c1678a49fd,completed_in_time,9.811999999999898
b3-p3-adaptive,infra-smoke-5cb83b9d-35e1-5033-9314-699c44457242,completed_in_time,11.405999999999949
b3-p3-adaptive,infra-smoke-78eb69f9-b50f-5a21-8bef-73203085a324,completed_in_time,10.5
b3-p3-adaptive,infra-smoke-4151431c-ca0a-5fed-8ef9-f9d419d3cbe7,completed_in_time,10.092999999999847
b3-p3-adaptive,infra-smoke-dc5909a2-a79f-5207-8f18-cdc48921ee05,completed_in_time,9.313000000000102
b3-p3-adaptive,infra-smoke-0b503c4d-f668-583c-ba6b-ae9fda2c051b,completed_in_time,9.938000000000102
b3-p3-adaptive,infra-smoke-9ae3cb90-104c-5309-bb3a-4209254d6c69,completed_in_time,10.140999999999622
b3-p3-adaptive,infra-smoke-dfd7f159-5421-51d8-8e03-e2792f601d6b,completed_in_time,9.390000000000327
b3-p3-adaptive,infra-smoke-4efbe3a3-0326-5f90-a71c-583a47112904,completed_in_time,9.875
b3-p3-adaptive,infra-smoke-e9471ce5-bb05-59c5-a6b5-06fa11fdde7a,completed_in_time,10.094000000000051
b3-p3-adaptive,infra-smoke-7a831d40-d8ec-57c2-b88d-5c0fc3cdf8ea,completed_in_time,9.905999999999949
b3-p3-adaptive,infra-smoke-fc5a2797-0afe-5a16-80ec-3361881fa501,completed_in_time,9.25
b3-p3-adaptive,infra-smoke-fb4b092e-575f-51b1-9f40-213dbb8e3f09,completed_in_time,9.234999999999673
b3-p3-adaptive,infra-smoke-f0169806-63ce-578f-9fd8-7090a91303fb,completed_in_time,9.313000000000102
b3-p3-adaptive,infra-smoke-85094c0c-dc0b-5220-87fd-e30a5f5234d3,completed_in_time,9.515000000000327
b3-p3-adaptive,infra-smoke-a2f4ad95-ba21-5baf-8224-f99f4268cf06,completed_in_time,11.092999999999847
b3-p3-adaptive,infra-smoke-ac7ecfcb-7208-5c38-8d31-0f807fd3b2fa,completed_in_time,11.375
b3-p3-adaptive,infra-smoke-d710eb31-6ac2-550c-bf5d-ead78b3f43b6,completed_in_time,11.296000000000276
b3-p3-adaptive,infra-smoke-28d58b19-b05c-538f-97c4-3b3bee1b29d7,completed_in_time,11.030999999999949
b3-p3-adaptive,infra-smoke-3936789b-5e95-5a36-abf0-b2ee85e38b22,completed_in_time,10.686999999999898
b3-p3-adaptive,infra-smoke-8d96b4b6-a30e-5728-95ad-92e19ec9153a,completed_in_time,11.030999999999949
b3-p3-adaptive,infra-smoke-db4f012e-5e3f-5545-bb26-8b43fa633fd4,completed_in_time,11.625
b3-p3-adaptive,infra-smoke-bac2d895-2963-5c51-af0f-3ad33632a58a,completed_in_time,10.109000000000378
b3-p3-adaptive,infra-smoke-15cfc0b2-6167-5b9f-9eac-6041af50cd46,completed_in_time,10.875
b3-p3-adaptive,infra-smoke-4e5ca66d-c3fe-55c0-bd35-9862a13cdba7,completed_in_time,11.094000000000051
b3-p3-adaptive,infra-smoke-4544712d-fd58-5a4e-89bc-20ef93414c71,completed_in_time,11.04700000000048
b3-p3-adaptive,infra-smoke-e68653c4-513f-5c0d-b4ed-2f2a0edcf866,completed_in_time,11.07800000000043
b3-p3-adaptive,infra-smoke-c915ff93-8859-5a95-a511-a8e57fd1bee9,completed_in_time,11.344000000000051
b3-p3-adaptive,infra-smoke-79a6196b-a404-537e-872b-8d024a6e08c6,completed_in_time,11.063000000000102
b3-p3-adaptive,infra-smoke-a8f35176-f94a-5138-9c48-2d9bfcd95651,completed_in_time,11.125
b3-p3-adaptive,infra-smoke-35e33702-cfcd-50aa-9d9a-eefcbe5176b6,completed_in_time,12.108999999999469
b3-p3-adaptive,infra-smoke-d9c3bfab-6974-5b7b-a83a-7fbbe640f907,completed_in_time,12.0
b3-p3-adaptive,infra-smoke-61bb032b-ea95-55f2-bbe5-abd1bf96eb35,completed_in_time,12.344000000000051
b3-p3-adaptive,infra-smoke-0e7e421a-2d4c-5c62-b96f-0f921c94b9e0,completed_in_time,13.0
b3-p3-adaptive,infra-smoke-aaa45bff-3b6c-5fb7-bc88-1955aed31e4c,completed_in_time,12.171000000000276
b3-p3-adaptive,infra-smoke-62f88d07-7add-5e91-a333-e908eab750ad,completed_in_time,13.109999999999673
b3-p3-adaptive,infra-smoke-25c5f864-a62b-553e-a745-701e8ae85500,completed_in_time,12.844000000000051
b3-p3-adaptive,infra-smoke-985590ed-da4d-5644-84a8-0308f7479695,completed_in_time,12.938000000000102
b3-p3-adaptive,infra-smoke-27ea0b58-55b7-5b6e-94e3-7c1dc1844a25,completed_in_time,13.266000000000531
b3-p3-adaptive,infra-smoke-a8997750-4df0-51bb-a393-b5e393047123,completed_in_time,12.625
b3-p3-adaptive,infra-smoke-9c2c8146-bae7-572f-8980-10234e093852,completed_in_time,13.609000000000378
b3-p3-adaptive,infra-smoke-d47fefbb-160f-5984-bf63-aebe0cfba7c8,completed_in_time,13.20300000000043
b3-p3-adaptive,infra-smoke-addc61dc-16a4-5d2c-bc85-429a76713d81,completed_in_time,12.5
b3-p3-adaptive,infra-smoke-1a75eda3-6daa-5af2-863f-fbe579cc8007,completed_in_time,12.390000000000327
b3-p3-adaptive,infra-smoke-1041c538-77e4-5c57-a983-d66af571fdeb,completed_in_time,13.17200000000048
b3-p3-adaptive,infra-smoke-5acbddfc-487c-5fa8-9c2a-a83ffd75ae97,completed_in_time,14.0
b3-p3-adaptive,infra-smoke-c18c0a40-9868-55a8-b018-eb557eca6221,completed_in_time,13.094000000000051
b3-p3-adaptive,infra-smoke-77b2fec7-12b0-5344-8ffd-07cac9580727,completed_in_time,14.0
b3-p3-adaptive,infra-smoke-53939d93-32a8-5c7c-ab11-6a1f989d27d9,completed_in_time,13.780999999999949
b3-p3-adaptive,infra-smoke-2d170926-9e51-58e3-bf9d-616e2bc84a7e,completed_in_time,14.405999999999949
b3-p3-adaptive,infra-smoke-58e7fcfe-cb62-5cd1-b299-c716ec426e61,completed_in_time,14.32800000000043
b3-p3-adaptive,infra-smoke-f7b6ba6f-5a48-5c93-841e-a24830737731,completed_in_time,14.109999999999673
b3-p3-adaptive,infra-smoke-01530415-05d5-50dd-ae17-4074609c8825,completed_in_time,14.609999999999673
b3-p3-adaptive,infra-smoke-82cc07f1-7bd6-56fa-90c6-f7f1db2de637,completed_in_time,13.890000000000327
b3-p3-adaptive,infra-smoke-dc4636c8-0986-55ed-9293-c1004e50fb7a,completed_in_time,14.32800000000043
b3-p3-adaptive,infra-smoke-070b375d-4257-5fa4-832e-3e884a57e777,completed_in_time,14.686999999999898
b3-p3-adaptive,infra-smoke-13a67d4a-1258-5358-869e-e972e933b5a3,completed_in_time,15.016000000000531
b3-p3-adaptive,infra-smoke-9078c4cf-4164-5c8f-9d24-febc3f087e74,completed_in_time,14.609000000000378
b3-p3-adaptive,infra-smoke-55c16fad-723c-5d3d-bbf0-4abbc23734ae,completed_in_time,14.234000000000378
b3-p3-adaptive,infra-smoke-58daae93-745c-5a2b-a82e-ee8c2bf351d1,completed_in_time,14.484999999999673
b3-p3-adaptive,infra-smoke-658cb237-0438-536c-a1d3-6cd91d66f09a,completed_in_time,14.405999999999949
b3-p3-adaptive,infra-smoke-ec6d6303-2e9c-5672-ba1a-683263fedc65,completed_in_time,14.765999999999622
b3-p3-adaptive,infra-smoke-3fff8677-a25a-5bad-9152-57dbe1fe6540,completed_in_time,15.015000000000327
b3-p3-adaptive,infra-smoke-296cfcbb-a746-5352-9b42-4807013a1292,completed_in_time,15.219000000000051
b3-p3-adaptive,infra-smoke-034663f5-10b9-5bec-886e-06bd517b76e7,completed_in_time,14.390000000000327
b3-p3-adaptive,infra-smoke-7776cc94-e376-5209-996b-9cdd8120272d,completed_in_time,15.609999999999673
b3-p3-adaptive,infra-smoke-34f31c88-2905-5c71-87d6-ab651ba9d001,completed_in_time,15.82799999999952
b3-p3-adaptive,infra-smoke-5f1ce216-ea45-5bfc-b467-5805a41973e8,completed_in_time,15.17199999999957
b3-p3-adaptive,infra-smoke-af68af04-05aa-54c8-9515-0f301468494a,completed_in_time,14.719000000000051
b3-p3-adaptive,infra-smoke-951056cf-649b-546c-8c55-0522910955f7,completed_in_time,16.0
b3-p3-adaptive,infra-smoke-3d009288-4a18-5966-a278-e11e86f25983,completed_in_time,15.92200000000048
b3-p3-adaptive,infra-smoke-377463e0-8df1-517a-aa3e-39af766da364,completed_in_time,15.780999999999949
b3-p3-adaptive,infra-smoke-62a2a897-712a-56f3-a172-af13c01a48a8,completed_in_time,16.563000000000102
b3-p3-adaptive,infra-smoke-b6c45bc3-f781-559e-80ae-41e13197b39c,completed_in_time,16.0
b3-p3-adaptive,infra-smoke-9d3588b0-2115-548c-98f4-833846062dfd,completed_in_time,16.10900000000038
b3-p3-adaptive,infra-smoke-c67551cd-14e1-55ef-a067-ddb46aab1332,completed_in_time,16.125
b3-p3-adaptive,infra-smoke-8ca30f60-2761-5ce4-b124-c2e6e699a53d,completed_in_time,16.125
b3-p3-adaptive,infra-smoke-392190de-6b26-5c0d-a8b7-86a11b0d75b8,completed_in_time,15.811999999999898
b3-p3-adaptive,infra-smoke-e867f188-489f-5038-bd4a-1c0bbc3d27d5,completed_in_time,16.813000000000102
b3-p3-adaptive,infra-smoke-8a9d3bdb-ae2d-5472-8e15-5f696af6a094,completed_in_time,16.92200000000048
b3-p3-adaptive,infra-smoke-ffab0a01-3e68-558b-ac8c-b9e77f7d5038,completed_in_time,17.09400000000005
b3-p3-adaptive,infra-smoke-c2c0a598-6cb1-51cd-aaed-c3d2c8875041,completed_in_time,17.186999999999898
b3-p3-adaptive,infra-smoke-1bf8c285-6b72-5a66-8ec2-107eddd6befd,completed_in_time,17.29699999999957
b3-p3-adaptive,infra-smoke-e2f643f8-d9ac-530c-80f7-f2454135d55e,completed_in_time,16.717999999999847
b3-p3-adaptive,infra-smoke-6aae4ba9-9304-54c4-9d92-22b9c2def359,completed_in_time,16.54700000000048
b3-p3-adaptive,infra-smoke-5db5073c-8479-55ec-ac9d-23ae2feff3a7,completed_in_time,16.90599999999995
b3-p3-adaptive,infra-smoke-e823f568-872f-593d-901a-09146ded9983,completed_in_time,16.73400000000038
b3-p3-adaptive,infra-smoke-743caa8e-7a1b-5cd3-bd4f-edb03edfa05e,completed_in_time,16.90599999999995
b3-p3-adaptive,infra-smoke-ebba629a-39c9-5bc0-be0f-69431f471488,completed_in_time,17.40599999999995
b3-p3-adaptive,infra-smoke-0bd2a415-3976-5083-a732-2f8d0a63850a,completed_in_time,17.813000000000102
b3-p3-adaptive,infra-smoke-23953fac-46a9-5d44-a15e-af1c87412dad,completed_in_time,17.04700000000048
b3-p3-adaptive,infra-smoke-750bdc21-3ab5-5eea-88f3-b936ca3ce663,completed_in_time,17.813000000000102
b3-p3-adaptive,infra-smoke-e1ee8531-8a27-5f50-bd0a-1902ed6086f3,completed_in_time,17.311999999999898
b3-p3-adaptive,infra-smoke-10db8d60-b04e-5af7-8364-c90f9b19f977,completed_in_time,17.234999999999673
b3-p3-adaptive,infra-smoke-597173fb-1d53-53bb-b50a-b9dbe8335c03,completed_in_time,17.78099999999995
b3-p3-adaptive,infra-smoke-4c90eae6-8cc8-5840-a667-1c3b34c815b0,completed_in_time,18.51599999999962
b3-p3-adaptive,infra-smoke-0849397c-cc2a-5dd0-98ac-df6c6cfb123c,completed_in_time,18.625
b3-p3-adaptive,infra-smoke-bf40d158-250c-514a-a581-e2f25f6bc1ec,completed_in_time,19.21900000000005
b3-p3-adaptive,infra-smoke-de5f0c97-cbe5-5c57-b08a-9f4ca126b073,completed_in_time,18.5
b3-p3-adaptive,infra-smoke-907070cf-c72d-5b88-81d8-21d5ae89847c,completed_in_time,19.01599999999962
b3-p3-adaptive,infra-smoke-6f94aa91-7e4e-56e9-b5df-e9a165e80cbb,completed_in_time,19.17199999999957
b3-p3-adaptive,infra-smoke-7d60b991-37c3-55a4-bd01-d19e0fc3c724,completed_in_time,19.28099999999995
b3-p3-adaptive,infra-smoke-e5a3ec10-539e-5c0b-82d6-e84a2dff1260,completed_in_time,17.82800000000043
b3-p3-adaptive,infra-smoke-5288d5e7-1e1d-57e7-83d3-95f78d2a99d6,completed_in_time,19.20300000000043
b3-p3-adaptive,infra-smoke-5ea5af57-e184-588e-9685-26ca9c190451,completed_in_time,19.09400000000005
b3-p3-adaptive,infra-smoke-b89aeee6-424b-5135-9787-77ec2c4aebce,completed_in_time,19.436999999999898
b3-p3-adaptive,infra-smoke-e2ef32c2-6c5a-5021-9576-2525aa1975c6,completed_in_time,18.53099999999995
b3-p3-adaptive,infra-smoke-eee3e029-d098-591d-b039-b6f5e2ebb923,completed_in_time,19.75
b3-p3-adaptive,infra-smoke-447fdfaa-0332-5d5c-a6fb-e2c66996778d,completed_in_time,20.125
b3-p3-adaptive,infra-smoke-fda84df6-18ba-5d99-9d03-8bb3d6e01a56,completed_in_time,20.59400000000005
b3-p3-adaptive,infra-smoke-accc8f78-a580-5920-b5d3-abaf65b0bf67,completed_in_time,20.90599999999995
b3-p3-adaptive,infra-smoke-bcd38b09-ff67-53a2-9732-4f9e4a1e8c20,completed_in_time,20.109999999999673
b3-p3-adaptive,infra-smoke-88943e9b-04b3-576a-bb40-844ab254d981,completed_in_time,20.01599999999962
b3-p3-adaptive,infra-smoke-a55b8fa6-a51e-513d-94e8-7b1b517be036,completed_in_time,20.10899999999947
b3-p3-adaptive,infra-smoke-17f33147-d7bd-5c8d-ac05-66f987ac1a07,completed_in_time,20.42200000000048
b3-p3-adaptive,infra-smoke-6a09fccd-87f2-58db-bd1c-e3399d73a54f,completed_in_time,20.48399999999947
b3-p3-adaptive,infra-smoke-59c142de-c5d3-5396-a03b-1a8a74b2030b,completed_in_time,20.813000000000102
b3-p3-adaptive,infra-smoke-53477104-4cc1-5f74-9f87-8bedd2873784,completed_in_time,20.20299999999952
b3-p3-adaptive,infra-smoke-35d4b2d3-690a-56a3-a89c-b5ce3febf95f,completed_in_time,20.40599999999995
b3-p3-adaptive,infra-smoke-751708eb-e3a1-564a-960f-de874cfb955b,completed_in_time,20.578999999999724
b3-p3-adaptive,infra-smoke-4601c142-ee40-531d-8e17-c2ad60a1f830,completed_in_time,21.15599999999995
b3-p3-adaptive,infra-smoke-977fe0b0-e509-54bb-a51c-0ca889e1fb9e,completed_in_time,20.57800000000043
b3-p3-adaptive,infra-smoke-b3f3affa-2937-5ea5-9a4a-06290a2a816c,completed_in_time,20.89099999999962
b3-p3-adaptive,infra-smoke-25203a47-69e4-576d-aa28-2a4bb61fee16,completed_in_time,20.813000000000102
b3-p3-adaptive,infra-smoke-b65e2151-1fc8-5887-8809-82d340496ff6,completed_in_time,20.889999999999418
b3-p3-adaptive,infra-smoke-d0a5e00a-d80c-5873-8843-4bce0cb9220d,completed_in_time,21.32799999999952
b3-p3-adaptive,infra-smoke-cfa0c38c-b844-57e9-85fa-8fedf049090a,completed_in_time,21.561999999999898
b3-p3-adaptive,infra-smoke-76060c88-860e-5c28-bd0a-178cf4d50e82,completed_in_time,21.39100000000053
b3-p3-adaptive,infra-smoke-4a85a1fa-5a20-5306-a537-2a015ac9e36b,completed_in_time,21.14099999999962
b3-p3-adaptive,infra-smoke-d31fce87-2cb5-5708-9ea1-23b6db57f199,completed_in_time,21.32799999999952
b3-p3-adaptive,infra-smoke-61e9d80f-0229-585c-87d8-d636c60bb3ab,completed_in_time,21.34400000000005
b3-p3-adaptive,infra-smoke-6c2cf7cd-d6c5-50d8-b085-d779bbc5422f,completed_in_time,21.42199999999957
b3-p3-adaptive,infra-smoke-b6119b01-5f0a-5d4d-92e5-30d96813cc8c,completed_in_time,23.984999999999673
b3-p3-adaptive,infra-smoke-620b15e6-97cc-55e8-a3d8-a2a628b647b2,completed_in_time,23.01600000000053
b3-p3-adaptive,infra-smoke-5fc414a6-fe75-522c-a74d-5170112f1c01,completed_in_time,23.29699999999957
b3-p3-adaptive,infra-smoke-4d96e07d-f937-5fe2-bb14-7a5a80789a0a,completed_in_time,23.313000000000102
b3-p3-adaptive,infra-smoke-1c6ed7c3-2513-5213-a047-bf6fb5e99df3,completed_in_time,22.717999999999847
b3-p3-adaptive,infra-smoke-ffd08a87-1450-5abb-a3ea-cae1e4536153,completed_in_time,23.71900000000005
b3-p3-adaptive,infra-smoke-bd926c13-4b3e-5566-85d9-421785415b48,completed_in_time,23.10899999999947
b3-p3-adaptive,infra-smoke-0ebc6d79-f437-5c87-ae9b-850b5109023c,completed_in_time,23.10900000000038
b3-p3-adaptive,infra-smoke-37523211-c97c-5314-afcb-c37e29a82110,completed_in_time,23.313000000000102
b3-p3-adaptive,infra-smoke-242721ab-df54-5c6c-af4b-f433301d9097,completed_in_time,23.90599999999995
b3-p3-adaptive,infra-smoke-6c5ba679-dbe7-5624-a84e-b887c9eba8d6,completed_in_time,22.98400000000038
b3-p3-adaptive,infra-smoke-358c778b-2f13-5b3a-87b9-71c1a95652cb,completed_in_time,22.90599999999995
b3-p3-adaptive,infra-smoke-7850767d-23f5-5c99-bc58-53fcc664961d,completed_in_time,23.03099999999995
b3-p3-adaptive,infra-smoke-6483b4a9-3e8f-5639-bb2e-a7221334ae51,completed_in_time,23.217999999999847
b3-p3-adaptive,infra-smoke-e39af44d-ca74-5cb8-8eca-c36754e713bf,completed_in_time,22.98399999999947
b3-p3-adaptive,infra-smoke-545951f3-e7fb-5551-9983-40b70645cb26,completed_in_time,22.60900000000038
b3-p3-adaptive,infra-smoke-be057506-6542-54cb-8eaa-f75aa1a83026,completed_in_time,24.592999999999847
b3-p3-adaptive,infra-smoke-6aa4189d-ff80-50a1-9670-20c77a85e0c8,completed_in_time,24.311999999999898
b3-p3-adaptive,infra-smoke-16689774-c083-5758-a4c5-bbc4f57d41a6,completed_in_time,25.28099999999995
b3-p3-adaptive,infra-smoke-d6136b25-1e50-5c40-98c1-6005a597bba7,completed_in_time,24.75
b3-p3-adaptive,infra-smoke-ff05de23-e79d-5e9d-be8c-029b4814fd5e,completed_in_time,24.78099999999995
b3-p3-adaptive,infra-smoke-36a2943a-ed68-581c-bbed-b0f8d289a480,completed_in_time,25.688000000000102
b3-p3-adaptive,infra-smoke-c6e2d4e0-64ef-54c9-b845-75c02f920c5e,completed_in_time,24.46900000000005
b3-p3-adaptive,infra-smoke-99a8a274-deae-5650-b461-981faa0d2d4f,completed_in_time,26.21900000000005
b3-p3-adaptive,infra-smoke-36af9ad3-a81f-509a-9fb4-cfaf0ee7151a,completed_in_time,25.71900000000005
b3-p3-adaptive,infra-smoke-846221c9-01cd-5674-b115-0d9bff52f940,completed_in_time,25.20299999999952
b3-p3-adaptive,infra-smoke-dd80d48f-2042-57f0-a9ca-a0892cb3ca86,completed_in_time,25.89099999999962
b3-p3-adaptive,infra-smoke-225c3c76-b3a0-54d4-92b0-af8d9ee70ea7,completed_in_time,24.625
b3-p3-adaptive,infra-smoke-15fa1c68-9abd-554a-9a30-e35bce3c8ee2,completed_in_time,25.389999999999418
b3-p3-adaptive,infra-smoke-217aba86-3487-50a2-9936-a7767c3ad686,completed_in_time,25.42199999999957
b3-p3-adaptive,infra-smoke-7f09fcb7-a01a-5d56-8dd7-fef08d2650b8,completed_in_time,26.70300000000043
b3-p3-adaptive,infra-smoke-dfafda2b-e90a-5f54-999b-8efe4ec9c059,completed_in_time,26.32799999999952
b3-p3-adaptive,infra-smoke-4c764f74-880f-55aa-9824-7675f2ce4f76,completed_in_time,27.203999999999724
b3-p3-adaptive,infra-smoke-54cf8e81-6a7c-5d4a-8c96-b9bea0533ad7,completed_in_time,27.436999999999898
b3-p3-adaptive,infra-smoke-7b20c119-8b4d-582e-a5a4-42905b86dc31,completed_in_time,27.890000000000327
b3-p3-adaptive,infra-smoke-6567c99d-2933-5e2c-aaa7-5f8deb0dc557,completed_in_time,28.40599999999995
b3-p3-adaptive,infra-smoke-311c1957-3d3b-58aa-8698-66ec254cd4b6,completed_in_time,28.17200000000048
b3-p3-adaptive,infra-smoke-0f0f3490-97fd-5d8b-b866-2f164098a4c2,completed_in_time,29.171000000000276
b3-p3-adaptive,infra-smoke-1e5fe210-a407-5f2d-a4bd-3669e21a61c7,completed_in_time,27.907000000000153
b3-p3-adaptive,infra-smoke-4682f1b8-f4b1-5f6f-9f2c-71a4b245520b,completed_in_time,28.59400000000005
b3-p3-adaptive,infra-smoke-93b39ab2-9195-559f-b29f-16c8aa1df307,completed_in_time,28.60900000000038
b3-p3-adaptive,infra-smoke-a1812ef0-53ba-5f62-a691-387b7f1c0d49,completed_in_time,28.78099999999995
b3-p3-adaptive,infra-smoke-56368036-dc32-5b9f-ae55-7cef96903d60,completed_in_time,29.782000000000153
b3-p3-adaptive,infra-smoke-31251f45-de66-5c74-ac2e-0b5d4a1ae288,completed_in_time,28.40599999999995
b3-p3-adaptive,infra-smoke-b086a0d6-01a4-590b-a4fe-b9d5620e1313,completed_in_time,28.390000000000327
b3-p3-adaptive,infra-smoke-7a760a97-6350-5197-9c4f-f023cec79979,completed_in_time,29.0
b3-p3-adaptive,infra-smoke-b70a490e-da94-5f12-b59f-5c1693a5ea0d,completed_in_time,28.875
b3-p3-adaptive,infra-smoke-a6e2fa30-2add-59b0-9413-99b22c1f989f,completed_in_time,29.60899999999947
b3-p3-adaptive,infra-smoke-03b4ba4f-d9cc-59b3-8a55-059db7f89d94,completed_in_time,29.71900000000005
b3-p3-adaptive,infra-smoke-7b1326eb-1ca7-5bea-8f1c-e67ebf0eb460,completed_in_time,30.764999999999418
b3-p3-adaptive,infra-smoke-5beaf239-bac9-5401-8926-4c95ef204360,completed_in_time,30.811999999999898
b3-p3-adaptive,infra-smoke-2a049d41-dbcf-5e91-b77a-3cf8aa0baf6e,completed_in_time,30.40599999999995
b3-p3-adaptive,infra-smoke-34cd44b8-c8b9-5dcf-81ad-9ca09acdd0c4,completed_in_time,30.125
b3-p3-adaptive,infra-smoke-796d987c-5a0b-5afb-8660-7532332de596,completed_in_time,30.186999999999898
b3-p3-adaptive,infra-smoke-0f299e6a-c937-5729-b545-fa8b5892c79f,completed_in_time,30.21900000000005
b3-p3-adaptive,infra-smoke-35df1555-f533-52a7-a140-41fdd3d9dfe9,completed_in_time,30.71900000000005
b3-p3-adaptive,infra-smoke-be639ee7-e10a-5799-bf23-b6c2e648c30c,completed_in_time,31.42199999999957
b3-p3-adaptive,infra-smoke-4ecdad66-e4be-590b-b5ba-a5a5b42d739d,completed_in_time,31.23400000000038
b3-p3-adaptive,infra-smoke-fa043fee-132c-5e3f-bdaa-7fef1154f289,completed_in_time,30.5
b3-p3-adaptive,infra-smoke-520fda9a-22b9-5cfd-b6e3-76c7b85df6e3,completed_in_time,31.23400000000038
b3-p3-adaptive,infra-smoke-c95e1eb2-c532-5dd5-9e98-b62b08ea22e3,completed_in_time,31.39100000000053
b3-p3-adaptive,infra-smoke-979f2475-b4e3-55e5-8fd7-6af27f1803b7,completed_in_time,30.71900000000005
b3-p3-adaptive,infra-smoke-c2143438-908c-5a1e-b57d-1221ab6d911d,completed_in_time,31.389999999999418
b3-p3-adaptive,infra-smoke-f0d66dc2-5e6b-5f09-8a31-28017e18a07d,completed_in_time,31.48400000000038
b3-p3-adaptive,infra-smoke-901570cb-be6b-5d29-8a1f-953c330e5ea8,completed_in_time,32.1869999999999
b3-p3-adaptive,infra-smoke-e6c9dfb3-3ce5-53c2-9c14-a129dd07d2d2,completed_in_time,32.79700000000048
b3-p3-adaptive,infra-smoke-50c094c1-0a2f-57fa-b43f-15642ca493d5,completed_in_time,32.98399999999947
b3-p3-adaptive,infra-smoke-e361d547-a082-51b5-a6ce-69e61a3ba7ca,completed_in_time,33.21799999999985
b3-p3-adaptive,infra-smoke-e96a049c-28f2-5252-a7d9-125ea153f2c6,completed_in_time,32.03200000000015
b3-p3-adaptive,infra-smoke-34726690-8ff5-5932-acd2-b139f006f26c,completed_in_time,33.125
b3-p3-adaptive,infra-smoke-13226936-4e58-51ee-81df-3fcef10e604e,completed_in_time,33.23400000000038
b3-p3-adaptive,infra-smoke-d59b9e95-a03c-5a5a-90e8-602ec57f7c3e,completed_in_time,33.29700000000048
b3-p3-adaptive,infra-smoke-3836cb72-ffcf-59db-91b3-e97fff835a4c,completed_in_time,33.51500000000033
b3-p3-adaptive,infra-smoke-d3a39aa8-c7f6-5a42-9bc1-4188ad02d322,completed_in_time,33.79600000000028
b3-p3-adaptive,infra-smoke-247d028f-a07d-5e18-847d-ee347546b716,completed_in_time,33.53099999999995
b3-p3-adaptive,infra-smoke-e3f424ad-504f-50c4-8587-73fd842bf4f3,completed_in_time,34.10900000000038
b3-p3-adaptive,infra-smoke-119716bc-5944-5250-80f5-13d8ad5aa400,completed_in_time,34.1869999999999
b3-p3-adaptive,infra-smoke-b9d8471f-5ed5-5230-bcf5-80c563be6d9e,completed_in_time,33.875
b3-p3-adaptive,infra-smoke-796105c5-72f4-59ae-b7f9-f6a9b67d2f85,completed_in_time,34.51499999999942
b3-p3-adaptive,infra-smoke-3a2b037f-458c-5459-9b8c-58af161aad36,completed_in_time,35.0630000000001
b3-p3-adaptive,infra-smoke-9d8c4944-1886-5fe6-b421-4ffd69c4ff67,completed_in_time,34.79699999999957
b3-p3-adaptive,infra-smoke-a223e18e-6fdb-5fdb-bcbf-e8b8eeffea49,completed_in_time,36.01600000000053
b3-p3-adaptive,infra-smoke-d36a1239-26ec-57a3-9ad8-b7a4466b5a09,completed_in_time,35.59400000000005
b3-p3-adaptive,infra-smoke-da3f7898-147b-5812-a74c-2d65096ab2d8,completed_in_time,36.5
b3-p3-adaptive,infra-smoke-0991271e-8643-5ec4-aa30-8db56d01bd92,completed_in_time,35.79600000000028
b3-p3-adaptive,infra-smoke-da7953b8-e9f7-5c7b-a9c5-d290508748b6,completed_in_time,35.29700000000048
b3-p3-adaptive,infra-smoke-b3e1019c-2451-54cc-a3e3-210f233083df,completed_in_time,35.5
b3-p3-adaptive,infra-smoke-f1041531-3bfa-5314-b6ee-2c92d4a8049a,completed_in_time,34.45300000000043
b3-p3-adaptive,infra-smoke-d75c8c50-9303-52ab-aa05-997d778fff11,completed_in_time,35.39000000000033
b3-p3-adaptive,infra-smoke-803ee682-c8bb-5809-83db-fdea45fd2011,completed_in_time,35.01499999999942
b3-p3-adaptive,infra-smoke-64d14059-8796-512b-89f5-1efa406d3829,completed_in_time,36.5
b3-p3-adaptive,infra-smoke-5f65fc76-eeff-5747-a45a-b6bcc8a6ed81,completed_in_time,35.34400000000005
b3-p3-adaptive,infra-smoke-5af44d8b-4c91-55d6-a482-20480d6bf1e2,completed_in_time,36.51599999999962
b3-p3-adaptive,infra-smoke-2adb2f2c-a091-5290-a37f-74c1b202059f,completed_in_time,37.11000000000058
b3-p3-adaptive,infra-smoke-d82aecb9-5464-52b0-af9f-a44c0caeba8e,completed_in_time,38.29700000000048
b3-p3-adaptive,infra-smoke-75a42c2c-ceab-57c1-9ac6-776e438d1549,completed_in_time,38.5630000000001
b3-p3-adaptive,infra-smoke-6ede819c-003a-5acd-b6c3-5f504d3c4bee,completed_in_time,36.29699999999957
b3-p3-adaptive,infra-smoke-15f4da6a-bb03-5e53-b745-f4c36b805e81,completed_in_time,37.20299999999952
b3-p3-adaptive,infra-smoke-09b0bcae-c771-585a-b6b4-f0bbe5c3b33a,completed_in_time,37.51600000000053
b3-p3-adaptive,infra-smoke-ce4fb9b1-8134-5128-8343-25094d8e8e53,completed_in_time,37.5619999999999
b3-p3-adaptive,infra-smoke-57824e4c-9957-58bb-8b55-4b4c0a424697,completed_in_time,37.5619999999999
b3-p3-adaptive,infra-smoke-46a1c13f-1829-5164-b85d-fac5f9bdd9fd,completed_in_time,36.5630000000001
b3-p3-adaptive,infra-smoke-4857a05e-4bfe-5e5d-8505-2463fca89fd1,completed_in_time,37.8119999999999
b3-p3-adaptive,infra-smoke-644fd4bc-5196-57ee-bcde-a26b5d4d161a,completed_in_time,37.01600000000053
b3-p3-adaptive,infra-smoke-20b2a67e-6ce5-5455-9a01-4c860d99f200,completed_in_time,36.71799999999985
b3-p3-adaptive,infra-smoke-0d57ef72-2349-5bfa-938c-6e8250cf3636,completed_in_time,37.70300000000043
b3-p3-adaptive,infra-smoke-025835b9-ea18-5dda-9398-a164bc084cb0,completed_in_time,37.98499999999967
b3-p3-adaptive,infra-smoke-f4d41c6a-de67-5eb7-be85-2262070c58c7,completed_in_time,38.0
b3-p3-adaptive,infra-smoke-ee0f04d3-a4da-5cc0-9b98-77b51b235a12,completed_in_time,37.6880000000001
b3-p3-adaptive,infra-smoke-d661d15e-2013-5563-a235-2df5c0736543,completed_in_time,38.04699999999957
b3-p3-adaptive,infra-smoke-e6bebfb5-4703-545f-bb2f-0617cf1628f9,completed_in_time,38.625
b3-p3-adaptive,infra-smoke-1c20bcd4-e653-5ea5-8560-79425999bc2c,completed_in_time,38.78200000000015
b3-p3-adaptive,infra-smoke-9ff64fd4-c00c-5a5f-ac84-61b4307a655a,completed_in_time,38.90599999999995
b3-p3-adaptive,infra-smoke-37853b82-548d-53ec-9ad3-3dc719fa10fe,completed_in_time,40.48400000000038
b3-p3-adaptive,infra-smoke-604059f7-2b5a-5de7-b86c-cbd2b89e4b0f,completed_in_time,40.14100000000053
b3-p3-adaptive,infra-smoke-2ad3eacf-2fe4-55d9-95cc-e3f411a736d6,completed_in_time,39.03200000000015
b3-p3-adaptive,infra-smoke-8891b8b5-769c-5843-97aa-b91636944a89,completed_in_time,38.92199999999957
b3-p3-adaptive,infra-smoke-4e25fd5b-95fd-509f-94fd-5e69a71d8154,completed_in_time,39.51599999999962
b3-p3-adaptive,infra-smoke-6acef44d-b6f3-5673-aac5-f6699b8034e1,completed_in_time,41.07800000000043
b3-p3-adaptive,infra-smoke-4f1e90a6-1051-5d9a-89dd-dee75ecc837c,completed_in_time,40.67200000000048
b3-p3-adaptive,infra-smoke-9df47457-1e42-5b76-8550-53223414d2e8,completed_in_time,40.375
b3-p3-adaptive,infra-smoke-c84dfe25-3c3a-571b-9567-32a18169ad46,completed_in_time,41.11000000000058
b3-p3-adaptive,infra-smoke-c5a729f1-9d20-5a37-b0fa-5dea32490a45,completed_in_time,39.1880000000001
b3-p3-adaptive,infra-smoke-4f00cbf2-e909-5c76-a608-eeaacc527e7f,completed_in_time,40.0
b3-p3-adaptive,infra-smoke-41a200ef-51c4-5e19-a23b-7de618e7617d,completed_in_time,40.4380000000001
b3-p3-adaptive,infra-smoke-aeee59c5-c01e-5f73-8c3b-f98e80095491,completed_in_time,40.625
b3-p3-adaptive,infra-smoke-5bd582ce-87f7-56fb-b86c-68021ca399cb,completed_in_time,41.03099999999995
b3-p3-adaptive,infra-smoke-c5ee0c60-9850-5ea7-8330-fe563c7c09fc,completed_in_time,40.90700000000015
b3-p3-adaptive,infra-smoke-8e078175-01fe-574a-a8cb-785c831ee649,completed_in_time,41.20300000000043
b3-p3-adaptive,infra-smoke-38494f29-585b-54d2-bcac-e5217ca5ec42,completed_in_time,41.07799999999952
b3-p3-adaptive,infra-smoke-c4c4fdef-c6f6-5685-9aa5-c2088b57c59e,completed_in_time,40.53200000000015
b3-p3-adaptive,infra-smoke-c1f599ba-9a6b-5db1-ace6-36dd11ed16f9,completed_in_time,41.46799999999985
b3-p3-adaptive,infra-smoke-2e56c0bc-d324-54a5-b484-cc5a625cadb3,completed_in_time,41.0619999999999
b3-p3-adaptive,infra-smoke-9f1d09be-152c-5a6a-9b21-1136960685f1,completed_in_time,41.32799999999952
b3-p3-adaptive,infra-smoke-b599eaff-747d-52db-844e-ccee9a560b83,completed_in_time,41.6880000000001
b3-p3-adaptive,infra-smoke-8c655ade-a522-5d5a-8d67-0d599cbd64f1,completed_in_time,41.625
b3-p3-adaptive,infra-smoke-1b608bfb-d6b9-5493-b734-6395bc3670b0,completed_in_time,41.76500000000033
b3-p3-adaptive,infra-smoke-4a757169-a581-5eb3-9fd7-5c7bbf77b5f9,completed_in_time,41.32799999999952
b3-p3-adaptive,infra-smoke-70649310-7868-5662-8058-b0126c824ef8,completed_in_time,41.42200000000048
b3-p3-adaptive,infra-smoke-b6278f88-686b-5c22-b5cf-fbca2d05aaf2,completed_in_time,41.90599999999995
b3-p3-adaptive,infra-smoke-2a0da794-782f-53f9-924a-d159742954ce,completed_in_time,41.875
b3-p3-adaptive,infra-smoke-0a659bd4-b1c2-5664-890c-9da584e79b07,completed_in_time,41.48400000000038
b3-p3-adaptive,infra-smoke-0f788ccd-ef8b-5a63-be70-6a3c4184a7dc,completed_in_time,41.6869999999999
b3-p3-adaptive,infra-smoke-e866789e-a767-59f9-ae50-32ebdf27a4ca,completed_in_time,41.79700000000048
b3-p3-adaptive,infra-smoke-35499b9d-1dfb-50ef-ad00-d7e591589ade,completed_in_time,42.09400000000005
b3-p3-adaptive,infra-smoke-1531baf5-c324-52cf-a642-dd8697fe0e75,completed_in_time,41.875
b3-p3-adaptive,infra-smoke-0c9f6c89-ac05-592b-91d7-1f51aac38227,completed_in_time,42.07800000000043
b3-p3-adaptive,infra-smoke-2328a285-01f5-53d9-bd04-e38b0ad9baf2,completed_in_time,42.0
b3-p3-adaptive,infra-smoke-6bfb4742-e623-5e1f-973c-cd3503fb4599,completed_in_time,42.0619999999999
b3-p3-adaptive,infra-smoke-eb69b6aa-eb72-58f4-a2a2-04daf0173327,completed_in_time,42.07799999999952
b3-p3-adaptive,infra-smoke-3c367cb6-5f1b-560b-a2bd-6ea8e8602c0e,completed_in_time,42.42200000000048
b3-p3-adaptive,infra-smoke-90cb07a6-556d-5298-aa75-2db426cb780a,completed_in_time,42.28200000000015
b3-p3-adaptive,infra-smoke-9f1d0d6d-03b5-525a-8779-68358ba7b4b4,completed_in_time,42.48400000000038
b3-p3-adaptive,infra-smoke-768d4bf0-999e-5988-b1f4-05260f02b81f,completed_in_time,42.5
b3-p3-adaptive,infra-smoke-092cebff-4448-5629-ae1f-f7b3fe662a52,completed_in_time,42.51500000000033
b3-p3-adaptive,infra-smoke-0f955712-e96d-54ef-9c8d-1ba87697fd7f,completed_in_time,42.48399999999947
b3-p3-adaptive,infra-smoke-8f1ed06a-41f3-520c-94bd-94e1f5f6cb26,completed_in_time,42.01599999999962
b3-p3-adaptive,infra-smoke-8e5203ee-48d4-51d7-88d4-4795dd63e3f8,completed_in_time,42.28200000000015
b3-p3-adaptive,infra-smoke-100daf23-9801-5665-8664-cac77ae1b26f,completed_in_time,42.40700000000015
b3-p3-adaptive,infra-smoke-4162f571-ad73-56f0-99a6-5e8d5c3e9c32,completed_in_time,42.67199999999957
b3-p3-adaptive,infra-smoke-3c5131c5-59e6-59c9-9832-8810f38eb773,completed_in_time,42.60900000000038
b3-p3-adaptive,infra-smoke-a32fec76-63df-50cc-9681-3b3a8b431c09,completed_in_time,42.71900000000005
b3-p3-adaptive,infra-smoke-7221ae5a-fbd7-5b31-af21-5f3871d88a39,completed_in_time,42.89000000000033
b3-p3-adaptive,infra-smoke-9a8bd2d4-1909-54e7-a8f2-1949403b907e,completed_in_time,42.60900000000038
b3-p3-adaptive,infra-smoke-9c24c56e-aa45-5dfb-8550-6d6fcdc7bbf5,completed_in_time,42.53099999999995
b3-p3-adaptive,infra-smoke-acb2fd7b-6783-53ac-8a03-88e3d57b8d82,completed_in_time,43.34400000000005
b3-p3-adaptive,infra-smoke-e54ad64e-9b61-5ebb-af9c-9e30fb4938ce,completed_in_time,42.39000000000033
b3-p3-adaptive,infra-smoke-6252ae37-28f0-59e7-8fb2-747df19bd8fb,completed_in_time,42.85899999999947
b3-p3-adaptive,infra-smoke-c2f3ad3e-fa16-5319-b4ad-13c451d9345d,completed_in_time,42.78099999999995
b3-p3-adaptive,infra-smoke-4409aad9-3146-59e7-849a-361bbb9194cc,completed_in_time,42.75
b3-p3-adaptive,infra-smoke-86a1bf98-b45e-5a33-852a-695d5c76ace5,completed_in_time,43.3119999999999
b3-p3-adaptive,infra-smoke-a6075b80-87b1-59d6-8171-16b3522de863,completed_in_time,43.125
b3-p3-adaptive,infra-smoke-59ebca73-d341-566a-9405-00cacfb5043a,completed_in_time,42.90700000000015
b3-p3-adaptive,infra-smoke-6cdbedda-bb92-5302-a391-9cfc612dee3d,completed_in_time,43.0
b3-p3-adaptive,infra-smoke-8adb5ab9-c77e-5032-ae89-301a82860cbb,completed_in_time,43.20399999999972
b3-p3-adaptive,infra-smoke-acefff10-143f-51a9-af81-373fc93ec76a,completed_in_time,43.10999999999967
b3-p3-adaptive,infra-smoke-1909a194-5e20-5e73-82ca-8991add35c3d,completed_in_time,42.96900000000005
b3-p3-adaptive,infra-smoke-b2ae53e2-0530-5b42-a5aa-c22ba842e8ad,completed_in_time,42.78099999999995
b3-p3-adaptive,infra-smoke-0d174fdb-fa3c-5a81-8f11-03de04a93afa,completed_in_time,43.03200000000015
b3-p3-adaptive,infra-smoke-a5ecca55-3d1b-5e13-8040-999ba196257e,completed_in_time,42.71900000000005
b3-p3-adaptive,infra-smoke-09cd3e65-f91d-5bac-9a1e-006737b56b47,completed_in_time,43.03099999999995
b3-p3-adaptive,infra-smoke-6642238f-4ea8-51d1-ac76-96b9fea878ac,completed_in_time,43.40599999999995
b3-p3-adaptive,infra-smoke-2f073a0c-34e4-590f-819f-bd1434e16d77,completed_in_time,42.82899999999972
b3-p3-adaptive,infra-smoke-3d02331c-2663-5750-9b3d-ea84cd472fce,completed_in_time,43.29699999999957
b3-p3-adaptive,infra-smoke-d6a059c5-765d-54d3-a1be-8f7ca8d34017,completed_in_time,43.39000000000033
b3-p3-adaptive,infra-smoke-640e86df-6710-5e69-94d7-f62e4ff53948,completed_in_time,43.20300000000043
b3-p3-adaptive,infra-smoke-6fe5cafc-0432-54df-8406-47c4871fe918,completed_in_time,43.125
b3-p3-adaptive,infra-smoke-714fe423-ca30-5c58-a3f4-9233a53a970a,completed_in_time,43.5
b3-p3-adaptive,infra-smoke-e8a00697-ed9d-5542-bfb2-432561b53c1c,completed_in_time,43.23400000000038
b3-p3-adaptive,infra-smoke-18495a5f-dffa-56a4-a170-238b49062319,completed_in_time,43.09400000000005
b3-p3-adaptive,infra-smoke-f4e693b0-54b5-5d35-8e95-86b8297cae2c,completed_in_time,43.42199999999957
b3-p3-adaptive,infra-smoke-95514840-67dd-52a9-b9f6-018ba1783d0c,completed_in_time,43.32899999999972
b3-p3-adaptive,infra-smoke-7d3eddd4-2a42-5d82-969a-e997e119660d,completed_in_time,43.70299999999952
b3-p3-adaptive,infra-smoke-8086127f-7f1d-5cc1-870a-bd8a47390d34,completed_in_time,43.39099999999962
b3-p3-adaptive,infra-smoke-eb59f2a0-efed-57b9-b76c-b4db4fc27982,completed_in_time,43.84400000000005
b3-p3-adaptive,infra-smoke-4df14f6c-aa6d-519f-9678-baecd6177893,completed_in_time,43.51500000000033
b3-p3-adaptive,infra-smoke-e60f1c02-c8aa-5777-a9d6-c7a31ea0e6a0,completed_in_time,43.59400000000005
b3-p3-adaptive,infra-smoke-89d7b99b-1e9a-57a4-ae91-8fffadce30e6,completed_in_time,43.60899999999947
b3-p3-adaptive,infra-smoke-c93860d5-8116-5c45-a292-08cf0aa7e567,completed_in_time,44.17199999999957
b3-p3-adaptive,infra-smoke-7d85ec69-9e66-546a-bf92-b9d9bd7e3549,completed_in_time,43.98400000000038
b3-p3-adaptive,infra-smoke-ad6ff86d-76e9-51bd-a91a-36b2cb1f6919,completed_in_time,44.32799999999952
b3-p3-adaptive,infra-smoke-6115e55b-e920-56ef-b044-ce1e8666e56e,completed_in_time,43.90599999999995
b3-p3-adaptive,infra-smoke-3120d801-3eb8-5335-b7ff-df8d4255ca2f,completed_in_time,44.09400000000005
b3-p3-adaptive,infra-smoke-d40c0d85-a466-50a3-b03b-949ef581b9ff,completed_in_time,44.07800000000043
b3-p3-adaptive,infra-smoke-7dffa69a-dc81-5758-a244-ac1ddf8faa82,completed_in_time,44.125
b3-p3-adaptive,infra-smoke-4e5d6fb9-4ff9-534c-bf4f-6d8ce648560c,completed_in_time,44.04699999999957
b3-p3-adaptive,infra-smoke-536f2587-4f63-57b4-bba3-8c4d437acffb,completed_in_time,44.09400000000005
b3-p3-adaptive,infra-smoke-af619706-79f9-580a-9756-af4ec8c810fc,completed_in_time,44.0
b3-p3-adaptive,infra-smoke-3557a53a-65e3-54b2-b322-a897ba17c5de,completed_in_time,44.07899999999972
b3-p3-adaptive,infra-smoke-af270716-86e4-59ef-9a70-995d4ba0f201,completed_in_time,44.54700000000048
b3-p3-adaptive,infra-smoke-2cded73b-2926-50b5-9f6a-125592451226,completed_in_time,44.60900000000038
b3-p3-adaptive,infra-smoke-601e9d77-f255-59f8-adf5-f9ed06539a2d,completed_in_time,44.34400000000005
b3-p3-adaptive,infra-smoke-bdac6aea-758e-59f4-8a30-57e15385f9fb,completed_in_time,44.53200000000015
b3-p3-adaptive,infra-smoke-900ee36d-f12e-5771-a93b-553f0beeacce,completed_in_time,44.23399999999947
b3-p3-adaptive,infra-smoke-0f24453c-3a6d-51c8-b378-6a9b0892b9ad,completed_in_time,44.88999999999942
b3-p3-adaptive,infra-smoke-340f0960-472d-5cd2-a85f-e28e34bf717e,completed_in_time,44.82800000000043
b3-p3-adaptive,infra-smoke-fa0c21fd-0db7-5ff0-a58a-dc653fea1586,completed_in_time,44.42200000000048
b3-p3-adaptive,infra-smoke-285f5006-4ddf-567b-a665-d262a7fb767a,completed_in_time,44.42200000000048
b3-p3-adaptive,infra-smoke-49cf8077-b374-5581-b3d2-9f111aa2703d,completed_in_time,44.625
b3-p3-adaptive,infra-smoke-f12bf75f-b105-5f38-a982-9240fefef826,completed_in_time,44.42200000000048
b3-p3-adaptive,infra-smoke-fe5c0e39-b66b-5b77-91e4-f9eba6076275,completed_in_time,44.79700000000048
b3-p3-adaptive,infra-smoke-a97a0720-b7b6-5009-b6d9-887fc52e616d,completed_in_time,44.90599999999995
b3-p3-adaptive,infra-smoke-c48ed426-332f-5012-87f2-a19cae96889d,completed_in_time,44.70300000000043
b3-p3-adaptive,infra-smoke-97bbed02-1118-5175-9590-34ad03f15ad5,completed_in_time,44.625
b3-p3-adaptive,infra-smoke-7944df4d-832a-52b5-ace0-b4502e49f867,completed_in_time,44.89099999999962
b3-p3-adaptive,infra-smoke-597ae903-fe40-545f-9fb4-beb24c7f7ede,completed_in_time,44.98399999999947
b3-p3-adaptive,infra-smoke-30eccdae-f753-5e6a-ad07-e906557597a7,completed_in_time,44.98400000000038
b3-p3-adaptive,infra-smoke-7203f12c-2298-5598-8762-e360fbe4ad96,completed_in_time,44.20300000000043
b3-p3-adaptive,infra-smoke-9027e86e-feaf-55dd-b82c-44ee8f374099,completed_in_time,44.79699999999957
b3-p3-adaptive,infra-smoke-d3494c01-bcf8-583a-83ef-e922b658c02c,completed_in_time,44.90599999999995
b3-p3-adaptive,infra-smoke-9f8f0e7b-9518-510b-a60a-05713d4820cb,completed_in_time,44.8130000000001
b3-p3-adaptive,infra-smoke-5e968f70-6ea1-5705-8eff-c56e7a223642,completed_in_time,44.90599999999995
b3-p3-adaptive,infra-smoke-bee56432-8e68-545b-89ef-bc1e191ff357,completed_in_time,45.09400000000005
b3-p3-adaptive,infra-smoke-93a25e44-459f-5571-b5cb-0323a36132a8,completed_in_time,45.21900000000005
b3-p3-adaptive,infra-smoke-8383c6f9-b1dc-5f97-a360-0755a51b10d7,completed_in_time,44.76600000000053
b3-p3-adaptive,infra-smoke-c0714dab-bb61-55e0-a12a-f3ce08ae6c94,completed_in_time,44.8130000000001
b3-p3-adaptive,infra-smoke-28460b2a-6bd2-582a-9277-89e4cce82eda,completed_in_time,44.73500000000058
b3-p3-adaptive,infra-smoke-d3349868-750b-5ffe-ab3d-46ae37dd5d31,completed_in_time,45.1869999999999
b3-p3-adaptive,infra-smoke-39c4be8e-1d98-5853-8706-fdb7d38d41cd,completed_in_time,44.9369999999999
b3-p3-adaptive,infra-smoke-173e9782-7b5d-5500-8183-102bea5add85,completed_in_time,45.01599999999962
b3-p3-adaptive,infra-smoke-93051031-e08b-5d16-b18f-b05784ade15d,completed_in_time,44.875
b3-p3-adaptive,infra-smoke-677b147b-bd55-5c98-8976-d0fe78537c7f,completed_in_time,45.09400000000005
b3-p3-adaptive,infra-smoke-54ac1ee1-1a19-5998-a50b-53fee12974a8,completed_in_time,45.70299999999952
b3-p3-adaptive,infra-smoke-407b4255-af0f-5e7a-819e-b8515d5702b7,completed_in_time,45.40700000000015
b3-p3-adaptive,infra-smoke-f7a8bb99-cc61-5f40-9048-55427cd9ca76,completed_in_time,44.875
b3-p3-adaptive,infra-smoke-b38f2889-3445-5859-9b36-9fb9db14a77b,completed_in_time,44.98399999999947
b3-p3-adaptive,infra-smoke-da21a823-9d21-55bf-81b3-f6978d56957a,completed_in_time,45.17200000000048
b3-p3-adaptive,infra-smoke-f99a5510-ad59-5a9c-be6e-c177c96ae83c,completed_in_time,45.39099999999962
b3-p3-adaptive,infra-smoke-818d0de5-0d10-56fe-bdaf-cdc5ff4573c6,completed_in_time,45.1880000000001
b3-p3-adaptive,infra-smoke-7390f878-fe27-552d-ba97-1f66d0e57dd2,completed_in_time,45.48400000000038
b3-p3-adaptive,infra-smoke-ca4c5cda-50bb-5203-8ca6-4c09393b3620,completed_in_time,45.39099999999962
b3-p3-adaptive,infra-smoke-76e6b7a6-f63f-53b0-9b5d-2554deeef112,completed_in_time,45.1869999999999
b3-p3-adaptive,infra-smoke-ab2774d2-90b3-5b96-94df-3d4a25d39f0c,completed_in_time,44.39099999999962
b3-p3-adaptive,infra-smoke-52cec26d-71b2-50bf-9fae-83dfb4fdb32f,completed_in_time,44.6880000000001
b3-p3-adaptive,infra-smoke-d021bd79-d44b-5179-8a83-8f41e456d5b6,completed_in_time,45.89000000000033
b3-p3-adaptive,infra-smoke-ea2a1028-f73d-5955-9863-22640a4c034c,completed_in_time,45.1880000000001
b3-p3-adaptive,infra-smoke-d58232fe-fc3e-5e41-9612-23ac8d7fc5c8,completed_in_time,45.1869999999999
b3-p3-adaptive,infra-smoke-c71020e7-853d-527e-be16-64b67078e710,completed_in_time,45.28099999999995
b3-p3-adaptive,infra-smoke-f26de28a-6689-59be-b08b-a7951a286313,completed_in_time,44.5
b3-p3-adaptive,infra-smoke-787cea0c-80e7-5f9f-830d-7cd178184da4,completed_in_time,44.82799999999952
b3-p3-adaptive,infra-smoke-6032b78b-7446-5205-9c92-afc97aebd3bd,completed_in_time,45.375
b3-p3-adaptive,infra-smoke-c64648fe-5411-54f7-8d0c-bb02170769b4,completed_in_time,45.65599999999995
b3-p3-adaptive,infra-smoke-cfd4c823-92c5-52bc-bc18-6ebef2bdbcff,completed_in_time,45.375
b3-p3-adaptive,infra-smoke-b379f156-935a-526e-9d57-58f253b46ef1,completed_in_time,45.5
b3-p3-adaptive,infra-smoke-5db8d082-e544-52bc-ac64-f4956b659287,completed_in_time,45.51600000000053
b3-p3-adaptive,infra-smoke-a4fe4ecb-fe77-507c-a267-8512ea8ed6eb,completed_in_time,45.8130000000001
b3-p3-adaptive,infra-smoke-69d68408-51d1-58ca-a231-17530edefdc8,completed_in_time,45.8130000000001
b3-p3-adaptive,infra-smoke-0d65c59b-976c-5074-bce4-8932db34280e,completed_in_time,44.90599999999995
b3-p3-adaptive,infra-smoke-66531945-486c-592b-8ce4-517a0723079a,completed_in_time,45.8119999999999
b3-p3-adaptive,infra-smoke-ca3ca1f2-8c6d-50db-ad56-524aa1f14b01,completed_in_time,45.5
b3-p3-adaptive,infra-smoke-795e4f5b-5574-5a34-9cc4-bd59516cc00c,completed_in_time,45.8119999999999
b3-p3-adaptive,infra-smoke-3d957315-5f43-58ca-8673-ba9ee93eb3b0,completed_in_time,45.78099999999995
b3-p3-adaptive,infra-smoke-c42558a3-5a54-5176-864d-6ef51d33fb18,completed_in_time,45.88999999999942
b3-p3-adaptive,infra-smoke-6b3843a4-5b91-56c9-ba58-c37c40770b8d,completed_in_time,45.20299999999952
b3-p3-adaptive,infra-smoke-e94fc140-6bb1-5d6b-9fb3-01bbcea18320,completed_in_time,45.90700000000015
b3-p3-adaptive,infra-smoke-118cccc7-874e-5d90-b4f7-e73000b65c0d,completed_in_time,46.26600000000053
b3-p3-adaptive,infra-smoke-382d7a8a-5fae-5813-b2b8-5ad45e05c27e,completed_in_time,45.90599999999995
b3-p3-adaptive,infra-smoke-b3ade55c-10f4-5a20-826a-e697d114240a,completed_in_time,46.01599999999962
b3-p3-adaptive,infra-smoke-94dc9043-7ca4-5767-a842-240f00706599,completed_in_time,46.1869999999999
b3-p3-adaptive,infra-smoke-5047c03d-7ae6-5dfb-8761-9b3745cbc6ea,completed_in_time,46.29699999999957
b3-p3-adaptive,infra-smoke-dea7ff5a-f40c-5a71-9570-59025f17a12c,completed_in_time,46.29699999999957
b3-p3-adaptive,infra-smoke-65973168-33f4-5626-8cb9-aad4cee5177e,completed_in_time,46.39099999999962
b3-p3-adaptive,infra-smoke-d2a77c84-c16b-5264-9a44-1d15e4b981d8,completed_in_time,46.5
b3-p3-adaptive,infra-smoke-55426901-11af-5bce-a91d-f787209b0c69,completed_in_time,46.17200000000048
b3-p3-adaptive,infra-smoke-14001932-9f90-5f95-81c6-d46d27ac7297,completed_in_time,46.20300000000043
b3-p3-adaptive,infra-smoke-53333ed1-b358-5ca8-96da-08a8e8ba2ec7,completed_in_time,46.35899999999947
b3-p3-adaptive,infra-smoke-87497d14-ba7e-55b3-998e-db12672aaf1a,completed_in_time,45.85999999999967
b3-p3-adaptive,infra-smoke-b2ea1829-b69e-5743-9233-6d6fe01429d7,completed_in_time,46.32799999999952
b3-p3-adaptive,infra-smoke-dac26140-eea2-524b-9b00-fc9e9042b83d,completed_in_time,46.48400000000038
b3-p3-adaptive,infra-smoke-703542ab-b978-5e62-a00a-7d8810242e1f,completed_in_time,46.45300000000043
b3-p3-adaptive,infra-smoke-3644e4e8-58cd-5fb4-960a-9dc19ec69566,completed_in_time,46.6869999999999
b3-p3-adaptive,infra-smoke-f61b516b-081f-511c-81f1-b166f91334f5,completed_in_time,46.67199999999957
b3-p3-adaptive,infra-smoke-d9816b24-bbdf-5159-a9c7-9fee7576d4a8,completed_in_time,46.78099999999995
b3-p3-adaptive,infra-smoke-f256960a-3349-5b09-85b0-9bde5ac06ea6,completed_in_time,46.70300000000043
b3-p3-adaptive,infra-smoke-5fcea130-e2ef-5167-a3b8-9bcbd831519b,completed_in_time,46.60999999999967
b3-p3-adaptive,infra-smoke-9d28766e-627e-5c32-8a05-acd697844542,completed_in_time,46.82899999999972
b3-p3-adaptive,infra-smoke-6ced9af0-2133-57e9-b405-293a9280e0a1,completed_in_time,46.51599999999962
b3-p3-adaptive,infra-smoke-980b99fe-724c-511c-957e-2c342847b406,completed_in_time,46.78099999999995
b3-p3-adaptive,infra-smoke-3a0ddb8f-9ac8-5925-aefa-c57706b8810b,completed_in_time,46.23499999999967
b3-p3-adaptive,infra-smoke-a6f14890-fc95-5979-a76c-c46cf56d5208,completed_in_time,46.42199999999957
b3-p3-adaptive,infra-smoke-5c1cb3f3-7181-5c73-86c8-010d0d0613ec,completed_in_time,46.59299999999985
b3-p3-adaptive,infra-smoke-724a627f-314f-5eef-963f-fa97ef66cc07,completed_in_time,46.625
b3-p3-adaptive,infra-smoke-ec084184-8f38-578a-9ae0-409e31f1eac5,completed_in_time,46.39000000000033
b3-p3-adaptive,infra-smoke-91bdf1ed-7a4e-577e-8a8d-ffaa71ef2d77,completed_in_time,46.6869999999999
b3-p3-adaptive,infra-smoke-d4a97600-f295-5a13-872d-6870b03fa5aa,completed_in_time,46.79699999999957
b3-p3-adaptive,infra-smoke-30f9b24a-9be9-5074-82f9-2cea2fcbb264,completed_in_time,46.71900000000005
b3-p3-adaptive,infra-smoke-7646ba52-d2a0-5d99-9bf0-6b0cdc128763,completed_in_time,46.70399999999972
b3-p3-adaptive,infra-smoke-569b14c4-15d5-5644-885a-2cd9c80520b6,completed_in_time,46.90599999999995
b3-p3-adaptive,infra-smoke-484a7bea-dc74-5d72-8e7b-fa06e4d8013f,completed_in_time,46.84299999999985
b3-p3-adaptive,infra-smoke-1caf3c98-6bc2-5138-9e02-c48defb16813,completed_in_time,47.1869999999999
b3-p3-adaptive,infra-smoke-1861a80f-28a3-5bc3-bf1d-7a0e61c2119e,completed_in_time,47.70300000000043
b3-p3-adaptive,infra-smoke-515b6c80-c62e-5173-9294-9eebc251e445,completed_in_time,47.375
b3-p3-adaptive,infra-smoke-9af513fe-ab21-5a22-9d62-6f2d087a0369,completed_in_time,47.3130000000001
b3-p3-adaptive,infra-smoke-c54f9be1-b982-509b-9428-a26e09833636,completed_in_time,47.07799999999952
b3-p3-adaptive,infra-smoke-07ed6b43-0ecd-57d6-afbc-12353d9cda15,completed_in_time,47.40700000000015
b3-p3-adaptive,infra-smoke-bf39600e-c8cd-5bc9-88b0-6f1361949ae3,completed_in_time,47.92199999999957
b3-p3-adaptive,infra-smoke-5dff665f-9d75-59f1-9447-2ce4b409e9aa,completed_in_time,47.10899999999947
b3-p3-adaptive,infra-smoke-8d0db453-4fdf-5f8d-b1cf-cffd067d46e8,completed_in_time,47.51500000000033
b3-p3-adaptive,infra-smoke-e9c0053e-eaae-52cb-a596-2693955b82ca,completed_in_time,47.5
b3-p3-adaptive,infra-smoke-d7546477-8ddd-57e7-8273-f5444cac233e,completed_in_time,47.21799999999985
b3-p3-adaptive,infra-smoke-db85a681-69ab-5c3f-b1ca-6549ae199376,completed_in_time,47.39099999999962
b3-p3-adaptive,infra-smoke-b2a419f1-f88d-53b0-a1cd-19b843ded609,completed_in_time,47.64099999999962
b3-p3-adaptive,infra-smoke-027c4175-2352-5b56-b693-5b4ac9c6357b,completed_in_time,47.39100000000053
b3-p3-adaptive,infra-smoke-60768528-6025-5614-8733-b1b29e092cbc,completed_in_time,47.46900000000005
b3-p3-adaptive,infra-smoke-d5f4104e-4f11-5ec0-a187-5a9885a2a972,completed_in_time,47.54699999999957
b3-p3-adaptive,infra-smoke-a797eaa4-8449-519d-96b9-2306bad96b0b,completed_in_time,48.09299999999985
b3-p3-adaptive,infra-smoke-05e6f714-3e4d-5f76-bd7a-aca151d0cbb4,completed_in_time,47.89099999999962
b3-p3-adaptive,infra-smoke-6c407c77-561f-5004-9403-4d6a67e7a83a,completed_in_time,47.79699999999957
b3-p3-adaptive,infra-smoke-9446b1ef-fb51-5926-9a80-1f1f7cda0e40,completed_in_time,47.70299999999952
b3-p3-adaptive,infra-smoke-197abbd9-2664-54ad-b85f-35281fa7e6cc,completed_in_time,47.625
b3-p3-adaptive,infra-smoke-03300954-3d04-5d69-9d08-c1a81e19abfb,completed_in_time,48.0
b3-p3-adaptive,infra-smoke-c1cbb9c3-e7e1-51e0-b118-fe60c6e8e375,completed_in_time,47.8130000000001
b3-p3-adaptive,infra-smoke-0ca5712c-a9b5-55df-becb-29ae89824c27,completed_in_time,47.92199999999957
b3-p3-adaptive,infra-smoke-ce8f12b1-331e-5cc3-82cb-393d1d1e8a99,completed_in_time,47.70299999999952
b3-p3-adaptive,infra-smoke-0a369eb1-8e4f-568f-8956-d646dd85314c,completed_in_time,47.625
b3-p3-adaptive,infra-smoke-7ea44411-4191-5caa-8b32-4f387ca9e90b,completed_in_time,47.89099999999962
b3-p3-adaptive,infra-smoke-3b3c5f9b-4212-5af3-8cfc-37ed3932a27a,completed_in_time,47.79699999999957
b3-p3-adaptive,infra-smoke-25ccf302-293c-5c1c-8e9a-61d96fec1a2e,completed_in_time,47.73399999999947
b3-p3-adaptive,infra-smoke-60b2a654-8d7e-525e-850b-cb6df01101d5,completed_in_time,47.79700000000048
b3-p3-adaptive,infra-smoke-80ecbe4e-ce8b-515e-9550-e8d767831660,completed_in_time,47.625
b3-p3-adaptive,infra-smoke-1e0cc1f8-2393-5b52-bad7-9bd3f5b19220,completed_in_time,47.71900000000005
b3-p3-adaptive,infra-smoke-d8a1527d-571b-59e8-a6f3-8505d361ae7d,completed_in_time,47.71900000000005
b3-p3-adaptive,infra-smoke-259572d2-191d-5bf0-b03c-9045900a28fd,completed_in_time,47.70299999999952
b3-p3-adaptive,infra-smoke-f85bbec4-a822-5791-a7b4-d9d575c97ba6,completed_in_time,49.07799999999952
b3-p3-adaptive,infra-smoke-f263ef38-de53-5d10-8a0a-cab41af1737f,completed_in_time,48.90700000000015
b3-p3-adaptive,infra-smoke-e0d24735-c315-51af-b3a5-6050330b0629,completed_in_time,48.23399999999947
b3-p3-adaptive,infra-smoke-ea40242e-c097-50e1-a562-8f53501fed24,completed_in_time,48.1880000000001
b3-p3-adaptive,infra-smoke-53017504-fa6a-5cc8-bb63-8775b4c2163f,completed_in_time,48.09400000000005
b3-p3-adaptive,infra-smoke-3179e75e-0995-5a6f-b9c7-7990f0ca80f5,completed_in_time,47.92200000000048
b3-p3-adaptive,infra-smoke-b3b39443-00dd-5dff-b36e-17cf07b2454f,completed_in_time,48.17199999999957
b3-p3-adaptive,infra-smoke-f5432e7f-c717-5f83-aec6-8d7600d202ca,completed_in_time,47.92199999999957
b3-p3-adaptive,infra-smoke-4b806b41-de0d-5044-ad7d-7823632765ca,completed_in_time,48.125
b3-p3-adaptive,infra-smoke-98d931d6-8225-55a8-af19-112f96a240fc,completed_in_time,47.71799999999985
b3-p3-adaptive,infra-smoke-b49f79eb-753c-5c19-9c4b-a4ec1bc3be6c,completed_in_time,48.01599999999962
b3-p3-adaptive,infra-smoke-15f31689-44c4-525c-817c-eab406f34be8,completed_in_time,47.98499999999967
b3-p3-adaptive,infra-smoke-853f5376-4469-5ad0-bb03-ff383c278d1f,completed_in_time,47.86000000000058
b3-p3-adaptive,infra-smoke-5566df42-77df-5651-a5af-06d26815b67f,completed_in_time,47.84400000000005
b3-p3-adaptive,infra-smoke-ac649c06-2a2a-53dc-b6e1-931ac37e3bc4,completed_in_time,47.70300000000043
b3-p3-adaptive,infra-smoke-c07b3b97-de8b-5665-9372-6e6bc995d842,completed_in_time,47.51600000000053
b3-p3-adaptive,infra-smoke-dd71bbf8-ab28-5d5d-aaff-993a4418a6b5,completed_in_time,48.82799999999952
b3-p3-adaptive,infra-smoke-c1f6dd13-5dc1-51b4-b968-35f79c3aa767,completed_in_time,48.60900000000038
b3-p3-adaptive,infra-smoke-6b138d66-b74c-545a-a533-6f0acc392c9b,completed_in_time,48.5
b3-p3-adaptive,infra-smoke-09d9dd83-4618-57ec-8b93-3941e7b6a6d1,completed_in_time,48.57800000000043
b3-p3-adaptive,infra-smoke-02db39e4-f83b-5e82-803d-b2351d9aa117,completed_in_time,48.09400000000005
b3-p3-adaptive,infra-smoke-5f60cf5e-fbf9-57b6-95c0-7bf2080f76be,completed_in_time,48.17200000000048
b3-p3-adaptive,infra-smoke-c64165ab-97fc-5849-9dc9-379d95fd502b,completed_in_time,48.53099999999995
b3-p3-adaptive,infra-smoke-d2d2dc8d-c244-5e2d-8de0-e2d3f08c7a43,completed_in_time,48.78099999999995
b3-p3-adaptive,infra-smoke-6d7041a5-c715-5c98-b66f-2b5bc3ad6f1d,completed_in_time,48.59299999999985
b3-p3-adaptive,infra-smoke-db43414b-c0ef-5121-a569-61fba1c38c86,completed_in_time,48.09299999999985
b3-p3-adaptive,infra-smoke-5d0891f0-347f-533a-9eaa-0e9412ea06d4,completed_in_time,48.3130000000001
b3-p3-adaptive,infra-smoke-fde90982-b2af-57ab-8720-d9f0e2b60be0,completed_in_time,48.0
b3-p3-adaptive,infra-smoke-1563e3df-91a6-5eab-a9b2-7b8a8ee60bf0,completed_in_time,48.29699999999957
b3-p3-adaptive,infra-smoke-d255cf41-4785-5b00-8c87-5db5df80a64a,completed_in_time,48.40599999999995
b3-p3-adaptive,infra-smoke-5fc2be1f-c418-5acc-b181-cf7f204658e0,completed_in_time,47.98400000000038
b3-p3-adaptive,infra-smoke-713c91ca-ccfd-5ca1-9161-78fc6815e42c,completed_in_time,48.375
b3-p3-adaptive,infra-smoke-e5f4af47-6244-577d-9f08-4ace679a6bed,completed_in_time,48.40599999999995
b3-p3-adaptive,infra-smoke-78c48b16-b8cd-58ac-be4e-ecf0ea9fe9e0,completed_in_time,48.70299999999952
b3-p3-adaptive,infra-smoke-3c2f21d0-5fdb-5499-9d44-0bab9a3ee434,completed_in_time,49.03200000000015
b3-p3-adaptive,infra-smoke-77455e69-a87f-5094-83c8-5afb78505e8a,completed_in_time,48.70300000000043
b3-p3-adaptive,infra-smoke-ea29c7fb-3dc0-5f15-a096-45f310fcaa77,completed_in_time,48.875
b3-p3-adaptive,infra-smoke-cfa4a03b-3865-5725-83ab-448fad2447d1,completed_in_time,48.42199999999957
b3-p3-adaptive,infra-smoke-286f4355-ad40-58ae-96e9-b9cf39261920,completed_in_time,48.92199999999957
b3-p3-adaptive,infra-smoke-292115b0-92e4-5301-9c73-ad48b5a53848,completed_in_time,48.90599999999995
b3-p3-adaptive,infra-smoke-9fd605ae-338e-53a2-abb4-1c5df0879872,completed_in_time,48.79700000000048
b3-p3-adaptive,infra-smoke-9c535d66-44b7-5255-8dcb-b25f4afee932,completed_in_time,49.125
b3-p3-adaptive,infra-smoke-a2d1b6e0-2f2c-5a2a-8a31-770a4c7e10ca,completed_in_time,48.875
b3-p3-adaptive,infra-smoke-53678805-c144-57e7-92db-86a1f9da547a,completed_in_time,48.89099999999962
b3-p3-adaptive,infra-smoke-b66aca73-d5e0-5846-bb55-0f4b02a1dcb1,completed_in_time,48.82800000000043
b3-p3-adaptive,infra-smoke-3f7734bc-203b-52b0-9b78-1d1e8719ddfb,completed_in_time,49.1869999999999
b3-p3-adaptive,infra-smoke-16ba656c-1921-549b-abdc-981d96ac0497,completed_in_time,48.8119999999999
b3-p3-adaptive,infra-smoke-62783341-37e4-5b25-8d49-105454f5fd0e,completed_in_time,48.8130000000001
b3-p3-adaptive,infra-smoke-f361f38f-eb45-554e-a953-90024cb19064,completed_in_time,49.17199999999957
b3-p3-adaptive,infra-smoke-9c2f6245-a652-51af-a8b9-1e7b8d62527e,completed_in_time,49.10900000000038
b3-p3-adaptive,infra-smoke-8220a25b-e0c7-5adc-92bc-93c71d942f55,completed_in_time,49.29699999999957
b3-p3-adaptive,infra-smoke-3c6ce6e7-2781-51d3-bfb6-3b746dcb2fae,completed_in_time,48.79600000000028
b3-p3-adaptive,infra-smoke-cc5d3d26-6f19-5fd4-89f8-cd5e8b324c95,completed_in_time,49.20300000000043
b3-p3-adaptive,infra-smoke-46e22706-e3ce-5891-9f13-77781a06d91a,completed_in_time,49.23500000000058
b3-p3-adaptive,infra-smoke-23ef2a8b-0009-5ba0-96b6-454e092f2a47,completed_in_time,49.39100000000053
b3-p3-adaptive,infra-smoke-633dbf6c-80d6-5c67-8322-76702aed2ff7,completed_in_time,49.3130000000001
b3-p3-adaptive,infra-smoke-bc568246-bc06-57eb-bcfa-aecb9ba852e4,completed_in_time,49.42199999999957
b3-p3-adaptive,infra-smoke-68339698-e00f-5024-80b8-9b558d13f371,completed_in_time,49.32899999999972
b3-p3-adaptive,infra-smoke-5a4a212f-2f5f-5a4e-a00d-422add04fd3f,completed_in_time,49.29699999999957
b3-p3-adaptive,infra-smoke-b5922a1a-769e-5b5b-93e6-316455445a55,completed_in_time,49.1869999999999
b3-p3-adaptive,infra-smoke-75ca60e8-7a93-5622-89f3-eb4062ec9f9a,completed_in_time,49.51499999999942
b3-p3-adaptive,infra-smoke-790b3b65-4148-52a6-9677-64485a097a81,completed_in_time,49.6869999999999
b3-p3-adaptive,infra-smoke-77f49df6-2fd6-54c7-be9b-4b4e3108aa59,completed_in_time,48.79699999999957
b3-p3-adaptive,infra-smoke-92c587ca-f850-502d-9d1a-478d90c75124,completed_in_time,49.76600000000053
b3-p3-adaptive,infra-smoke-88873f24-9c8c-5b13-b5c3-5edb2b2d1311,completed_in_time,49.39099999999962
b3-p3-adaptive,infra-smoke-cebf0a22-09e0-5f7e-9439-2e3cb738bfb2,completed_in_time,48.6869999999999
b3-p3-adaptive,infra-smoke-3347149b-cfff-54c7-a7e8-72c6a3b8b5b9,completed_in_time,49.35900000000038
b3-p3-adaptive,infra-smoke-978da31a-aac3-5422-aec0-51fc3659fd1f,completed_in_time,49.23400000000038
b3-p3-adaptive,infra-smoke-8fe39711-4767-521d-9703-624b170c711f,completed_in_time,49.1880000000001
b3-p3-adaptive,infra-smoke-e4ef9da7-e5fa-59e5-b8a1-ae7e1cde8744,completed_in_time,49.5
b3-p3-adaptive,infra-smoke-746e03df-88e9-57ea-97c8-bc6d0b32b69d,completed_in_time,49.60900000000038
b3-p3-adaptive,infra-smoke-8a856b80-65bf-5a52-ba52-832b560d4d10,completed_in_time,49.39099999999962
b3-p3-adaptive,infra-smoke-f63d18db-5dd5-564e-a1ff-2b737caa3fd9,completed_in_time,49.39000000000033
b3-p3-adaptive,infra-smoke-9245f19d-b661-5a79-a72c-5eb89d66f8bf,completed_in_time,49.40700000000015
b3-p3-adaptive,infra-smoke-0bed4771-e5c2-52d7-9bb6-d956c7dbb36f,completed_in_time,48.375
b3-p3-adaptive,infra-smoke-40c820a3-d45e-5cd3-b7f2-21f8998af0e0,completed_in_time,48.76599999999962
b3-p3-adaptive,infra-smoke-775cb232-e76d-557a-bc52-cc563e4b97e6,completed_in_time,48.625
b3-p3-adaptive,infra-smoke-91bc1868-06c1-5340-bbcf-f1f83c1a3230,completed_in_time,49.5
b3-p3-adaptive,infra-smoke-b0822423-8950-555d-b3cb-9ce8a1550459,completed_in_time,49.39000000000033
b3-p3-adaptive,infra-smoke-73bfb102-49e6-5347-88fe-60049f1b2f28,completed_in_time,50.0
b3-p3-adaptive,infra-smoke-69b750ea-672d-5bfc-924c-a55daa062630,completed_in_time,49.07800000000043
b3-p3-adaptive,infra-smoke-73c54275-8a1f-5a98-ac8a-3974e965095b,completed_in_time,49.51599999999962
b3-p3-adaptive,infra-smoke-6e2e81de-05bb-5582-b211-c0244153b6c3,completed_in_time,49.26500000000033
b3-p3-adaptive,infra-smoke-82a305e7-3d4a-5876-a79b-d950269e6dc2,completed_in_time,48.79699999999957
b3-p3-adaptive,infra-smoke-26360f54-b152-5aae-a329-3503a18db043,completed_in_time,49.51599999999962
b3-p3-adaptive,infra-smoke-4a6e4af6-5f6e-52f0-bcc4-c9391c79bf59,completed_in_time,49.89100000000053
b3-p3-adaptive,infra-smoke-f41992d5-eced-5a91-8f95-69b47f56415f,completed_in_time,49.5
b3-p3-adaptive,infra-smoke-a9757fd6-352a-50a6-b44a-34f6fb1df69c,completed_in_time,49.46799999999985
b3-p3-adaptive,infra-smoke-8e247b0e-453f-573e-b97f-fccba57ef827,completed_in_time,49.78200000000015
b3-p3-adaptive,infra-smoke-d107d46c-b400-537c-a88f-f098e76fc137,completed_in_time,49.5619999999999
b3-p3-adaptive,infra-smoke-1c669bd5-d7b6-5d9f-832c-5c3e36e0dc6f,completed_in_time,49.29699999999957
b3-p3-adaptive,infra-smoke-a911297c-65b8-5b55-8fcb-538a2f56ff5a,completed_in_time,49.3130000000001
b3-p3-adaptive,infra-smoke-3923206b-d4b4-5fa5-9930-3bb888db23f6,completed_in_time,49.60999999999967
b3-p3-adaptive,infra-smoke-c904ca71-5d84-576e-abf9-c9dd3c202bc8,completed_in_time,49.875
b3-p3-adaptive,infra-smoke-de63fcf9-10d9-53d0-811d-55ef78452de4,completed_in_time,49.6869999999999
b3-p3-adaptive,infra-smoke-cdb4eb79-034a-5cd7-b46b-e876ccfb7846,completed_in_time,50.76599999999962
b3-p3-adaptive,infra-smoke-6d9f5d05-1006-5ff5-a06a-3dfa3673bcdb,completed_in_time,49.29699999999957
b3-p3-adaptive,infra-smoke-b804d7fb-2d0c-52f9-8120-ef2ca3d3fb1d,completed_in_time,49.78099999999995
b3-p3-adaptive,infra-smoke-13189098-6d5a-515a-bca7-9113f35cc712,completed_in_time,49.6869999999999
b3-p3-adaptive,infra-smoke-be9652df-9b92-51af-aa73-39cc7f523868,completed_in_time,49.90599999999995
b3-p3-adaptive,infra-smoke-56bb01f6-9530-5d1c-9678-0e0cdf357ede,completed_in_time,49.32799999999952
b3-p3-adaptive,infra-smoke-a3856f9b-d347-5126-badb-cb9de6bcb847,completed_in_time,49.48499999999967
b3-p3-adaptive,infra-smoke-f59c45a0-0d46-5bb9-9782-2169683e9834,completed_in_time,50.0
b3-p3-adaptive,infra-smoke-7288dcd4-3938-59fd-bc76-2dbf41d2425e,completed_in_time,50.17199999999957
b3-p3-adaptive,infra-smoke-094166c1-6703-5e70-bcea-1c697bf2a844,completed_in_time,49.89100000000053
b3-p3-adaptive,infra-smoke-da77499b-77a2-5fe1-9115-3ed4b5df1e0d,completed_in_time,49.98399999999947
b3-p3-adaptive,infra-smoke-f12b183f-837e-5754-938d-ec2f476c6f12,completed_in_time,49.79699999999957
b3-p3-adaptive,infra-smoke-92003ab4-bc39-5f15-a55e-e660d8a709a7,completed_in_time,50.03099999999995
b3-p3-adaptive,infra-smoke-40bb9750-4bbc-5cac-abdd-89b10a40bde3,completed_in_time,49.98399999999947
b3-p3-adaptive,infra-smoke-8994da35-d1b4-5c68-88ec-60483b7b79cf,completed_in_time,50.39099999999962
b3-p3-adaptive,infra-smoke-035e182a-81e3-5c44-9cf8-4c7403f3666d,completed_in_time,50.09400000000005
b3-p3-adaptive,infra-smoke-b00dd81f-dfb2-52a8-aa76-1a8595611d3a,completed_in_time,50.29700000000048
b3-p3-adaptive,infra-smoke-cb3641e8-05fd-5ffd-98f8-dbe7a888f747,completed_in_time,50.46799999999985
b3-p3-adaptive,infra-smoke-864d81ea-c5cb-5900-863a-1cee9b61d539,completed_in_time,50.90599999999995
b3-p3-adaptive,infra-smoke-f07ec285-28ff-5d88-a7c1-1a7ab783544d,completed_in_time,50.9380000000001
b3-p3-adaptive,infra-smoke-571f387a-a9c0-5b19-9ba9-5733ae9b43e2,completed_in_time,50.4369999999999
b3-p3-adaptive,infra-smoke-5cba8836-800e-5c14-b303-c31d89427652,completed_in_time,50.40599999999995
b3-p3-adaptive,infra-smoke-fdb96b96-8972-5922-9124-117ae782b64a,completed_in_time,50.82800000000043
b3-p3-adaptive,infra-smoke-bc8dbace-9af2-5564-8241-ddf5536ea4a2,completed_in_time,50.70299999999952
b3-p3-adaptive,infra-smoke-285cb661-ebe9-5666-a5f7-375b9d47d160,completed_in_time,50.96900000000005
b3-p3-adaptive,infra-smoke-8fdad31b-d670-5db2-9a09-4fccc3f74bec,completed_in_time,50.73500000000058
b3-p3-adaptive,infra-smoke-d3a28898-d40e-554a-9a93-cf6ec4d663e7,completed_in_time,51.09299999999985
b3-p3-adaptive,infra-smoke-ada80817-b3e0-5a33-b393-88bb29fb43b5,completed_in_time,50.71900000000005
b3-p3-adaptive,infra-smoke-261f6cee-c2a0-50c9-bcbf-891c5465631f,completed_in_time,50.71799999999985
b3-p3-adaptive,infra-smoke-94acef3a-49f3-55b5-9259-d8342953f28d,completed_in_time,50.92200000000048
b3-p3-adaptive,infra-smoke-c8d17061-d8e3-52f6-9cf0-b3371353c6cc,completed_in_time,50.71900000000005
b3-p3-adaptive,infra-smoke-69343fc6-9482-50e3-a5b9-3394949b25d7,completed_in_time,51.125
b3-p3-adaptive,infra-smoke-35d41178-dbb1-542b-92b9-68d31777a852,completed_in_time,51.10900000000038
b3-p3-adaptive,infra-smoke-9e1c1118-3799-5db6-99ca-a422f7647035,completed_in_time,51.07800000000043
b3-p3-adaptive,infra-smoke-a81e1bb0-a1db-5b34-abc8-ab9e9972ad22,completed_in_time,51.3130000000001
b3-p3-adaptive,infra-smoke-b1f273ec-535b-5e6f-b2e8-d9070aa5bce0,completed_in_time,51.71900000000005
b3-p3-adaptive,infra-smoke-c5aee0d2-7acd-5974-948d-692aa59c9af9,completed_in_time,51.21900000000005
b3-p3-adaptive,infra-smoke-478f9b44-ce4d-5db0-ad96-0617dae2ecde,completed_in_time,51.125
b3-p3-adaptive,infra-smoke-ee61a7b8-074c-5dd2-b181-e4da9264c0c9,completed_in_time,51.51500000000033
b3-p3-adaptive,infra-smoke-0c71d466-0718-56a5-a171-d6e79b55d966,completed_in_time,51.09400000000005
b3-p3-adaptive,infra-smoke-c1ae4954-312d-5997-a76a-a5ea13b9eb7d,completed_in_time,51.5
b3-p3-adaptive,infra-smoke-9f9ee6d7-1df4-5728-93ab-27c65bff63ec,completed_in_time,51.26500000000033
b3-p3-adaptive,infra-smoke-2222d65a-2cef-5e17-aa6a-3410164474dc,completed_in_time,51.10999999999967
b3-p3-adaptive,infra-smoke-0e129f48-7dcf-564f-befc-1b98170651d8,completed_in_time,51.625
b3-p3-adaptive,infra-smoke-1f7d475b-f849-52dc-90e0-73cd94c1770b,completed_in_time,51.51599999999962
b3-p3-adaptive,infra-smoke-712a1f88-4c54-57e1-8b95-3b95b7b355f9,completed_in_time,51.4380000000001
b3-p3-adaptive,infra-smoke-40f6fa42-49e1-5d6f-87ac-0ea155c87595,completed_in_time,51.42200000000048
b3-p3-adaptive,infra-smoke-acfc189b-e9c0-5171-bc15-210a7bd8b1a1,completed_in_time,51.32899999999972
b3-p3-adaptive,infra-smoke-b8aecba7-c758-518c-9fee-bec233c3d55f,completed_in_time,51.48499999999967
b3-p3-adaptive,infra-smoke-750e05f5-767a-557d-9e25-7389e820d997,completed_in_time,51.26599999999962
b3-p3-adaptive,infra-smoke-2c3faa5b-16c3-5e6d-87d6-671a3e8a35b4,completed_in_time,51.59400000000005
b3-p3-adaptive,infra-smoke-8c3ced51-0d64-518f-8061-6dc71f1ac82b,completed_in_time,52.01599999999962
b3-p3-adaptive,infra-smoke-55afb4d9-895c-5968-91db-b6b5ba00c495,completed_in_time,51.78200000000015
b3-p3-adaptive,infra-smoke-2f341023-7c9c-5c58-9c3a-70e2dc341ae4,completed_in_time,51.6880000000001
b3-p3-adaptive,infra-smoke-ec8c8918-7125-57a1-8d7f-3969b2ed6824,completed_in_time,51.70300000000043
b3-p3-adaptive,infra-smoke-aa1c968a-360a-5a7a-955d-1a218c4805cf,completed_in_time,51.64099999999962
b3-p3-adaptive,infra-smoke-6e633028-2287-585c-af95-56b61147e16c,completed_in_time,51.39099999999962
b3-p3-adaptive,infra-smoke-52f444e3-2196-572d-93aa-0306ac25c1ec,completed_in_time,51.65599999999995
b3-p3-adaptive,infra-smoke-49fc6593-cddd-5980-85df-4f709bb429be,completed_in_time,51.70299999999952
b3-p3-adaptive,infra-smoke-016ff77f-e1d9-548e-8aa2-21783889f4ad,completed_in_time,52.375
b3-p3-adaptive,infra-smoke-68afbb05-7ba4-5b97-a07b-531586160230,completed_in_time,51.57799999999952
b3-p3-adaptive,infra-smoke-72a93ab2-59ee-57c3-9f63-b7bfd44fc666,completed_in_time,50.96799999999985
b3-p3-adaptive,infra-smoke-84c52932-a1e4-5443-b36b-0b46584b4514,completed_in_time,51.98499999999967
b3-p3-adaptive,infra-smoke-b4f5fd70-54bc-5fbf-902f-a6129f1d5a8c,completed_in_time,51.57800000000043
b3-p3-adaptive,infra-smoke-41451297-8bc1-552b-bf21-280f6438c0ea,completed_in_time,51.5630000000001
b3-p3-adaptive,infra-smoke-0a3a02d2-004b-598f-a818-5939416dc209,completed_in_time,51.64099999999962
b3-p3-adaptive,infra-smoke-06d0b05d-c2fc-5839-af50-60a0e777a479,completed_in_time,52.03200000000015
b3-p3-adaptive,infra-smoke-c59e2206-d6a5-5110-be2f-202617c75a50,completed_in_time,51.90599999999995
b3-p3-adaptive,infra-smoke-6282f3b9-1d97-5564-b554-2849bb9afb65,completed_in_time,52.28099999999995
b3-p3-adaptive,infra-smoke-abbce5e3-fcf1-59f4-9978-243b80b8bca4,completed_in_time,52.1869999999999
b3-p3-adaptive,infra-smoke-789f2ad7-cf70-5d29-8ebe-67318f2f97e4,completed_in_time,51.60899999999947
b3-p3-adaptive,infra-smoke-158c1e71-d958-5bc6-a37e-4078e385b29a,completed_in_time,51.42200000000048
b3-p3-adaptive,infra-smoke-2afe6ca0-2e83-5265-a818-d14e86ae8035,completed_in_time,51.70300000000043
b3-p3-adaptive,infra-smoke-c4611725-1464-5a48-abaf-217ebc7eee5e,completed_in_time,51.79600000000028
b3-p3-adaptive,infra-smoke-da8955af-115c-5b55-96b9-1a1df0cd7124,completed_in_time,51.51500000000033
b3-p3-adaptive,infra-smoke-8481fd8e-8049-5f80-b647-b3864d2c65aa,completed_in_time,52.11000000000058
b3-p3-adaptive,infra-smoke-79b55776-961f-51d3-8f1c-662c04923a4f,completed_in_time,52.28099999999995
b3-p3-adaptive,infra-smoke-e395073a-6dbd-5fe9-8439-1bf61e5dca5c,completed_in_time,52.21900000000005
b3-p3-adaptive,infra-smoke-a4220f36-b079-5a64-9283-e3c822fa2ded,completed_in_time,52.3119999999999
b3-p3-adaptive,infra-smoke-399b4c7b-0afb-5b64-9245-29200cc9c4f7,completed_in_time,52.28099999999995
b3-p3-adaptive,infra-smoke-637814ff-0cda-517e-933e-3811fdddc65e,completed_in_time,51.82799999999952
b3-p3-adaptive,infra-smoke-50305430-92dc-5244-8365-b74eafed7d74,completed_in_time,51.57800000000043
b3-p3-adaptive,infra-smoke-b91f4f32-59be-5aba-bf88-747252ae3cf6,completed_in_time,51.71799999999985
b3-p3-adaptive,infra-smoke-d3d5eb69-5199-5536-a156-58fd2026c855,completed_in_time,52.375
b3-p3-adaptive,infra-smoke-2f6cc962-9959-5148-9ce3-8a25602956a6,completed_in_time,52.21900000000005
b3-p3-adaptive,infra-smoke-eafa0dab-3d5e-5b9e-9f65-f9ef7ad275e9,completed_in_time,51.70300000000043
b3-p3-adaptive,infra-smoke-c6e6f032-2f70-5467-828a-cffa5d25444a,completed_in_time,52.1880000000001
b3-p3-adaptive,infra-smoke-21fccdbb-efbf-5d67-8b32-fa3699af6eb8,completed_in_time,52.07799999999952
b3-p3-adaptive,infra-smoke-6684bd5a-4d6d-5c71-a46a-717a73a54283,completed_in_time,52.20299999999952
b3-p3-adaptive,infra-smoke-93302e3d-b44b-5ce0-8fd2-88f7e722dfb9,completed_in_time,52.59400000000005
b3-p3-adaptive,infra-smoke-2f771e4d-06d9-55f9-9fbf-5f2a9e0f3b49,completed_in_time,52.53099999999995
b3-p3-adaptive,infra-smoke-29250bc8-80ba-5891-b441-65b368b9b022,completed_in_time,52.23400000000038
b3-p3-adaptive,infra-smoke-4b56f6df-cdd6-50b9-9c16-baeb01600ab0,completed_in_time,52.28099999999995
b3-p3-adaptive,infra-smoke-7c9a587b-af95-5a06-b9f0-3d3557cd60ba,completed_in_time,52.29699999999957
b3-p3-adaptive,infra-smoke-7646d82e-dc99-5fca-b337-9ea0607f664a,completed_in_time,52.57800000000043
b3-p3-adaptive,infra-smoke-e151f0eb-0d33-52f3-b643-aad719cbaa06,completed_in_time,52.78099999999995
b3-p3-adaptive,infra-smoke-0e3c33ca-ade4-5f7c-95f0-fb18d6e2b726,completed_in_time,52.3130000000001
b3-p3-adaptive,infra-smoke-86ec5520-5291-5019-aa30-dfeb8bd297cc,completed_in_time,52.40599999999995
b3-p3-adaptive,infra-smoke-c3eb5c09-bc4c-513a-8c1e-51d9f0546cd6,completed_in_time,52.40599999999995
b3-p3-adaptive,infra-smoke-4141cfc9-b503-50fa-966c-669efbb1fadd,completed_in_time,52.40700000000015
b3-p3-adaptive,infra-smoke-a5676a69-342e-521b-ab00-fb3f0cb348bc,completed_in_time,52.79699999999957
b3-p3-adaptive,infra-smoke-911b1013-a2a1-5392-b50f-2fc29de1ec74,completed_in_time,52.98399999999947
b3-p3-adaptive,infra-smoke-8139dd57-4c4a-5d3f-b1e0-090645e3827e,completed_in_time,52.89100000000053
b3-p3-adaptive,infra-smoke-10aca846-d496-5994-9afd-1a7e0d69849a,completed_in_time,52.6869999999999
b3-p3-adaptive,infra-smoke-055870f7-91c9-54f3-bb3c-84b59c2d8db0,completed_in_time,53.125
b3-p3-adaptive,infra-smoke-74d8a5a2-3701-5793-8696-93d6a6a38930,completed_in_time,52.09400000000005
b3-p3-adaptive,infra-smoke-8297a446-63a0-5c9e-bc49-ba365169ad87,completed_in_time,52.96900000000005
b3-p3-adaptive,infra-smoke-ca9ccade-3902-53e4-8917-2137115880d2,completed_in_time,52.70299999999952
b3-p3-adaptive,infra-smoke-d29cb254-5509-5a15-b9bd-271c47ad624c,completed_in_time,53.10900000000038
b3-p3-adaptive,infra-smoke-2976d652-4350-511a-b075-2f61d02a85fe,completed_in_time,52.84400000000005
b3-p3-adaptive,infra-smoke-1d77aea6-4998-5d28-8cd1-b2b8250264fa,completed_in_time,53.10999999999967
b3-p3-adaptive,infra-smoke-23e87118-cf5f-548a-a9ca-ab729f87b5cb,completed_in_time,53.8119999999999
b3-p3-adaptive,infra-smoke-f6d74091-d6d8-5bfe-b69d-78538a663272,completed_in_time,53.17200000000048
b3-p3-adaptive,infra-smoke-5971b4b0-c8c8-5284-9ef0-fd7adeae59bf,completed_in_time,53.20299999999952
b3-p3-adaptive,infra-smoke-691964a6-d58b-5917-aa2f-8da6682b828f,completed_in_time,53.17199999999957
b3-p3-adaptive,infra-smoke-e606d12f-1787-52e9-96e4-3b52ddd70e67,completed_in_time,53.375
b3-p3-adaptive,infra-smoke-a41c8b19-a4e9-5611-904d-9586b14c38a0,completed_in_time,53.4380000000001
b3-p3-adaptive,infra-smoke-f79d7c99-dd67-5171-93d0-9a34d52370b7,completed_in_time,53.40700000000015
b3-p3-adaptive,infra-smoke-bbc3aba2-b972-5d03-b72a-00526a3b0d96,completed_in_time,53.73499999999967
b3-p3-adaptive,infra-smoke-3f50788a-6b63-54e7-ba35-cb0ac8e22c3c,completed_in_time,53.42200000000048
b3-p3-adaptive,infra-smoke-4c06bae8-3619-5941-b3a5-eec1d83cd255,completed_in_time,53.76599999999962
b3-p3-adaptive,infra-smoke-604efb60-3ca3-58d6-b071-2d2efbf51fe0,completed_in_time,53.60899999999947
b3-p3-adaptive,infra-smoke-72f18f01-5530-50cb-a109-e193c7cce5b5,completed_in_time,53.5
b3-p3-adaptive,infra-smoke-cb8da6cb-ef86-5535-87e9-cadc3cdd920a,completed_in_time,53.46900000000005
b3-p3-adaptive,infra-smoke-46c28151-3e2b-5080-b20b-c66fc1ccce38,completed_in_time,53.42200000000048
b3-p3-adaptive,infra-smoke-cca88647-5c4e-571d-b38f-656e114afeea,completed_in_time,53.79699999999957
b3-p3-adaptive,infra-smoke-2661695c-51ae-57cf-86a2-0e2a2b431815,completed_in_time,53.57799999999952
b3-p3-adaptive,infra-smoke-10b2a998-1893-5087-abee-2225b70808d4,completed_in_time,53.46900000000005
b3-p3-adaptive,infra-smoke-67c17960-90e6-5f97-b764-7015445dd8a2,completed_in_time,52.92199999999957
b3-p3-adaptive,infra-smoke-7b47a322-ec41-511a-b0df-ec2f5cae138b,completed_in_time,54.14099999999962
b3-p3-adaptive,infra-smoke-b0eae264-e3da-5a87-9cde-cc05813562b4,completed_in_time,53.10900000000038
b3-p3-adaptive,infra-smoke-94095c4c-53c9-50c6-a7b8-47112016fa64,completed_in_time,53.38999999999942
b3-p3-adaptive,infra-smoke-7b466c94-ee5e-55bc-8c61-4482d4f8b5bf,completed_in_time,53.29699999999957
b3-p3-adaptive,infra-smoke-fd34b0ff-7237-5df1-97ab-f5e8f4719969,completed_in_time,53.76600000000053
b3-p3-adaptive,infra-smoke-696a03f0-6ae9-510a-ab5a-00680f27db7f,completed_in_time,53.3130000000001
b3-p3-adaptive,infra-smoke-e280ec90-7b4d-5813-885e-7c81787ca9a7,completed_in_time,54.09400000000005
b3-p3-adaptive,infra-smoke-06915a63-a445-5664-9298-682db75e8e99,completed_in_time,53.8119999999999
b3-p3-adaptive,infra-smoke-15a17b05-8758-53e7-97bf-7191849c8802,completed_in_time,53.67199999999957
b3-p3-adaptive,infra-smoke-3e583805-d3be-5c04-9374-7983dafea301,completed_in_time,54.0630000000001
b3-p3-adaptive,infra-smoke-456f2fa3-0d14-5344-a1e4-9d069109ba3e,completed_in_time,53.71900000000005
b3-p3-adaptive,infra-smoke-5902026a-509b-5e85-a452-0d21526bd10f,completed_in_time,52.1880000000001
b3-p3-adaptive,infra-smoke-171b1fc5-8728-5c27-821f-76e9ceb4cb07,completed_in_time,53.57899999999972
b3-p3-adaptive,infra-smoke-a8607aad-d91a-5868-bb8a-017fe5133d33,completed_in_time,53.53099999999995
b3-p3-adaptive,infra-smoke-795ad6b5-65ff-5f1d-a3d5-a5bff6c50c89,completed_in_time,53.70299999999952
b3-p3-adaptive,infra-smoke-05037a9b-52d6-55ee-a058-d341c40c25a0,completed_in_time,53.78099999999995
b3-p3-adaptive,infra-smoke-fea17028-07fa-58f2-ac92-01bf3b21d1f7,completed_in_time,53.6880000000001
b3-p3-adaptive,infra-smoke-aab945b0-8a74-5c98-818a-5abb09a61e8c,completed_in_time,52.90599999999995
b3-p3-adaptive,infra-smoke-ba344109-0985-50db-bcc6-e1465f75d0a3,completed_in_time,53.78099999999995
b3-p3-adaptive,infra-smoke-c3c31417-a51f-5550-b94b-f96b4bb1021c,completed_in_time,53.79700000000048
b3-p3-adaptive,infra-smoke-5876eb73-c504-55cd-bbdb-4cfa7339057a,completed_in_time,53.79699999999957
b3-p3-adaptive,infra-smoke-74dcc0fa-d957-5af2-80d0-31352f4d8988,completed_in_time,53.39099999999962
b3-p3-adaptive,infra-smoke-46d6d437-6749-5295-9869-0afc4568603c,completed_in_time,53.82799999999952
b3-p3-adaptive,infra-smoke-fb3e13b0-fc4d-5eea-a19e-e52fb6fc0369,completed_in_time,53.78200000000015
b3-p3-adaptive,infra-smoke-f0ccc707-2e38-5986-a097-ed3d3f4cb5b9,completed_in_time,53.6880000000001
b3-p3-adaptive,infra-smoke-e242bd63-69dd-5b10-9128-0d8a0ec0b446,completed_in_time,53.90599999999995
b3-p3-adaptive,infra-smoke-9cfa0ec0-a3b5-553e-8370-7b5b5dda921e,completed_in_time,54.20300000000043
b3-p3-adaptive,infra-smoke-e2b58005-1dd2-5c53-ac2b-1416855612b5,completed_in_time,54.59400000000005
b3-p3-adaptive,infra-smoke-ae394256-79de-58c6-918c-dfe581c97e5a,completed_in_time,53.28099999999995
b3-p3-adaptive,infra-smoke-15f5e638-acd1-5aa3-a58e-7261aa0fcbaf,completed_in_time,54.09400000000005
b3-p3-adaptive,infra-smoke-c2a0b0c5-aa5c-556c-b9e8-d8f9257e73e9,completed_in_time,54.10899999999947
b3-p3-adaptive,infra-smoke-cf5e7b76-36dd-5352-af7e-a25c6e200c00,completed_in_time,54.89099999999962
b3-p3-adaptive,infra-smoke-d9e3de54-b5b4-5040-838a-a9c9cd353744,completed_in_time,54.07800000000043
b3-p3-adaptive,infra-smoke-3e548983-a161-5eb9-b9f0-4569af0b445b,completed_in_time,54.1880000000001
b3-p3-adaptive,infra-smoke-9477228b-621b-5aec-9cbc-357032f8eed9,completed_in_time,54.15700000000015
b3-p3-adaptive,infra-smoke-49a49068-a3da-5b49-a348-9b3c3c39dde3,completed_in_time,54.39099999999962
b3-p3-adaptive,infra-smoke-3554723e-1509-5c9a-8546-079ee4278c3d,completed_in_time,54.60900000000038
b3-p3-adaptive,infra-smoke-a8881d5a-1f4a-52a7-8eb7-a88d0b37470a,completed_in_time,54.17199999999957
b3-p3-adaptive,infra-smoke-68314bea-ce64-59a5-9946-9ffe5217ab56,completed_in_time,54.1880000000001
b3-p3-adaptive,infra-smoke-bea322f7-f352-5496-8aad-41f2093e6393,completed_in_time,54.63999999999942
b3-p3-adaptive,infra-smoke-d7702d00-e439-5dff-84fc-a88e44d18a81,completed_in_time,54.60899999999947
b3-p3-adaptive,infra-smoke-80199ec8-87b0-5f30-8922-48b750ee61ff,completed_in_time,54.5
b3-p3-adaptive,infra-smoke-ae7ff771-b93d-5a1d-9cf0-81f1045ca7ae,completed_in_time,53.82799999999952
b3-p3-adaptive,infra-smoke-f5d3e3e4-c7d7-5cc5-8572-e099d044dd29,completed_in_time,54.0
b3-p3-adaptive,infra-smoke-3b8e4af3-406d-5cfa-97a4-48967a6fedf2,completed_in_time,55.0
b3-p3-adaptive,infra-smoke-0eaed7fc-bde4-5201-8744-8f7ba6c8d00d,completed_in_time,55.09400000000005
b3-p3-adaptive,infra-smoke-ac0b58c2-125f-5557-9c53-02a5be990d25,completed_in_time,55.20299999999952
b3-p3-adaptive,infra-smoke-59ea51dd-c0d5-5f5b-8284-5641b252db97,completed_in_time,54.79700000000048
b3-p3-adaptive,infra-smoke-717d459b-02d8-518c-bd7b-13791918a978,completed_in_time,54.71900000000005
b3-p3-adaptive,infra-smoke-35a5e1aa-0c2c-5d7e-be56-68a5d162eaa7,completed_in_time,54.70299999999952
b3-p3-adaptive,infra-smoke-42f90c84-9005-5be7-87d6-1192b67c2c34,completed_in_time,54.82800000000043
b3-p3-adaptive,infra-smoke-8b9046df-6f9b-5f03-9103-00b9aff409d5,completed_in_time,55.53099999999995
b3-p3-adaptive,infra-smoke-c8cd932e-7840-5034-a218-cea9d17c9e75,completed_in_time,55.28099999999995
b3-p3-adaptive,infra-smoke-dd50aabf-6230-5f1b-a00c-6756addeae5b,completed_in_time,55.32799999999952
b3-p3-adaptive,infra-smoke-cbc492d6-477c-5a93-b722-bcfc95b60977,completed_in_time,55.21900000000005
b3-p3-adaptive,infra-smoke-46a2fef4-f3fb-56bd-9fc1-eab1449cb2b4,completed_in_time,55.20300000000043
b3-p3-adaptive,infra-smoke-03c6ed85-62a8-574a-a177-bf0ee129482e,completed_in_time,55.01599999999962
b3-p3-adaptive,infra-smoke-cf312f26-b485-503e-b846-8261eac7296b,completed_in_time,55.07799999999952
b3-p3-adaptive,infra-smoke-85a9bd00-801e-5734-aca1-84a7c1ae2f5e,completed_in_time,55.1869999999999
b3-p3-adaptive,infra-smoke-b606355e-28c9-5b5c-b5a9-042bad25ea72,completed_in_time,55.32800000000043
b3-p3-adaptive,infra-smoke-8c7827fd-a71b-52f4-a0bc-c972bce72321,completed_in_time,54.92200000000048
b3-p3-adaptive,infra-smoke-4d3cd616-5c49-5b22-a4af-09ae87823e6e,completed_in_time,55.38999999999942
b3-p3-adaptive,infra-smoke-04fb6524-4e48-5164-acf7-7314274e4964,completed_in_time,54.98400000000038
b3-p3-adaptive,infra-smoke-1a728bda-b108-52c5-b4b7-ab45c4f9fb12,completed_in_time,54.875
b3-p3-adaptive,infra-smoke-35bddbee-8006-519c-8c9a-cfaf3e78adc2,completed_in_time,55.39000000000033
b3-p3-adaptive,infra-smoke-ff57c8a0-908d-5313-8381-d6423311b841,completed_in_time,55.28099999999995
b3-p3-adaptive,infra-smoke-fffa97f1-e960-54d4-bcab-e250bd019f2f,completed_in_time,55.60899999999947
b3-p3-adaptive,infra-smoke-13643aed-a59f-5cd7-9a93-7137e2cad989,completed_in_time,55.59299999999985
b3-p3-adaptive,infra-smoke-736dafc6-c885-5507-93e3-e68fd8112b17,completed_in_time,55.39100000000053
b3-p3-adaptive,infra-smoke-987b65ac-767a-52bf-af97-c6003188c3de,completed_in_time,55.57800000000043
b3-p3-adaptive,infra-smoke-834ba70c-c83d-588f-9549-04ca9c4febe4,completed_in_time,55.78099999999995
b3-p3-adaptive,infra-smoke-02ec872f-338a-5840-ba6b-77fb531d8ec5,completed_in_time,55.48400000000038
b3-p3-adaptive,infra-smoke-85240f4e-45dd-5435-96ad-6d0d21c243a8,completed_in_time,55.39000000000033
b3-p3-adaptive,infra-smoke-51b75eb1-1ab5-532f-9845-d07085559e59,completed_in_time,55.51500000000033
b3-p3-adaptive,infra-smoke-09221b81-8f0f-5bbe-bdad-05c59364a5e0,completed_in_time,55.78099999999995
b3-p3-adaptive,infra-smoke-65f938a4-4e88-50c1-8cf6-823154ba7cd7,completed_in_time,55.57799999999952
b3-p3-adaptive,infra-smoke-8022972e-1a73-55da-8b92-4a13360081f4,completed_in_time,55.51499999999942
b3-p3-adaptive,infra-smoke-0117431a-3a31-555f-bf0b-ba20911bfe98,completed_in_time,54.70299999999952
b3-p3-adaptive,infra-smoke-db6bfd40-ef79-5c9b-bde5-7003eb4a0eff,completed_in_time,55.8130000000001
b3-p3-adaptive,infra-smoke-77181f6f-b008-546c-b69d-25bb99612872,completed_in_time,56.01500000000033
b3-p3-adaptive,infra-smoke-6374f19e-4bcb-5631-a4e0-fc88e9c54104,completed_in_time,55.60900000000038
b3-p3-adaptive,infra-smoke-363ce90b-f5c5-5eb3-ba21-6a5917203284,completed_in_time,55.46900000000005
b3-p3-adaptive,infra-smoke-eb9efeea-de31-506d-aaf7-7b2c95897a33,completed_in_time,56.0
b3-p3-adaptive,infra-smoke-693123f9-e19f-57ef-aeda-7a4c78d19624,completed_in_time,55.59299999999985
b3-p3-adaptive,infra-smoke-4fe1a726-e49f-5783-9306-6a9ed1bef87b,completed_in_time,56.59400000000005
b3-p3-adaptive,infra-smoke-c47359cd-b790-52f7-aa02-98ab0bb892d9,completed_in_time,56.51500000000033
b3-p3-adaptive,infra-smoke-d095b82a-521b-588c-84a3-695dcaa9c01a,completed_in_time,55.8130000000001
b3-p3-adaptive,infra-smoke-84f0f93a-77dd-5113-8bf4-373f3b3937e3,completed_in_time,55.875
b3-p3-adaptive,infra-smoke-16c3734e-bd47-5bac-bdf1-560780fdd7be,completed_in_time,55.59400000000005
b3-p3-adaptive,infra-smoke-c08f7535-e55c-578b-88bc-c469cda453ff,completed_in_time,56.04699999999957
b3-p3-adaptive,infra-smoke-d155b003-3153-5e5f-bb62-6c56d65232a8,completed_in_time,55.78099999999995
b3-p3-adaptive,infra-smoke-8d208970-eb70-5d15-ad56-f2f609afd984,completed_in_time,55.98400000000038
b3-p3-adaptive,infra-smoke-a72306f3-6be9-5255-b52d-fb7b08d83dd3,completed_in_time,55.875
b3-p3-adaptive,infra-smoke-edf4d8c8-5346-5920-8a42-1392d96f8a30,completed_in_time,56.40599999999995
b3-p3-adaptive,infra-smoke-59d43735-d410-5d07-9862-f125aec9bcd2,completed_in_time,56.3119999999999
b3-p3-adaptive,infra-smoke-7649a1bb-167c-573b-a501-e220162166d5,completed_in_time,56.29700000000048
b3-p3-adaptive,infra-smoke-af28c81a-2965-550b-8346-5e98265be2c1,completed_in_time,56.76500000000033
b3-p3-adaptive,infra-smoke-56d42309-aa22-5699-bfa1-26c468c769de,completed_in_time,56.40599999999995
b3-p3-adaptive,infra-smoke-2722838e-aa7d-54ff-b8be-0f4da7a093ac,completed_in_time,56.4380000000001
b3-p3-adaptive,infra-smoke-85b3cac3-1b84-5a0c-b0ce-24d0def023b3,completed_in_time,56.07799999999952
b3-p3-adaptive,infra-smoke-86e63152-8a72-534c-bb61-aba93e8e8967,completed_in_time,55.8130000000001
b3-p3-adaptive,infra-smoke-80ef024b-8f70-59f5-84c3-38f9376c74b9,completed_in_time,56.5630000000001
b3-p3-adaptive,infra-smoke-dcc430ea-ed6c-59cc-8a65-a7dd13d268eb,completed_in_time,56.6869999999999
b3-p3-adaptive,infra-smoke-9d811f8a-f5da-5c5e-b570-ade9c3edaafb,completed_in_time,56.09299999999985
b3-p3-adaptive,infra-smoke-aa87dd79-711c-59c9-999e-d91f58354d12,completed_in_time,56.42100000000028
b3-p3-adaptive,infra-smoke-5b0f289e-41ce-5789-be97-72789cefe8eb,completed_in_time,56.39100000000053
b3-p3-adaptive,infra-smoke-b0a93465-cf95-5c9e-bc44-e3b0203ad8ae,completed_in_time,56.82899999999972
b3-p3-adaptive,infra-smoke-67dc4eb9-d74d-5a3e-a056-5b77dce3cc5d,completed_in_time,56.79700000000048
b3-p3-adaptive,infra-smoke-17252446-e8a4-5fea-9aa1-75ee22418c0a,completed_in_time,56.40700000000015
b3-p3-adaptive,infra-smoke-fd92ee8e-3992-5e47-b4bc-5d0480814c66,completed_in_time,56.6880000000001
b3-p3-adaptive,infra-smoke-f3d904d6-92db-5235-b801-9b2001d754dd,completed_in_time,56.39100000000053
b3-p3-adaptive,infra-smoke-4dd99854-50bc-5045-97e8-5031372851f9,completed_in_time,56.60999999999967
b3-p3-adaptive,infra-smoke-67457d27-a05a-5d57-a8b6-d6c69daea1d2,completed_in_time,56.78099999999995
b3-p3-adaptive,infra-smoke-bcd4b194-f714-5fdb-bb41-d9ffd8410a63,completed_in_time,56.6869999999999
b3-p3-adaptive,infra-smoke-a9b108a9-1672-5e8e-8a15-605ae6053578,completed_in_time,56.10899999999947
b3-p3-adaptive,infra-smoke-f2a4b232-b0a2-5848-8482-263e3883eb78,completed_in_time,56.96900000000005
b3-p3-adaptive,infra-smoke-4dd2f6e1-8e13-5249-b297-88f194d491b8,completed_in_time,57.20300000000043
b3-p3-adaptive,infra-smoke-f3069232-633e-5849-b003-5e0f2b4caeba,completed_in_time,56.88999999999942
b3-p3-adaptive,infra-smoke-f5065e04-d54b-5a09-b0d0-89e6d3675f33,completed_in_time,56.96900000000005
b3-p3-adaptive,infra-smoke-7e797adf-c641-56a5-914c-712b014f205f,completed_in_time,56.90599999999995
b3-p3-adaptive,infra-smoke-73d0d5e6-48d7-5fdd-88dd-6224b369e736,completed_in_time,57.1880000000001
b3-p3-adaptive,infra-smoke-3cfe2fed-4744-58ed-8acf-6642ef3bcdf5,completed_in_time,56.875
b3-p3-adaptive,infra-smoke-d72021b7-e5ec-51de-b857-b4b53c58b513,completed_in_time,56.8130000000001
b3-p3-adaptive,infra-smoke-19e84188-acc9-5619-aa02-3f92396ee3cc,completed_in_time,56.90599999999995
b3-p3-adaptive,infra-smoke-c72b4cc3-5b84-5c3d-a971-dd364420ecb7,completed_in_time,56.59299999999985
b3-p3-adaptive,infra-smoke-2595e029-77e5-5204-8cdf-bf2a04bfd98e,completed_in_time,56.70299999999952
b3-p3-adaptive,infra-smoke-2accc5d1-b61a-5040-879a-7e734cb370c3,completed_in_time,57.1869999999999
b3-p3-adaptive,infra-smoke-e283366d-496f-58ae-ac88-9e4b5d90daea,completed_in_time,57.03200000000015
b3-p3-adaptive,infra-smoke-67956bc5-ce7b-5bf8-a0d8-6ea0aa810de0,completed_in_time,57.1880000000001
b3-p3-adaptive,infra-smoke-9cda9bf9-5bba-5187-a9fe-556aec13d23d,completed_in_time,56.84400000000005
b3-p3-adaptive,infra-smoke-bb88e73f-26cb-57ad-bafd-d7c5f6f96688,completed_in_time,57.59299999999985
b3-p3-adaptive,infra-smoke-3b1d6074-41f1-59c6-9d55-522d4020f66f,completed_in_time,56.90700000000015
b3-p3-adaptive,infra-smoke-fb2fd171-fa6e-57f1-9ee7-ccf66c263764,completed_in_time,57.1880000000001
b3-p3-adaptive,infra-smoke-2ba12e92-3abf-5ecf-bdba-9f58a16fbddc,completed_in_time,57.8130000000001
b3-p3-adaptive,infra-smoke-2522889a-9263-5233-be2a-ecf2cd42ae43,completed_in_time,57.14099999999962
b3-p3-adaptive,infra-smoke-8a96f5cc-0104-537e-bcbd-27ea781ad1dd,completed_in_time,57.17200000000048
b3-p3-adaptive,infra-smoke-23baab33-4fe1-5395-ac89-1e6c6af0b4c8,completed_in_time,57.60899999999947
b3-p3-adaptive,infra-smoke-c7f424a2-c7e6-5865-99fb-f8c09c7a0212,completed_in_time,57.07799999999952
b3-p3-adaptive,infra-smoke-c9717e1a-a18e-56a2-93ad-6cf3463d5b5e,completed_in_time,56.96900000000005
b3-p3-adaptive,infra-smoke-fef2584b-c745-59ac-a002-7da02281dab4,completed_in_time,57.3130000000001
b3-p3-adaptive,infra-smoke-8fc57b7f-5c5b-5555-a3da-90e9e461947a,completed_in_time,57.26500000000033
b3-p3-adaptive,infra-smoke-1deed1ee-8c5e-5669-89cf-f115f3577809,completed_in_time,57.10899999999947
b3-p3-adaptive,infra-smoke-3e430292-3182-5693-9afc-33f12b63b0d1,completed_in_time,57.76600000000053
b3-p3-adaptive,infra-smoke-304a1737-9d61-5922-819e-8153664f5df0,completed_in_time,57.4380000000001
b3-p3-adaptive,infra-smoke-7121adfd-e851-54c3-b22c-b938ecdb854f,completed_in_time,57.70399999999972
b3-p3-adaptive,infra-smoke-323603fc-e8ba-50e5-8271-c217a8b321b7,completed_in_time,57.5
b3-p3-adaptive,infra-smoke-d9aebe28-da73-5ab3-8610-98f18e69bbff,completed_in_time,57.67200000000048
b3-p3-adaptive,infra-smoke-2f36db23-82d0-5d31-8fc2-503852056a3b,completed_in_time,57.90599999999995
b3-p3-adaptive,infra-smoke-b6eaf034-be64-50d2-afab-7bb1cbed206e,completed_in_time,57.59400000000005
b3-p3-adaptive,infra-smoke-9c96509c-b3c9-538f-b561-47b41d29bdc9,completed_in_time,57.96900000000005
b3-p3-adaptive,infra-smoke-f3f62d55-7647-5cca-89b7-efe06ce4a57a,completed_in_time,57.79700000000048
b3-p3-adaptive,infra-smoke-886ec33d-5489-51c2-b74a-72c9c36b484f,completed_in_time,57.82899999999972
b3-p3-adaptive,infra-smoke-eb4eae95-4d0f-5671-9beb-8b15e60277f2,completed_in_time,58.0619999999999
b3-p3-adaptive,infra-smoke-0be49a48-7552-52e1-93be-f7c32fd4064c,completed_in_time,58.10899999999947
b3-p3-adaptive,infra-smoke-c34dca56-27ee-5fdb-a62e-add57b75dc4a,completed_in_time,57.625
b3-p3-adaptive,infra-smoke-e33ad232-ac9b-5c06-b0f2-8a6b0ac20591,completed_in_time,57.57800000000043
b3-p3-adaptive,infra-smoke-42b5c018-6c6e-5bae-b2a3-56b76bfdf13e,completed_in_time,57.90599999999995
b3-p3-adaptive,infra-smoke-c5deaccb-4e22-5a96-9b84-8e8f12e6c687,completed_in_time,57.60899999999947
b3-p3-adaptive,infra-smoke-e3eb5781-7b4d-5bc9-a3c6-1acad3ff230a,completed_in_time,57.71900000000005
b3-p3-adaptive,infra-smoke-3aab1de6-1103-5d68-8c65-3c6260e157a1,completed_in_time,57.8130000000001
b3-p3-adaptive,infra-smoke-f45e8f90-032c-5f3f-b0c3-8e4d917f84a2,completed_in_time,58.0
b3-p3-adaptive,infra-smoke-c149e0c8-056e-5c45-baa1-044fe7daba6f,completed_in_time,56.90700000000015
b3-p3-adaptive,infra-smoke-1fefa62b-109b-5127-b635-002afc7290fc,completed_in_time,57.90599999999995
b3-p3-adaptive,infra-smoke-8698e34e-bb8d-5dbc-839f-15fbb2c0c8ae,completed_in_time,58.10999999999967
b3-p3-adaptive,infra-smoke-408f8366-35ca-5eed-a869-a5f0f194ac45,completed_in_time,57.89100000000053
b3-p3-adaptive,infra-smoke-6c8b2cf4-ae59-506b-9f0b-6d3479268c03,completed_in_time,58.26600000000053
b3-p3-adaptive,infra-smoke-e25ad7e3-2e99-5881-ad4d-0629f1b224ce,completed_in_time,58.0630000000001
b3-p3-adaptive,infra-smoke-d44852a5-909d-568e-8d17-79acdaddd665,completed_in_time,57.98499999999967
b3-p3-adaptive,infra-smoke-2731fbdc-a283-524e-b1c6-ce2c677f5104,completed_in_time,58.0
b3-p3-adaptive,infra-smoke-e1979a85-5ae7-576e-8576-8cf0b80359f6,completed_in_time,57.79699999999957
b3-p3-adaptive,infra-smoke-4ee49b48-033a-56f9-9648-d9c20c89c3be,completed_in_time,57.76599999999962
b3-p3-adaptive,infra-smoke-58ce72f1-97e3-5b42-9e3d-6dc0c86736ee,completed_in_time,57.71900000000005
b3-p3-adaptive,infra-smoke-f213b073-d195-522a-b36b-d84bc467b4ff,completed_in_time,57.78099999999995
b3-p3-adaptive,infra-smoke-0b4f9c58-a17a-51a4-8824-d513ded4bcc3,completed_in_time,57.76599999999962
b3-p3-adaptive,infra-smoke-b9a66274-0cce-5828-89a9-97826a944cf4,completed_in_time,57.28099999999995
b3-p3-adaptive,infra-smoke-7e1bc64e-741a-526d-b77c-2fa6122b0547,completed_in_time,57.40599999999995
b3-p3-adaptive,infra-smoke-e9d0b7fd-1b34-56a8-9ae7-f660da5be13c,completed_in_time,57.90599999999995
b3-p3-adaptive,infra-smoke-1715a009-5b68-5fb2-bde9-496adcd472bb,completed_in_time,57.875
b3-p3-adaptive,infra-smoke-c8b776eb-2c9b-5d8c-8f6b-a0b6269e5d41,completed_in_time,57.40599999999995
b3-p3-adaptive,infra-smoke-6288de4b-6b4c-59dc-a3af-c7778789f400,completed_in_time,58.125
b3-p3-adaptive,infra-smoke-8ea6b481-eb42-5386-b1d7-8a5d109d5eb4,completed_in_time,58.125
b3-p3-adaptive,infra-smoke-fa1c799e-2939-56bb-b196-0f3efd8bc81a,completed_in_time,58.21799999999985
b3-p3-adaptive,infra-smoke-8f27a624-ce78-5d57-9632-2cd3c318ab1b,completed_in_time,58.09400000000005
b3-p3-adaptive,infra-smoke-b6a29a86-6f77-58f0-949e-c51ebe5f5967,completed_in_time,58.57800000000043
b3-p3-adaptive,infra-smoke-af667fef-3c28-57f4-97b9-403c4ea18170,completed_in_time,58.25
b3-p3-adaptive,infra-smoke-0e668e1d-4b23-50b4-83c5-df7eaf342fdb,completed_in_time,57.29699999999957
b3-p3-adaptive,infra-smoke-c67222e4-ced8-585b-8cef-a71841297031,completed_in_time,58.07800000000043
b3-p3-adaptive,infra-smoke-879c4fd1-5be4-569b-b92c-d3f4e403cc15,completed_in_time,58.09299999999985
b3-p3-adaptive,infra-smoke-9518f82e-0f9a-5ef7-90d5-82d3a6afdb14,completed_in_time,57.89000000000033
b3-p3-adaptive,infra-smoke-ba01caae-289a-5553-b939-b2e704c1e948,completed_in_time,57.79699999999957
b3-p3-adaptive,infra-smoke-05205937-2980-56c0-8930-fe57ffdd0ce8,completed_in_time,58.21799999999985
b3-p3-adaptive,infra-smoke-82257a20-5992-54c0-a788-8afb243e7eea,completed_in_time,58.45300000000043
b3-p3-adaptive,infra-smoke-654efa95-6f7c-5907-bd07-8d4a1f3326c1,completed_in_time,58.39099999999962
b3-p3-adaptive,infra-smoke-5d9572fd-a26f-5bed-be14-c5effefb41d0,completed_in_time,57.67199999999957
b3-p3-adaptive,infra-smoke-dd8f68df-6d5b-57da-873a-f8e9467f9250,completed_in_time,58.64100000000053
b3-p3-adaptive,infra-smoke-3d1fa0b8-71f0-5392-911b-b6cd296c157e,completed_in_time,59.21900000000005
b3-p3-adaptive,infra-smoke-559921ed-d236-54ee-be72-152084677eef,completed_in_time,58.85899999999947
b3-p3-adaptive,infra-smoke-9963a93e-385b-5cf5-a7a6-7231d6dc1d39,completed_in_time,58.5
b3-p3-adaptive,infra-smoke-4f885312-165f-5530-b73c-af41de4e39bd,completed_in_time,58.96900000000005
b3-p3-adaptive,infra-smoke-e94b778f-4be4-5a8f-ac56-c4fecf6da872,completed_in_time,59.20300000000043
b3-p3-adaptive,infra-smoke-2bcf375a-2793-5f8e-ad25-4abff0f71588,completed_in_time,59.20300000000043
b3-p3-adaptive,infra-smoke-9d965d93-2f50-51be-84b8-8e8d29d36142,completed_in_time,59.03200000000015
b3-p3-adaptive,infra-smoke-ff160ec3-d3d8-5118-bf74-df6ba530c9d0,completed_in_time,59.5
b3-p3-adaptive,infra-smoke-154c7ef3-c11b-580d-8a3d-40fbafe46ae3,completed_in_time,58.9380000000001
b3-p3-adaptive,infra-smoke-94f3c6bb-8f06-5072-97c2-757de9d65043,completed_in_time,58.8119999999999
b3-p3-adaptive,infra-smoke-87c35385-28fe-5a48-aafa-4827d2f1fdb8,completed_in_time,58.90599999999995
b3-p3-adaptive,infra-smoke-00f67b43-e26a-56de-a13c-a28eff0dc50c,completed_in_time,59.375
b3-p3-adaptive,infra-smoke-6c20f803-7820-5a8c-8c4c-5441e7aeac37,completed_in_time,59.01599999999962
b3-p3-adaptive,infra-smoke-aa60969d-ddb5-55f8-8e09-2a44e88631c9,completed_in_time,59.625
b3-p3-adaptive,infra-smoke-9dbf7693-395a-508f-a377-2ff70331ef9a,completed_in_time,58.6869999999999
b3-p3-adaptive,infra-smoke-74628ae8-856c-5fa2-8acb-e1c5cdc67829,completed_in_time,58.4380000000001
b3-p3-adaptive,infra-smoke-3f9b5708-2f6f-5c7c-aad6-2f8267c3e4d8,completed_in_time,58.42199999999957
b3-p3-adaptive,infra-smoke-e4942b14-a401-5bc6-b0a3-3b1d4133917d,completed_in_time,58.1869999999999
b3-p3-adaptive,infra-smoke-6144c88f-bd3d-51c1-8327-58e0b5302419,completed_in_time,57.39100000000053
b3-p3-adaptive,infra-smoke-8ed402b1-af5d-5607-aec1-4d3adc0ed67e,completed_in_time,56.89099999999962
b3-p3-adaptive,infra-smoke-96c6e321-d8d2-5a35-ae33-42cdf6b4dd5d,completed_in_time,56.4380000000001
b3-p3-adaptive,infra-smoke-150b99e9-456c-51c2-a19e-ffc4b6b50734,completed_in_time,56.26599999999962
b3-p3-adaptive,infra-smoke-ff3baa7c-5dc4-521b-8526-312adf9264c0,completed_in_time,55.70300000000043
b3-p3-adaptive,infra-smoke-54b32485-76ac-5e7a-8d5f-0e442a346e0e,completed_in_time,55.51499999999942
b3-p3-adaptive,infra-smoke-b52c96ec-17bb-5f75-a55c-1aabae2bf455,completed_in_time,55.0
b3-p3-adaptive,infra-smoke-cb1363b9-84c9-5a20-b65c-f04764366e4e,completed_in_time,54.5
b3-p3-adaptive,infra-smoke-95f3b8e6-65cc-550f-97e2-098658e136af,completed_in_time,53.98499999999967
b3-p3-adaptive,infra-smoke-ac0e035c-9f89-5819-bbdf-1b716c1d8d05,completed_in_time,53.70300000000043
b3-p3-adaptive,infra-smoke-d8b8672e-095e-58d7-9a70-98619150f3d1,completed_in_time,53.10899999999947
b3-p3-adaptive,infra-smoke-76a97279-7476-5b48-ae5e-b315238fb783,completed_in_time,52.76599999999962
b3-p3-adaptive,infra-smoke-82fdc540-7a3c-5931-a0ef-c7db71dd9d86,completed_in_time,52.32800000000043
b3-p3-adaptive,infra-smoke-4e1d640d-9a77-52ae-b25c-38cf4e7e12b8,completed_in_time,52.03099999999995
b3-p3-adaptive,infra-smoke-479c426d-3990-564c-8f09-77fcf6703ea7,completed_in_time,51.625
b3-p3-adaptive,infra-smoke-69f014b5-6269-5b3b-9d81-a907432612f3,completed_in_time,51.20300000000043
b3-p3-adaptive,infra-smoke-d586098a-b583-54fe-968d-95bb9f2c4409,completed_in_time,50.79700000000048
b3-p3-adaptive,infra-smoke-749fe7cb-e2e1-5136-8304-e6f46cc1fdbf,completed_in_time,50.21900000000005
b3-p3-adaptive,infra-smoke-d2f850bc-be10-52bb-aef1-99190907f53c,completed_in_time,49.79700000000048
b3-p3-adaptive,infra-smoke-a0c1a1a6-a8b9-5a65-b67f-dd3c7339e9e9,completed_in_time,49.29700000000048
b3-p3-adaptive,infra-smoke-406e7790-d262-5e07-9764-ca774f720c48,completed_in_time,48.78099999999995
b3-p3-adaptive,infra-smoke-3542d90c-01a2-5486-8a71-44efe673826b,completed_in_time,48.21900000000005
b3-p3-adaptive,infra-smoke-8556e176-a533-56f0-83a1-842ec9a60fcf,completed_in_time,47.73400000000038
b3-p3-adaptive,infra-smoke-8379c9ab-9ce3-5413-97b1-71e694d0114e,completed_in_time,47.51600000000053
b3-p3-adaptive,infra-smoke-79f52c28-80c7-58e0-a1f0-e0f48c3b46e4,completed_in_time,46.71799999999985
